ffmpeg started on 2026-07-09 at 03:36:25
Report written to "ffmpeg-20260709-033625.log"
Log level: 48
Command line:
ffmpeg -i https://jmp2.uk/plu-6320ddef274b1b0007b2ee88.m3u8 -t 7 -f null -
ffmpeg version 6.1.1-3ubuntu5 Copyright (c) 2000-2023 the FFmpeg developers
  built with gcc 13 (Ubuntu 13.2.0-23ubuntu3)
  configuration: --prefix=/usr --extra-version=3ubuntu5 --toolchain=hardened --libdir=/usr/lib/x86_64-linux-gnu --incdir=/usr/include/x86_64-linux-gnu --arch=amd64 --enable-gpl --disable-stripping --disable-omx --enable-gnutls --enable-libaom --enable-libass --enable-libbs2b --enable-libcaca --enable-libcdio --enable-libcodec2 --enable-libdav1d --enable-libflite --enable-libfontconfig --enable-libfreetype --enable-libfribidi --enable-libglslang --enable-libgme --enable-libgsm --enable-libharfbuzz --enable-libmp3lame --enable-libmysofa --enable-libopenjpeg --enable-libopenmpt --enable-libopus --enable-librubberband --enable-libshine --enable-libsnappy --enable-libsoxr --enable-libspeex --enable-libtheora --enable-libtwolame --enable-libvidstab --enable-libvorbis --enable-libvpx --enable-libwebp --enable-libx265 --enable-libxml2 --enable-libxvid --enable-libzimg --enable-openal --enable-opencl --enable-opengl --disable-sndio --enable-libvpl --disable-libmfx --enable-libdc1394 --enable-libdrm --enable-libiec618  libavutil      58. 29.100 / 58. 29.100
  libavcodec     60. 31.102 / 60. 31.102
  libavformat    60. 16.100 / 60. 16.100
  libavdevice    60.  3.100 / 60.  3.100
  libavfilter     9. 12.100 /  9. 12.100
  libswscale      7.  5.100 /  7.  5.100
  libswresample   4. 12.100 /  4. 12.100
  libpostproc    57.  3.100 / 57.  3.100
Splitting the commandline.
Reading option '-i' ... matched as output url with argument 'https://jmp2.uk/plu-6320ddef274b1b0007b2ee88.m3u8'.
Reading option '-t' ... matched as option 't' (record or transcode "duration" seconds of audio/video) with argument '7'.
Reading option '-f' ... matched as option 'f' (force format) with argument 'null'.
Reading option '-' ... matched as output url.
Finished splitting the commandline.
Parsing a group of options: global .
Successfully parsed a group of options.
Parsing a group of options: input url https://jmp2.uk/plu-6320ddef274b1b0007b2ee88.m3u8.
Successfully parsed a group of options.
Opening an input file: https://jmp2.uk/plu-6320ddef274b1b0007b2ee88.m3u8.
[AVFormatContext @ 0x55c9f9485e80] Opening 'https://jmp2.uk/plu-6320ddef274b1b0007b2ee88.m3u8' for reading
[https @ 0x55c9f94864c0] Setting default whitelist 'http,https,tls,rtp,tcp,udp,crypto,httpproxy'
[tcp @ 0x55c9f94890c0] Original list of addresses:
[tcp @ 0x55c9f94890c0] Address 172.67.169.110 port 443
[tcp @ 0x55c9f94890c0] Address 104.21.63.33 port 443
[tcp @ 0x55c9f94890c0] Address 2606:4700:3033::ac43:a96e port 443
[tcp @ 0x55c9f94890c0] Address 2606:4700:3031::6815:3f21 port 443
[tcp @ 0x55c9f94890c0] Interleaved list of addresses:
[tcp @ 0x55c9f94890c0] Address 172.67.169.110 port 443
[tcp @ 0x55c9f94890c0] Address 2606:4700:3033::ac43:a96e port 443
[tcp @ 0x55c9f94890c0] Address 104.21.63.33 port 443
[tcp @ 0x55c9f94890c0] Address 2606:4700:3031::6815:3f21 port 443
[tcp @ 0x55c9f94890c0] Starting connection attempt to 172.67.169.110 port 443
[tcp @ 0x55c9f94890c0] Successfully connected to 172.67.169.110 port 443
[https @ 0x55c9f94864c0] request: GET /plu-6320ddef274b1b0007b2ee88.m3u8 HTTP/1.1
User-Agent: Lavf/60.16.100
Accept: */*
Range: bytes=0-
Connection: close
Host: jmp2.uk
Icy-MetaData: 1


[tcp @ 0x55c9f9490f40] Original list of addresses:
[tcp @ 0x55c9f9490f40] Address 3.161.242.37 port 443
[tcp @ 0x55c9f9490f40] Address 3.161.242.51 port 443
[tcp @ 0x55c9f9490f40] Address 3.161.242.59 port 443
[tcp @ 0x55c9f9490f40] Address 3.161.242.10 port 443
[tcp @ 0x55c9f9490f40] Interleaved list of addresses:
[tcp @ 0x55c9f9490f40] Address 3.161.242.37 port 443
[tcp @ 0x55c9f9490f40] Address 3.161.242.51 port 443
[tcp @ 0x55c9f9490f40] Address 3.161.242.59 port 443
[tcp @ 0x55c9f9490f40] Address 3.161.242.10 port 443
[tcp @ 0x55c9f9490f40] Starting connection attempt to 3.161.242.37 port 443
[tcp @ 0x55c9f9490f40] Successfully connected to 3.161.242.37 port 443
[https @ 0x55c9f94864c0] request: GET /v2/stitch/embed/hls/channel/6320ddef274b1b0007b2ee88/master.m3u8?deviceType=samsung-tvplus&deviceMake=samsung&deviceModel=samsung&deviceVersion=unknown&appVersion=unknown&deviceLat=0&deviceLon=0&deviceDNT=%7BTARGETOPT%7D&deviceId=%7BPSID%7D&advertisingId=%7BPSID%7D&us_privacy=1YNY&samsung_app_domain=%7BAPP_DOMAIN%7D&samsung_app_name=%7BAPP_NAME%7D&profileLimit=&profileFloor=&embedPartner=samsung-tvplus&masterJWTPassthrough=1&authToken=eyJhbGciOiJIUzI1NiIsImtpZCI6IjEyZDA1MTM0LWI0NzgtNDlkNy1iYjUzLTkxNDYxMmNlMzI4NyIsInR5cCI6IkpXVCJ9.eyJwYXJ0bmVyIjoic2Ftc3VuZ3R2cGx1cyIsImZlYXR1cmVzIjp7Im11bHRpUG9kQWRzIjp7ImNvaG9ydCI6IiIsImVuYWJsZWQiOnRydWV9LCJzdGl0Y2hlckhsc05nIjp7ImRlbXV4ZWRBdWRpbyI6ImppdCJ9LCJzdGl0Y2hlclBhcnRuZXJTaG93U2xhdGUiOnsiZW5hYmxlZCI6dHJ1ZX19LCJpc3MiOiJzZXJ2aWNlLXBhcnRuZXItYXV0aC5wbHV0by50diIsInN1YiI6InByaTp2MTpwbHV0bzpkZXZpY2VzOmMyRnRjM1Z1WjNSMmNHeDFjdz09IiwiYXVkIjoiKi5wbHV0by50diIsImV4cCI6MTc4MzYxODA0OSwiaWF0IjoxNzgzNTMxNjQ5LCJqdGkiOiIyZTY3NWEzMS1iYTEyLTQ3ZjYtOGJjmime type is not rfc8216 compliant
[hls @ 0x55c9f9485e80] Format hls probed with size=2048 and score=100
[hls @ 0x55c9f9485e80] Can't support the subtitle(uri: subtitle/es/playlist.m3u8?terminate=false&sid=SAMSUNG-TVPLUS-18367c68-ef60-47d7-ac3c-27052456e204&deviceDNT=0&deviceLat=0&deviceLon=0&deviceModel=samsung&deviceVersion=unknown&embedPartner=samsung-tvplus&samsung_app_domain=https%3A%2F%2Fwww.samsung.com%2Fus%2Fappstore%2Fapp.do%3FappId%3DG15147002586&samsung_app_name=Samsung%20TV%20Plus&serverSideAds=true&appName=samsungtvplus&deviceId=f514d688-a671-46d3-bd89-8055615c1c60&appVersion=unknown&deviceType=samsung-tvplus&deviceMake=samsung&includeDeviceUA=true&authToken=eyJhbGciOiJIUzI1NiIsImtpZCI6IjEyZDA1MTM0LWI0NzgtNDlkNy1iYjUzLTkxNDYxMmNlMzI4NyIsInR5cCI6IkpXVCJ9.eyJwYXJ0bmVyIjoic2Ftc3VuZ3R2cGx1cyIsImZlYXR1cmVzIjp7Im11bHRpUG9kQWRzIjp7ImNvaG9ydCI6IiIsImVuYWJsZWQiOnRydWV9LCJzdGl0Y2hlckhsc05nIjp7ImRlbXV4ZWRBdWRpbyI6ImppdCJ9LCJzdGl0Y2hlclBhcnRuZXJTaG93U2xhdGUiOnsiZW5hYmxlZCI6dHJ1ZX19LCJpc3MiOiJzZXJ2aWNlLXBhcnRuZXItYXV0aC5wbHV0by50diIsInN1YiI6InByaTp2MTpwbHV0bzpkZXZpY2VzOmMyRnRjM1Z1WjNSMmNHeDFjdz09IiwiYXVkIjoiKi5[hls @ 0x55c9f9485e80] Opening 'https://stitcher-ipv4.pluto.tv/v2/stitch/embed/hls/channel/6320ddef274b1b0007b2ee88/1539795/playlist.m3u8?terminate=false&sid=SAMSUNG-TVPLUS-18367c68-ef60-47d7-ac3c-27052456e204&deviceDNT=0&deviceLat=0&deviceLon=0&deviceModel=samsung&deviceVersion=unknown&embedPartner=samsung-tvplus&samsung_app_domain=https%3A%2F%2Fwww.samsung.com%2Fus%2Fappstore%2Fapp.do%3FappId%3DG15147002586&samsung_app_name=Samsung%20TV%20Plus&serverSideAds=true&appName=samsungtvplus&deviceId=f514d688-a671-46d3-bd89-8055615c1c60&appVersion=unknown&deviceType=samsung-tvplus&deviceMake=samsung&includeDeviceUA=true&authToken=eyJhbGciOiJIUzI1NiIsImtpZCI6IjEyZDA1MTM0LWI0NzgtNDlkNy1iYjUzLTkxNDYxMmNlMzI4NyIsInR5cCI6IkpXVCJ9.eyJwYXJ0bmVyIjoic2Ftc3VuZ3R2cGx1cyIsImZlYXR1cmVzIjp7Im11bHRpUG9kQWRzIjp7ImNvaG9ydCI6IiIsImVuYWJsZWQiOnRydWV9LCJzdGl0Y2hlckhsc05nIjp7ImRlbXV4ZWRBdWRpbyI6ImppdCJ9LCJzdGl0Y2hlclBhcnRuZXJTaG93U2xhdGUiOnsiZW5hYmxlZCI6dHJ1ZX19LCJpc3MiOiJzZXJ2aWNlLXBhcnRuZXItYXV0aC5wbHV0by50diIsInN1YiI6InByaTp2MTpwbH[tcp @ 0x55c9f9445f40] Original list of addresses:
[tcp @ 0x55c9f9445f40] Address 3.161.242.37 port 443
[tcp @ 0x55c9f9445f40] Address 3.161.242.59 port 443
[tcp @ 0x55c9f9445f40] Address 3.161.242.10 port 443
[tcp @ 0x55c9f9445f40] Address 3.161.242.51 port 443
[tcp @ 0x55c9f9445f40] Interleaved list of addresses:
[tcp @ 0x55c9f9445f40] Address 3.161.242.37 port 443
[tcp @ 0x55c9f9445f40] Address 3.161.242.59 port 443
[tcp @ 0x55c9f9445f40] Address 3.161.242.10 port 443
[tcp @ 0x55c9f9445f40] Address 3.161.242.51 port 443
[tcp @ 0x55c9f9445f40] Starting connection attempt to 3.161.242.37 port 443
[tcp @ 0x55c9f9445f40] Successfully connected to 3.161.242.37 port 443
[https @ 0x55c9f94a2bc0] request: GET /v2/stitch/embed/hls/channel/6320ddef274b1b0007b2ee88/1539795/playlist.m3u8?terminate=false&sid=SAMSUNG-TVPLUS-18367c68-ef60-47d7-ac3c-27052456e204&deviceDNT=0&deviceLat=0&deviceLon=0&deviceModel=samsung&deviceVersion=unknown&embedPartner=samsung-tvplus&samsung_app_domain=https%3A%2F%2Fwww.samsung.com%2Fus%2Fappstore%2Fapp.do%3FappId%3DG15147002586&samsung_app_name=Samsung%20TV%20Plus&serverSideAds=true&appName=samsungtvplus&deviceId=f514d688-a671-46d3-bd89-8055615c1c60&appVersion=unknown&deviceType=samsung-tvplus&deviceMake=samsung&includeDeviceUA=true&authToken=eyJhbGciOiJIUzI1NiIsImtpZCI6IjEyZDA1MTM0LWI0NzgtNDlkNy1iYjUzLTkxNDYxMmNlMzI4NyIsInR5cCI6IkpXVCJ9.eyJwYXJ0bmVyIjoic2Ftc3VuZ3R2cGx1cyIsImZlYXR1cmVzIjp7Im11bHRpUG9kQWRzIjp7ImNvaG9ydCI6IiIsImVuYWJsZWQiOnRydWV9LCJzdGl0Y2hlckhsc05nIjp7ImRlbXV4ZWRBdWRpbyI6ImppdCJ9LCJzdGl0Y2hlclBhcnRuZXJTaG93U2xhdGUiOnsiZW5hYmxlZCI6dHJ1ZX19LCJpc3MiOiJzZXJ2aWNlLXBhcnRuZXItYXV0aC5wbHV0by50diIsInN1YiI6InByaTp2MTpwbHV0bzpkZXZpY2VzOmMyRnRjM1[hls @ 0x55c9f9485e80] Skip ('#EXT-X-VERSION:3')
[hls @ 0x55c9f9485e80] Skip ('#EXT-X-DISCONTINUITY-SEQUENCE:0')
[hls @ 0x55c9f9485e80] Skip ('#EXT-X-PROGRAM-DATE-TIME:2026-07-09T03:36:25.000Z')
[hls @ 0x55c9f9485e80] Skip ('#PLUTO-SESSION-ID:SAMSUNG-TVPLUS-18367c68-ef60-47d7-ac3c-27052456e204')
[hls @ 0x55c9f9485e80] Skip ('#PLUTO-VERSION:2.93.0-production-kvetch-hls')
[https @ 0x55c9f94a6f40] Opening 'https://stitcher-ipv4.pluto.tv/v2/stitch/embed/hls/channel/6320ddef274b1b0007b2ee88/2142297/playlist.m3u8?terminate=false&sid=SAMSUNG-TVPLUS-18367c68-ef60-47d7-ac3c-27052456e204&deviceDNT=0&deviceLat=0&deviceLon=0&deviceModel=samsung&deviceVersion=unknown&embedPartner=samsung-tvplus&samsung_app_domain=https%3A%2F%2Fwww.samsung.com%2Fus%2Fappstore%2Fapp.do%3FappId%3DG15147002586&samsung_app_name=Samsung%20TV%20Plus&serverSideAds=true&appName=samsungtvplus&deviceId=f514d688-a671-46d3-bd89-8055615c1c60&appVersion=unknown&deviceType=samsung-tvplus&deviceMake=samsung&includeDeviceUA=true&authToken=eyJhbGciOiJIUzI1NiIsImtpZCI6IjEyZDA1MTM0LWI0NzgtNDlkNy1iYjUzLTkxNDYxMmNlMzI4NyIsInR5cCI6IkpXVCJ9.eyJwYXJ0bmVyIjoic2Ftc3VuZ3R2cGx1cyIsImZlYXR1cmVzIjp7Im11bHRpUG9kQWRzIjp7ImNvaG9ydCI6IiIsImVuYWJsZWQiOnRydWV9LCJzdGl0Y2hlckhsc05nIjp7ImRlbXV4ZWRBdWRpbyI6ImppdCJ9LCJzdGl0Y2hlclBhcnRuZXJTaG93U2xhdGUiOnsiZW5hYmxlZCI6dHJ1ZX19LCJpc3MiOiJzZXJ2aWNlLXBhcnRuZXItYXV0aC5wbHV0by50diIsInN1YiI6InByaTp2MTpw[https @ 0x55c9f94a2bc0] request: GET /v2/stitch/embed/hls/channel/6320ddef274b1b0007b2ee88/2142297/playlist.m3u8?terminate=false&sid=SAMSUNG-TVPLUS-18367c68-ef60-47d7-ac3c-27052456e204&deviceDNT=0&deviceLat=0&deviceLon=0&deviceModel=samsung&deviceVersion=unknown&embedPartner=samsung-tvplus&samsung_app_domain=https%3A%2F%2Fwww.samsung.com%2Fus%2Fappstore%2Fapp.do%3FappId%3DG15147002586&samsung_app_name=Samsung%20TV%20Plus&serverSideAds=true&appName=samsungtvplus&deviceId=f514d688-a671-46d3-bd89-8055615c1c60&appVersion=unknown&deviceType=samsung-tvplus&deviceMake=samsung&includeDeviceUA=true&authToken=eyJhbGciOiJIUzI1NiIsImtpZCI6IjEyZDA1MTM0LWI0NzgtNDlkNy1iYjUzLTkxNDYxMmNlMzI4NyIsInR5cCI6IkpXVCJ9.eyJwYXJ0bmVyIjoic2Ftc3VuZ3R2cGx1cyIsImZlYXR1cmVzIjp7Im11bHRpUG9kQWRzIjp7ImNvaG9ydCI6IiIsImVuYWJsZWQiOnRydWV9LCJzdGl0Y2hlckhsc05nIjp7ImRlbXV4ZWRBdWRpbyI6ImppdCJ9LCJzdGl0Y2hlclBhcnRuZXJTaG93U2xhdGUiOnsiZW5hYmxlZCI6dHJ1ZX19LCJpc3MiOiJzZXJ2aWNlLXBhcnRuZXItYXV0aC5wbHV0by50diIsInN1YiI6InByaTp2MTpwbHV0bzpkZXZpY2VzOmMyRnRjM1[hls @ 0x55c9f9485e80] Skip ('#EXT-X-VERSION:3')
[hls @ 0x55c9f9485e80] Skip ('#EXT-X-DISCONTINUITY-SEQUENCE:0')
[hls @ 0x55c9f9485e80] Skip ('#EXT-X-PROGRAM-DATE-TIME:2026-07-09T03:36:25.000Z')
[hls @ 0x55c9f9485e80] Skip ('#PLUTO-SESSION-ID:SAMSUNG-TVPLUS-18367c68-ef60-47d7-ac3c-27052456e204')
[hls @ 0x55c9f9485e80] Skip ('#PLUTO-VERSION:2.93.0-production-kvetch-hls')
[https @ 0x55c9f94a6f40] Opening 'https://stitcher-ipv4.pluto.tv/v2/stitch/embed/hls/channel/6320ddef274b1b0007b2ee88/3063648/playlist.m3u8?terminate=false&sid=SAMSUNG-TVPLUS-18367c68-ef60-47d7-ac3c-27052456e204&deviceDNT=0&deviceLat=0&deviceLon=0&deviceModel=samsung&deviceVersion=unknown&embedPartner=samsung-tvplus&samsung_app_domain=https%3A%2F%2Fwww.samsung.com%2Fus%2Fappstore%2Fapp.do%3FappId%3DG15147002586&samsung_app_name=Samsung%20TV%20Plus&serverSideAds=true&appName=samsungtvplus&deviceId=f514d688-a671-46d3-bd89-8055615c1c60&appVersion=unknown&deviceType=samsung-tvplus&deviceMake=samsung&includeDeviceUA=true&authToken=eyJhbGciOiJIUzI1NiIsImtpZCI6IjEyZDA1MTM0LWI0NzgtNDlkNy1iYjUzLTkxNDYxMmNlMzI4NyIsInR5cCI6IkpXVCJ9.eyJwYXJ0bmVyIjoic2Ftc3VuZ3R2cGx1cyIsImZlYXR1cmVzIjp7Im11bHRpUG9kQWRzIjp7ImNvaG9ydCI6IiIsImVuYWJsZWQiOnRydWV9LCJzdGl0Y2hlckhsc05nIjp7ImRlbXV4ZWRBdWRpbyI6ImppdCJ9LCJzdGl0Y2hlclBhcnRuZXJTaG93U2xhdGUiOnsiZW5hYmxlZCI6dHJ1ZX19LCJpc3MiOiJzZXJ2aWNlLXBhcnRuZXItYXV0aC5wbHV0by50diIsInN1YiI6InByaTp2MTpw[https @ 0x55c9f94a2bc0] request: GET /v2/stitch/embed/hls/channel/6320ddef274b1b0007b2ee88/3063648/playlist.m3u8?terminate=false&sid=SAMSUNG-TVPLUS-18367c68-ef60-47d7-ac3c-27052456e204&deviceDNT=0&deviceLat=0&deviceLon=0&deviceModel=samsung&deviceVersion=unknown&embedPartner=samsung-tvplus&samsung_app_domain=https%3A%2F%2Fwww.samsung.com%2Fus%2Fappstore%2Fapp.do%3FappId%3DG15147002586&samsung_app_name=Samsung%20TV%20Plus&serverSideAds=true&appName=samsungtvplus&deviceId=f514d688-a671-46d3-bd89-8055615c1c60&appVersion=unknown&deviceType=samsung-tvplus&deviceMake=samsung&includeDeviceUA=true&authToken=eyJhbGciOiJIUzI1NiIsImtpZCI6IjEyZDA1MTM0LWI0NzgtNDlkNy1iYjUzLTkxNDYxMmNlMzI4NyIsInR5cCI6IkpXVCJ9.eyJwYXJ0bmVyIjoic2Ftc3VuZ3R2cGx1cyIsImZlYXR1cmVzIjp7Im11bHRpUG9kQWRzIjp7ImNvaG9ydCI6IiIsImVuYWJsZWQiOnRydWV9LCJzdGl0Y2hlckhsc05nIjp7ImRlbXV4ZWRBdWRpbyI6ImppdCJ9LCJzdGl0Y2hlclBhcnRuZXJTaG93U2xhdGUiOnsiZW5hYmxlZCI6dHJ1ZX19LCJpc3MiOiJzZXJ2aWNlLXBhcnRuZXItYXV0aC5wbHV0by50diIsInN1YiI6InByaTp2MTpwbHV0bzpkZXZpY2VzOmMyRnRjM1[hls @ 0x55c9f9485e80] Skip ('#EXT-X-VERSION:3')
[hls @ 0x55c9f9485e80] Skip ('#EXT-X-DISCONTINUITY-SEQUENCE:0')
[hls @ 0x55c9f9485e80] Skip ('#EXT-X-PROGRAM-DATE-TIME:2026-07-09T03:36:25.000Z')
[hls @ 0x55c9f9485e80] Skip ('#PLUTO-SESSION-ID:SAMSUNG-TVPLUS-18367c68-ef60-47d7-ac3c-27052456e204')
[hls @ 0x55c9f9485e80] Skip ('#PLUTO-VERSION:2.93.0-production-kvetch-hls')
[hls @ 0x55c9f9485e80] HLS request for url 'https://mcdn-01.plutotv.net/968_pluto/clip/65804ac5b4896d0013699b33_Gran_Hermano_LT_Episodio_5_S12E5/720pDRM/20231218_053605/hls/0-547680/hls_1000-00091.ts', offset 0, playlist 0
[hls @ 0x55c9f9485e80] Opening 'https://mcdn-01.plutotv.net/968_pluto/clip/65804ac5b4896d0013699b33_Gran_Hermano_LT_Episodio_5_S12E5/720pDRM/20231218_053605/hls/0-547680/hls_1000_keyfile_0.key' for reading
[tcp @ 0x55c9f97d9900] Original list of addresses:
[tcp @ 0x55c9f97d9900] Address 207.121.116.20 port 443
[tcp @ 0x55c9f97d9900] Address 2001:1900:22b3:231f::5 port 443
[tcp @ 0x55c9f97d9900] Interleaved list of addresses:
[tcp @ 0x55c9f97d9900] Address 207.121.116.20 port 443
[tcp @ 0x55c9f97d9900] Address 2001:1900:22b3:231f::5 port 443
[tcp @ 0x55c9f97d9900] Starting connection attempt to 207.121.116.20 port 443
[tcp @ 0x55c9f97d9900] Successfully connected to 207.121.116.20 port 443
[https @ 0x55c9f97d9e80] request: GET /968_pluto/clip/65804ac5b4896d0013699b33_Gran_Hermano_LT_Episodio_5_S12E5/720pDRM/20231218_053605/hls/0-547680/hls_1000_keyfile_0.key HTTP/1.1
User-Agent: Lavf/60.16.100
Accept: */*
Range: bytes=0-
Connection: keep-alive
Host: mcdn-01.plutotv.net
Cookie: stitcherDeviceId=f514d688-a671-46d3-bd89-8055615c1c60; stitcherSessionId=SAMSUNG-TVPLUS-18367c68-ef60-47d7-ac3c-27052456e204
Icy-MetaData: 1


[AVIOContext @ 0x55c9f9af8cc0] Statistics: 16 bytes read, 0 seeks
[hls @ 0x55c9f9485e80] Opening 'crypto+https://mcdn-01.plutotv.net/968_pluto/clip/65804ac5b4896d0013699b33_Gran_Hermano_LT_Episodio_5_S12E5/720pDRM/20231218_053605/hls/0-547680/hls_1000-00091.ts' for reading
[tcp @ 0x55c9f9d95280] Original list of addresses:
[tcp @ 0x55c9f9d95280] Address 207.121.116.20 port 443
[tcp @ 0x55c9f9d95280] Address 2001:1900:22b3:231f::5 port 443
[tcp @ 0x55c9f9d95280] Interleaved list of addresses:
[tcp @ 0x55c9f9d95280] Address 207.121.116.20 port 443
[tcp @ 0x55c9f9d95280] Address 2001:1900:22b3:231f::5 port 443
[tcp @ 0x55c9f9d95280] Starting connection attempt to 207.121.116.20 port 443
[tcp @ 0x55c9f9d95280] Successfully connected to 207.121.116.20 port 443
[https @ 0x55c9f949ecc0] request: GET /968_pluto/clip/65804ac5b4896d0013699b33_Gran_Hermano_LT_Episodio_5_S12E5/720pDRM/20231218_053605/hls/0-547680/hls_1000-00091.ts HTTP/1.1
User-Agent: Lavf/60.16.100
Accept: */*
Range: bytes=0-
Connection: keep-alive
Host: mcdn-01.plutotv.net
Cookie: stitcherDeviceId=f514d688-a671-46d3-bd89-8055615c1c60; stitcherSessionId=SAMSUNG-TVPLUS-18367c68-ef60-47d7-ac3c-27052456e204
Icy-MetaData: 1


Format mpegts probed with size=2048 and score=50
[mpegts @ 0x55c9f949f9c0] stream=0 stream_type=f pid=101 prog_reg_desc=
[mpegts @ 0x55c9f949f9c0] stream=1 stream_type=1b pid=102 prog_reg_desc=
[hls @ 0x55c9f9485e80] HLS request for url 'https://mcdn-01.plutotv.net/968_pluto/clip/65804ac5b4896d0013699b33_Gran_Hermano_LT_Episodio_5_S12E5/720pDRM/20231218_053605/hls/0-547680/hls_1600-00091.ts', offset 0, playlist 1
[hls @ 0x55c9f9485e80] Opening 'https://mcdn-01.plutotv.net/968_pluto/clip/65804ac5b4896d0013699b33_Gran_Hermano_LT_Episodio_5_S12E5/720pDRM/20231218_053605/hls/0-547680/hls_1600_keyfile_0.key' for reading
[tcp @ 0x55c9f9cb65c0] Original list of addresses:
[tcp @ 0x55c9f9cb65c0] Address 207.121.116.20 port 443
[tcp @ 0x55c9f9cb65c0] Address 2001:1900:22b3:231f::5 port 443
[tcp @ 0x55c9f9cb65c0] Interleaved list of addresses:
[tcp @ 0x55c9f9cb65c0] Address 207.121.116.20 port 443
[tcp @ 0x55c9f9cb65c0] Address 2001:1900:22b3:231f::5 port 443
[tcp @ 0x55c9f9cb65c0] Starting connection attempt to 207.121.116.20 port 443
[tcp @ 0x55c9f9cb65c0] Successfully connected to 207.121.116.20 port 443
[https @ 0x55c9f9cacac0] request: GET /968_pluto/clip/65804ac5b4896d0013699b33_Gran_Hermano_LT_Episodio_5_S12E5/720pDRM/20231218_053605/hls/0-547680/hls_1600_keyfile_0.key HTTP/1.1
User-Agent: Lavf/60.16.100
Accept: */*
Range: bytes=0-
Connection: keep-alive
Host: mcdn-01.plutotv.net
Cookie: stitcherDeviceId=f514d688-a671-46d3-bd89-8055615c1c60; stitcherSessionId=SAMSUNG-TVPLUS-18367c68-ef60-47d7-ac3c-27052456e204
Icy-MetaData: 1


[AVIOContext @ 0x55c9fa1491c0] Statistics: 16 bytes read, 0 seeks
[hls @ 0x55c9f9485e80] Opening 'crypto+https://mcdn-01.plutotv.net/968_pluto/clip/65804ac5b4896d0013699b33_Gran_Hermano_LT_Episodio_5_S12E5/720pDRM/20231218_053605/hls/0-547680/hls_1600-00091.ts' for reading
[tcp @ 0x55c9f9b25e00] Original list of addresses:
[tcp @ 0x55c9f9b25e00] Address 207.121.116.20 port 443
[tcp @ 0x55c9f9b25e00] Address 2001:1900:22b3:231f::5 port 443
[tcp @ 0x55c9f9b25e00] Interleaved list of addresses:
[tcp @ 0x55c9f9b25e00] Address 207.121.116.20 port 443
[tcp @ 0x55c9f9b25e00] Address 2001:1900:22b3:231f::5 port 443
[tcp @ 0x55c9f9b25e00] Starting connection attempt to 207.121.116.20 port 443
[tcp @ 0x55c9f9b25e00] Successfully connected to 207.121.116.20 port 443
[https @ 0x55c9f9cb7040] request: GET /968_pluto/clip/65804ac5b4896d0013699b33_Gran_Hermano_LT_Episodio_5_S12E5/720pDRM/20231218_053605/hls/0-547680/hls_1600-00091.ts HTTP/1.1
User-Agent: Lavf/60.16.100
Accept: */*
Range: bytes=0-
Connection: keep-alive
Host: mcdn-01.plutotv.net
Cookie: stitcherDeviceId=f514d688-a671-46d3-bd89-8055615c1c60; stitcherSessionId=SAMSUNG-TVPLUS-18367c68-ef60-47d7-ac3c-27052456e204
Icy-MetaData: 1


Format mpegts probed with size=2048 and score=50
[mpegts @ 0x55c9f9e13480] stream=0 stream_type=f pid=101 prog_reg_desc=
[mpegts @ 0x55c9f9e13480] stream=1 stream_type=1b pid=102 prog_reg_desc=
[hls @ 0x55c9f9485e80] HLS request for url 'https://mcdn-01.plutotv.net/968_pluto/clip/65804ac5b4896d0013699b33_Gran_Hermano_LT_Episodio_5_S12E5/720pDRM/20231218_053605/hls/0-547680/hls_2400-00091.ts', offset 0, playlist 2
[hls @ 0x55c9f9485e80] Opening 'https://mcdn-01.plutotv.net/968_pluto/clip/65804ac5b4896d0013699b33_Gran_Hermano_LT_Episodio_5_S12E5/720pDRM/20231218_053605/hls/0-547680/hls_2400_keyfile_0.key' for reading
[tcp @ 0x55c9f9fe7040] Original list of addresses:
[tcp @ 0x55c9f9fe7040] Address 207.121.116.20 port 443
[tcp @ 0x55c9f9fe7040] Address 2001:1900:22b3:231f::5 port 443
[tcp @ 0x55c9f9fe7040] Interleaved list of addresses:
[tcp @ 0x55c9f9fe7040] Address 207.121.116.20 port 443
[tcp @ 0x55c9f9fe7040] Address 2001:1900:22b3:231f::5 port 443
[tcp @ 0x55c9f9fe7040] Starting connection attempt to 207.121.116.20 port 443
[tcp @ 0x55c9f9fe7040] Successfully connected to 207.121.116.20 port 443
[https @ 0x55c9f9ff17c0] request: GET /968_pluto/clip/65804ac5b4896d0013699b33_Gran_Hermano_LT_Episodio_5_S12E5/720pDRM/20231218_053605/hls/0-547680/hls_2400_keyfile_0.key HTTP/1.1
User-Agent: Lavf/60.16.100
Accept: */*
Range: bytes=0-
Connection: keep-alive
Host: mcdn-01.plutotv.net
Cookie: stitcherDeviceId=f514d688-a671-46d3-bd89-8055615c1c60; stitcherSessionId=SAMSUNG-TVPLUS-18367c68-ef60-47d7-ac3c-27052456e204
Icy-MetaData: 1


[AVIOContext @ 0x55c9fa1717c0] Statistics: 16 bytes read, 0 seeks
[hls @ 0x55c9f9485e80] Opening 'crypto+https://mcdn-01.plutotv.net/968_pluto/clip/65804ac5b4896d0013699b33_Gran_Hermano_LT_Episodio_5_S12E5/720pDRM/20231218_053605/hls/0-547680/hls_2400-00091.ts' for reading
[tcp @ 0x55c9fa402400] Original list of addresses:
[tcp @ 0x55c9fa402400] Address 207.121.116.20 port 443
[tcp @ 0x55c9fa402400] Address 2001:1900:22b3:231f::5 port 443
[tcp @ 0x55c9fa402400] Interleaved list of addresses:
[tcp @ 0x55c9fa402400] Address 207.121.116.20 port 443
[tcp @ 0x55c9fa402400] Address 2001:1900:22b3:231f::5 port 443
[tcp @ 0x55c9fa402400] Starting connection attempt to 207.121.116.20 port 443
[tcp @ 0x55c9fa402400] Successfully connected to 207.121.116.20 port 443
[https @ 0x55c9fa173700] request: GET /968_pluto/clip/65804ac5b4896d0013699b33_Gran_Hermano_LT_Episodio_5_S12E5/720pDRM/20231218_053605/hls/0-547680/hls_2400-00091.ts HTTP/1.1
User-Agent: Lavf/60.16.100
Accept: */*
Range: bytes=0-
Connection: keep-alive
Host: mcdn-01.plutotv.net
Cookie: stitcherDeviceId=f514d688-a671-46d3-bd89-8055615c1c60; stitcherSessionId=SAMSUNG-TVPLUS-18367c68-ef60-47d7-ac3c-27052456e204
Icy-MetaData: 1


Format mpegts probed with size=2048 and score=50
[mpegts @ 0x55c9f9e65cc0] stream=0 stream_type=f pid=101 prog_reg_desc=
[mpegts @ 0x55c9f9e65cc0] stream=1 stream_type=1b pid=102 prog_reg_desc=
[hls @ 0x55c9f9485e80] Before avformat_find_stream_info() pos: 4886 bytes read:4886 seeks:0 nb_streams:6
For transform of length 120, inverse, mdct_float, flags: [aligned, out_of_place], found 6 matches:
    1: mdct_inv_float_avx2 - type: mdct_float, len: [16, ∞], factors[2]: [2, any], flags: [aligned, out_of_place, inv_only], prio: 511
    2: mdct_pfa_15xM_inv_float_c - type: mdct_float, len: [30, ∞], factors[2]: [15, any], flags: [unaligned, out_of_place, inv_only], prio: 304
    3: mdct_pfa_5xM_inv_float_c - type: mdct_float, len: [10, ∞], factors[2]: [5, any], flags: [unaligned, out_of_place, inv_only], prio: 144
    4: mdct_pfa_3xM_inv_float_c - type: mdct_float, len: [6, ∞], factors[2]: [3, any], flags: [unaligned, out_of_place, inv_only], prio: 112
    5: mdct_inv_float_c - type: mdct_float, len: [2, ∞], factors[2]: [2, any], flags: [unaligned, out_of_place, inv_only], prio: 96
    6: mdct_naive_inv_float_c - type: mdct_float, len: [2, ∞], factors[2]: [2, any], flags: [unaligned, out_of_place, inv_only], prio: -130976
For transform of length 60, inverse, fft_float, flags: [aligned, inplace, preshuf, asm_call], found 1 matches:
    1: fft_pfa_15xM_asm_float_avx2 - type: fft_float, len: [60, ∞], factors[2]: [15, 2], flags: [aligned, inplace, out_of_place, preshuf, asm_call], prio: 655
For transform of length 4, inverse, fft_float, flags: [aligned, inplace, preshuf, asm_call], found 1 matches:
    1: fft4_fwd_asm_float_sse2 - type: fft_float, len: 4, factor: 2, flags: [aligned, inplace, out_of_place, preshuf, asm_call], prio: 352
Transform tree:
    mdct_inv_float_avx2 - type: mdct_float, len: 120, factors[2]: [2, any], flags: [aligned, out_of_place, inv_only]
        fft_pfa_15xM_asm_float_avx2 - type: fft_float, len: 60, factors[2]: [15, 2], flags: [aligned, inplace, out_of_place, preshuf, asm_call]
            fft4_fwd_asm_float_sse2 - type: fft_float, len: 4, factor: 2, flags: [aligned, inplace, out_of_place, preshuf, asm_call]
For transform of length 128, inverse, mdct_float, flags: [aligned, out_of_place], found 3 matches:
    1: mdct_inv_float_avx2 - type: mdct_float, len: [16, ∞], factors[2]: [2, any], flags: [aligned, out_of_place, inv_only], prio: 511
    2: mdct_inv_float_c - type: mdct_float, len: [2, ∞], factors[2]: [2, any], flags: [unaligned, out_of_place, inv_only], prio: 96
    3: mdct_naive_inv_float_c - type: mdct_float, len: [2, ∞], factors[2]: [2, any], flags: [unaligned, out_of_place, inv_only], prio: -130976
For transform of length 64, inverse, fft_float, flags: [aligned, inplace, preshuf, asm_call], found 3 matches:
    1: fft_sr_asm_float_fma3 - type: fft_float, len: [64, 131072], factor: 2, flags: [aligned, inplace, out_of_place, preshuf, asm_call], prio: 448
    2: fft_sr_asm_float_avx2 - type: fft_float, len: [64, 131072], factor: 2, flags: [aligned, inplace, out_of_place, preshuf, asm_call], prio: 447
    3: fft_sr_asm_float_avx - type: fft_float, len: [64, 131072], factor: 2, flags: [aligned, inplace, out_of_place, preshuf, asm_call], prio: 416
Transform tree:
    mdct_inv_float_avx2 - type: mdct_float, len: 128, factors[2]: [2, any], flags: [aligned, out_of_place, inv_only]
        fft_sr_asm_float_fma3 - type: fft_float, len: 64, factor: 2, flags: [aligned, inplace, out_of_place, preshuf, asm_call]
For transform of length 480, inverse, mdct_float, flags: [aligned, out_of_place], found 6 matches:
    1: mdct_inv_float_avx2 - type: mdct_float, len: [16, ∞], factors[2]: [2, any], flags: [aligned, out_of_place, inv_only], prio: 511
    2: mdct_pfa_15xM_inv_float_c - type: mdct_float, len: [30, ∞], factors[2]: [15, any], flags: [unaligned, out_of_place, inv_only], prio: 304
    3: mdct_pfa_5xM_inv_float_c - type: mdct_float, len: [10, ∞], factors[2]: [5, any], flags: [unaligned, out_of_place, inv_only], prio: 144
    4: mdct_pfa_3xM_inv_float_c - type: mdct_float, len: [6, ∞], factors[2]: [3, any], flags: [unaligned, out_of_place, inv_only], prio: 112
    5: mdct_inv_float_c - type: mdct_float, len: [2, ∞], factors[2]: [2, any], flags: [unaligned, out_of_place, inv_only], prio: 96
    6: mdct_naive_inv_float_c - type: mdct_float, len: [2, ∞], factors[2]: [2, any], flags: [unaligned, out_of_place, inv_only], prio: -130976
For transform of length 240, inverse, fft_float, flags: [aligned, inplace, preshuf, asm_call], found 1 matches:
    1: fft_pfa_15xM_asm_float_avx2 - type: fft_float, len: [60, ∞], factors[2]: [15, 2], flags: [aligned, inplace, out_of_place, preshuf, asm_call], prio: 655
For transform of length 16, inverse, fft_float, flags: [aligned, inplace, preshuf, asm_call], found 2 matches:
    1: fft16_asm_float_fma3 - type: fft_float, len: 16, factor: 2, flags: [aligned, inplace, out_of_place, preshuf, asm_call], prio: 512
    2: fft16_asm_float_avx - type: fft_float, len: 16, factor: 2, flags: [aligned, inplace, out_of_place, preshuf, asm_call], prio: 480
Transform tree:
    mdct_inv_float_avx2 - type: mdct_float, len: 480, factors[2]: [2, any], flags: [aligned, out_of_place, inv_only]
        fft_pfa_15xM_asm_float_avx2 - type: fft_float, len: 240, factors[2]: [15, 2], flags: [aligned, inplace, out_of_place, preshuf, asm_call]
            fft16_asm_float_fma3 - type: fft_float, len: 16, factor: 2, flags: [aligned, inplace, out_of_place, preshuf, asm_call]
For transform of length 512, inverse, mdct_float, flags: [aligned, out_of_place], found 3 matches:
    1: mdct_inv_float_avx2 - type: mdct_float, len: [16, ∞], factors[2]: [2, any], flags: [aligned, out_of_place, inv_only], prio: 511
    2: mdct_inv_float_c - type: mdct_float, len: [2, ∞], factors[2]: [2, any], flags: [unaligned, out_of_place, inv_only], prio: 96
    3: mdct_naive_inv_float_c - type: mdct_float, len: [2, ∞], factors[2]: [2, any], flags: [unaligned, out_of_place, inv_only], prio: -130976
For transform of length 256, inverse, fft_float, flags: [aligned, inplace, preshuf, asm_call], found 3 matches:
    1: fft_sr_asm_float_fma3 - type: fft_float, len: [64, 131072], factor: 2, flags: [aligned, inplace, out_of_place, preshuf, asm_call], prio: 448
    2: fft_sr_asm_float_avx2 - type: fft_float, len: [64, 131072], factor: 2, flags: [aligned, inplace, out_of_place, preshuf, asm_call], prio: 447
    3: fft_sr_asm_float_avx - type: fft_float, len: [64, 131072], factor: 2, flags: [aligned, inplace, out_of_place, preshuf, asm_call], prio: 416
Transform tree:
    mdct_inv_float_avx2 - type: mdct_float, len: 512, factors[2]: [2, any], flags: [aligned, out_of_place, inv_only]
        fft_sr_asm_float_fma3 - type: fft_float, len: 256, factor: 2, flags: [aligned, inplace, out_of_place, preshuf, asm_call]
For transform of length 960, inverse, mdct_float, flags: [aligned, out_of_place], found 6 matches:
    1: mdct_inv_float_avx2 - type: mdct_float, len: [16, ∞], factors[2]: [2, any], flags: [aligned, out_of_place, inv_only], prio: 511
    2: mdct_pfa_15xM_inv_float_c - type: mdct_float, len: [30, ∞], factors[2]: [15, any], flags: [unaligned, out_of_place, inv_only], prio: 304
    3: mdct_pfa_5xM_inv_float_c - type: mdct_float, len: [10, ∞], factors[2]: [5, any], flags: [unaligned, out_of_place, inv_only], prio: 144
    4: mdct_pfa_3xM_inv_float_c - type: mdct_float, len: [6, ∞], factors[2]: [3, any], flags: [unaligned, out_of_place, inv_only], prio: 112
    5: mdct_inv_float_c - type: mdct_float, len: [2, ∞], factors[2]: [2, any], flags: [unaligned, out_of_place, inv_only], prio: 96
    6: mdct_naive_inv_float_c - type: mdct_float, len: [2, ∞], factors[2]: [2, any], flags: [unaligned, out_of_place, inv_only], prio: -130976
For transform of length 480, inverse, fft_float, flags: [aligned, inplace, preshuf, asm_call], found 1 matches:
    1: fft_pfa_15xM_asm_float_avx2 - type: fft_float, len: [60, ∞], factors[2]: [15, 2], flags: [aligned, inplace, out_of_place, preshuf, asm_call], prio: 655
For transform of length 32, inverse, fft_float, flags: [aligned, inplace, preshuf, asm_call], found 2 matches:
    1: fft32_asm_float_fma3 - type: fft_float, len: 32, factor: 2, flags: [aligned, inplace, out_of_place, preshuf, asm_call], prio: 512
    2: fft32_asm_float_avx - type: fft_float, len: 32, factor: 2, flags: [aligned, inplace, out_of_place, preshuf, asm_call], prio: 480
Transform tree:
    mdct_inv_float_avx2 - type: mdct_float, len: 960, factors[2]: [2, any], flags: [aligned, out_of_place, inv_only]
        fft_pfa_15xM_asm_float_avx2 - type: fft_float, len: 480, factors[2]: [15, 2], flags: [aligned, inplace, out_of_place, preshuf, asm_call]
            fft32_asm_float_fma3 - type: fft_float, len: 32, factor: 2, flags: [aligned, inplace, out_of_place, preshuf, asm_call]
For transform of length 1024, inverse, mdct_float, flags: [aligned, out_of_place], found 3 matches:
    1: mdct_inv_float_avx2 - type: mdct_float, len: [16, ∞], factors[2]: [2, any], flags: [aligned, out_of_place, inv_only], prio: 511
    2: mdct_inv_float_c - type: mdct_float, len: [2, ∞], factors[2]: [2, any], flags: [unaligned, out_of_place, inv_only], prio: 96
    3: mdct_naive_inv_float_c - type: mdct_float, len: [2, ∞], factors[2]: [2, any], flags: [unaligned, out_of_place, inv_only], prio: -130976
For transform of length 512, inverse, fft_float, flags: [aligned, inplace, preshuf, asm_call], found 3 matches:
    1: fft_sr_asm_float_fma3 - type: fft_float, len: [64, 131072], factor: 2, flags: [aligned, inplace, out_of_place, preshuf, asm_call], prio: 448
    2: fft_sr_asm_float_avx2 - type: fft_float, len: [64, 131072], factor: 2, flags: [aligned, inplace, out_of_place, preshuf, asm_call], prio: 447
    3: fft_sr_asm_float_avx - type: fft_float, len: [64, 131072], factor: 2, flags: [aligned, inplace, out_of_place, preshuf, asm_call], prio: 416
Transform tree:
    mdct_inv_float_avx2 - type: mdct_float, len: 1024, factors[2]: [2, any], flags: [aligned, out_of_place, inv_only]
        fft_sr_asm_float_fma3 - type: fft_float, len: 512, factor: 2, flags: [aligned, inplace, out_of_place, preshuf, asm_call]
For transform of length 1024, forward, mdct_float, flags: [aligned, out_of_place], found 2 matches:
    1: mdct_fwd_float_c - type: mdct_float, len: [2, ∞], factors[2]: [2, any], flags: [unaligned, out_of_place, fwd_only], prio: 96
    2: mdct_naive_fwd_float_c - type: mdct_float, len: [2, ∞], factors[2]: [2, any], flags: [unaligned, out_of_place, fwd_only], prio: -130976
For transform of length 512, forward, fft_float, flags: [aligned, inplace, preshuf], found 5 matches:
    1: fft_sr_ns_float_fma3 - type: fft_float, len: [64, 131072], factor: 2, flags: [aligned, inplace, out_of_place, preshuf], prio: 448
    2: fft_sr_ns_float_avx2 - type: fft_float, len: [64, 131072], factor: 2, flags: [aligned, inplace, out_of_place, preshuf], prio: 447
    3: fft_sr_ns_float_avx - type: fft_float, len: [64, 131072], factor: 2, flags: [aligned, inplace, out_of_place, preshuf], prio: 416
    4: fft_pfa_ns_float_c - type: fft_float, len: [6, ∞], factors[2]: [7, 5, 3, 2, any], flags: [unaligned, inplace, out_of_place, preshuf], prio: 112
    5: fft512_ns_float_c - type: fft_float, len: 512, factor: 2, flags: [unaligned, inplace, out_of_place, preshuf], prio: 96
Transform tree:
    mdct_fwd_float_c - type: mdct_float, len: 1024, factors[2]: [2, any], flags: [unaligned, out_of_place, fwd_only]
        fft_sr_ns_float_fma3 - type: fft_float, len: 512, factor: 2, flags: [aligned, inplace, out_of_place, preshuf]
For transform of length 120, inverse, mdct_float, flags: [aligned, out_of_place], found 6 matches:
    1: mdct_inv_float_avx2 - type: mdct_float, len: [16, ∞], factors[2]: [2, any], flags: [aligned, out_of_place, inv_only], prio: 511
    2: mdct_pfa_15xM_inv_float_c - type: mdct_float, len: [30, ∞], factors[2]: [15, any], flags: [unaligned, out_of_place, inv_only], prio: 304
    3: mdct_pfa_5xM_inv_float_c - type: mdct_float, len: [10, ∞], factors[2]: [5, any], flags: [unaligned, out_of_place, inv_only], prio: 144
    4: mdct_pfa_3xM_inv_float_c - type: mdct_float, len: [6, ∞], factors[2]: [3, any], flags: [unaligned, out_of_place, inv_only], prio: 112
    5: mdct_inv_float_c - type: mdct_float, len: [2, ∞], factors[2]: [2, any], flags: [unaligned, out_of_place, inv_only], prio: 96
    6: mdct_naive_inv_float_c - type: mdct_float, len: [2, ∞], factors[2]: [2, any], flags: [unaligned, out_of_place, inv_only], prio: -130976
For transform of length 60, inverse, fft_float, flags: [aligned, inplace, preshuf, asm_call], found 1 matches:
    1: fft_pfa_15xM_asm_float_avx2 - type: fft_float, len: [60, ∞], factors[2]: [15, 2], flags: [aligned, inplace, out_of_place, preshuf, asm_call], prio: 655
For transform of length 4, inverse, fft_float, flags: [aligned, inplace, preshuf, asm_call], found 1 matches:
    1: fft4_fwd_asm_float_sse2 - type: fft_float, len: 4, factor: 2, flags: [aligned, inplace, out_of_place, preshuf, asm_call], prio: 352
Transform tree:
    mdct_inv_float_avx2 - type: mdct_float, len: 120, factors[2]: [2, any], flags: [aligned, out_of_place, inv_only]
        fft_pfa_15xM_asm_float_avx2 - type: fft_float, len: 60, factors[2]: [15, 2], flags: [aligned, inplace, out_of_place, preshuf, asm_call]
            fft4_fwd_asm_float_sse2 - type: fft_float, len: 4, factor: 2, flags: [aligned, inplace, out_of_place, preshuf, asm_call]
For transform of length 128, inverse, mdct_float, flags: [aligned, out_of_place], found 3 matches:
    1: mdct_inv_float_avx2 - type: mdct_float, len: [16, ∞], factors[2]: [2, any], flags: [aligned, out_of_place, inv_only], prio: 511
    2: mdct_inv_float_c - type: mdct_float, len: [2, ∞], factors[2]: [2, any], flags: [unaligned, out_of_place, inv_only], prio: 96
    3: mdct_naive_inv_float_c - type: mdct_float, len: [2, ∞], factors[2]: [2, any], flags: [unaligned, out_of_place, inv_only], prio: -130976
For transform of length 64, inverse, fft_float, flags: [aligned, inplace, preshuf, asm_call], found 3 matches:
    1: fft_sr_asm_float_fma3 - type: fft_float, len: [64, 131072], factor: 2, flags: [aligned, inplace, out_of_place, preshuf, asm_call], prio: 448
    2: fft_sr_asm_float_avx2 - type: fft_float, len: [64, 131072], factor: 2, flags: [aligned, inplace, out_of_place, preshuf, asm_call], prio: 447
    3: fft_sr_asm_float_avx - type: fft_float, len: [64, 131072], factor: 2, flags: [aligned, inplace, out_of_place, preshuf, asm_call], prio: 416
Transform tree:
    mdct_inv_float_avx2 - type: mdct_float, len: 128, factors[2]: [2, any], flags: [aligned, out_of_place, inv_only]
        fft_sr_asm_float_fma3 - type: fft_float, len: 64, factor: 2, flags: [aligned, inplace, out_of_place, preshuf, asm_call]
For transform of length 480, inverse, mdct_float, flags: [aligned, out_of_place], found 6 matches:
    1: mdct_inv_float_avx2 - type: mdct_float, len: [16, ∞], factors[2]: [2, any], flags: [aligned, out_of_place, inv_only], prio: 511
    2: mdct_pfa_15xM_inv_float_c - type: mdct_float, len: [30, ∞], factors[2]: [15, any], flags: [unaligned, out_of_place, inv_only], prio: 304
    3: mdct_pfa_5xM_inv_float_c - type: mdct_float, len: [10, ∞], factors[2]: [5, any], flags: [unaligned, out_of_place, inv_only], prio: 144
    4: mdct_pfa_3xM_inv_float_c - type: mdct_float, len: [6, ∞], factors[2]: [3, any], flags: [unaligned, out_of_place, inv_only], prio: 112
    5: mdct_inv_float_c - type: mdct_float, len: [2, ∞], factors[2]: [2, any], flags: [unaligned, out_of_place, inv_only], prio: 96
    6: mdct_naive_inv_float_c - type: mdct_float, len: [2, ∞], factors[2]: [2, any], flags: [unaligned, out_of_place, inv_only], prio: -130976
For transform of length 240, inverse, fft_float, flags: [aligned, inplace, preshuf, asm_call], found 1 matches:
    1: fft_pfa_15xM_asm_float_avx2 - type: fft_float, len: [60, ∞], factors[2]: [15, 2], flags: [aligned, inplace, out_of_place, preshuf, asm_call], prio: 655
For transform of length 16, inverse, fft_float, flags: [aligned, inplace, preshuf, asm_call], found 2 matches:
    1: fft16_asm_float_fma3 - type: fft_float, len: 16, factor: 2, flags: [aligned, inplace, out_of_place, preshuf, asm_call], prio: 512
    2: fft16_asm_float_avx - type: fft_float, len: 16, factor: 2, flags: [aligned, inplace, out_of_place, preshuf, asm_call], prio: 480
Transform tree:
    mdct_inv_float_avx2 - type: mdct_float, len: 480, factors[2]: [2, any], flags: [aligned, out_of_place, inv_only]
        fft_pfa_15xM_asm_float_avx2 - type: fft_float, len: 240, factors[2]: [15, 2], flags: [aligned, inplace, out_of_place, preshuf, asm_call]
            fft16_asm_float_fma3 - type: fft_float, len: 16, factor: 2, flags: [aligned, inplace, out_of_place, preshuf, asm_call]
For transform of length 512, inverse, mdct_float, flags: [aligned, out_of_place], found 3 matches:
    1: mdct_inv_float_avx2 - type: mdct_float, len: [16, ∞], factors[2]: [2, any], flags: [aligned, out_of_place, inv_only], prio: 511
    2: mdct_inv_float_c - type: mdct_float, len: [2, ∞], factors[2]: [2, any], flags: [unaligned, out_of_place, inv_only], prio: 96
    3: mdct_naive_inv_float_c - type: mdct_float, len: [2, ∞], factors[2]: [2, any], flags: [unaligned, out_of_place, inv_only], prio: -130976
For transform of length 256, inverse, fft_float, flags: [aligned, inplace, preshuf, asm_call], found 3 matches:
    1: fft_sr_asm_float_fma3 - type: fft_float, len: [64, 131072], factor: 2, flags: [aligned, inplace, out_of_place, preshuf, asm_call], prio: 448
    2: fft_sr_asm_float_avx2 - type: fft_float, len: [64, 131072], factor: 2, flags: [aligned, inplace, out_of_place, preshuf, asm_call], prio: 447
    3: fft_sr_asm_float_avx - type: fft_float, len: [64, 131072], factor: 2, flags: [aligned, inplace, out_of_place, preshuf, asm_call], prio: 416
Transform tree:
    mdct_inv_float_avx2 - type: mdct_float, len: 512, factors[2]: [2, any], flags: [aligned, out_of_place, inv_only]
        fft_sr_asm_float_fma3 - type: fft_float, len: 256, factor: 2, flags: [aligned, inplace, out_of_place, preshuf, asm_call]
For transform of length 960, inverse, mdct_float, flags: [aligned, out_of_place], found 6 matches:
    1: mdct_inv_float_avx2 - type: mdct_float, len: [16, ∞], factors[2]: [2, any], flags: [aligned, out_of_place, inv_only], prio: 511
    2: mdct_pfa_15xM_inv_float_c - type: mdct_float, len: [30, ∞], factors[2]: [15, any], flags: [unaligned, out_of_place, inv_only], prio: 304
    3: mdct_pfa_5xM_inv_float_c - type: mdct_float, len: [10, ∞], factors[2]: [5, any], flags: [unaligned, out_of_place, inv_only], prio: 144
    4: mdct_pfa_3xM_inv_float_c - type: mdct_float, len: [6, ∞], factors[2]: [3, any], flags: [unaligned, out_of_place, inv_only], prio: 112
    5: mdct_inv_float_c - type: mdct_float, len: [2, ∞], factors[2]: [2, any], flags: [unaligned, out_of_place, inv_only], prio: 96
    6: mdct_naive_inv_float_c - type: mdct_float, len: [2, ∞], factors[2]: [2, any], flags: [unaligned, out_of_place, inv_only], prio: -130976
For transform of length 480, inverse, fft_float, flags: [aligned, inplace, preshuf, asm_call], found 1 matches:
    1: fft_pfa_15xM_asm_float_avx2 - type: fft_float, len: [60, ∞], factors[2]: [15, 2], flags: [aligned, inplace, out_of_place, preshuf, asm_call], prio: 655
For transform of length 32, inverse, fft_float, flags: [aligned, inplace, preshuf, asm_call], found 2 matches:
    1: fft32_asm_float_fma3 - type: fft_float, len: 32, factor: 2, flags: [aligned, inplace, out_of_place, preshuf, asm_call], prio: 512
    2: fft32_asm_float_avx - type: fft_float, len: 32, factor: 2, flags: [aligned, inplace, out_of_place, preshuf, asm_call], prio: 480
Transform tree:
    mdct_inv_float_avx2 - type: mdct_float, len: 960, factors[2]: [2, any], flags: [aligned, out_of_place, inv_only]
        fft_pfa_15xM_asm_float_avx2 - type: fft_float, len: 480, factors[2]: [15, 2], flags: [aligned, inplace, out_of_place, preshuf, asm_call]
            fft32_asm_float_fma3 - type: fft_float, len: 32, factor: 2, flags: [aligned, inplace, out_of_place, preshuf, asm_call]
For transform of length 1024, inverse, mdct_float, flags: [aligned, out_of_place], found 3 matches:
    1: mdct_inv_float_avx2 - type: mdct_float, len: [16, ∞], factors[2]: [2, any], flags: [aligned, out_of_place, inv_only], prio: 511
    2: mdct_inv_float_c - type: mdct_float, len: [2, ∞], factors[2]: [2, any], flags: [unaligned, out_of_place, inv_only], prio: 96
    3: mdct_naive_inv_float_c - type: mdct_float, len: [2, ∞], factors[2]: [2, any], flags: [unaligned, out_of_place, inv_only], prio: -130976
For transform of length 512, inverse, fft_float, flags: [aligned, inplace, preshuf, asm_call], found 3 matches:
    1: fft_sr_asm_float_fma3 - type: fft_float, len: [64, 131072], factor: 2, flags: [aligned, inplace, out_of_place, preshuf, asm_call], prio: 448
    2: fft_sr_asm_float_avx2 - type: fft_float, len: [64, 131072], factor: 2, flags: [aligned, inplace, out_of_place, preshuf, asm_call], prio: 447
    3: fft_sr_asm_float_avx - type: fft_float, len: [64, 131072], factor: 2, flags: [aligned, inplace, out_of_place, preshuf, asm_call], prio: 416
Transform tree:
    mdct_inv_float_avx2 - type: mdct_float, len: 1024, factors[2]: [2, any], flags: [aligned, out_of_place, inv_only]
        fft_sr_asm_float_fma3 - type: fft_float, len: 512, factor: 2, flags: [aligned, inplace, out_of_place, preshuf, asm_call]
For transform of length 1024, forward, mdct_float, flags: [aligned, out_of_place], found 2 matches:
    1: mdct_fwd_float_c - type: mdct_float, len: [2, ∞], factors[2]: [2, any], flags: [unaligned, out_of_place, fwd_only], prio: 96
    2: mdct_naive_fwd_float_c - type: mdct_float, len: [2, ∞], factors[2]: [2, any], flags: [unaligned, out_of_place, fwd_only], prio: -130976
For transform of length 512, forward, fft_float, flags: [aligned, inplace, preshuf], found 5 matches:
    1: fft_sr_ns_float_fma3 - type: fft_float, len: [64, 131072], factor: 2, flags: [aligned, inplace, out_of_place, preshuf], prio: 448
    2: fft_sr_ns_float_avx2 - type: fft_float, len: [64, 131072], factor: 2, flags: [aligned, inplace, out_of_place, preshuf], prio: 447
    3: fft_sr_ns_float_avx - type: fft_float, len: [64, 131072], factor: 2, flags: [aligned, inplace, out_of_place, preshuf], prio: 416
    4: fft_pfa_ns_float_c - type: fft_float, len: [6, ∞], factors[2]: [7, 5, 3, 2, any], flags: [unaligned, inplace, out_of_place, preshuf], prio: 112
    5: fft512_ns_float_c - type: fft_float, len: 512, factor: 2, flags: [unaligned, inplace, out_of_place, preshuf], prio: 96
Transform tree:
    mdct_fwd_float_c - type: mdct_float, len: 1024, factors[2]: [2, any], flags: [unaligned, out_of_place, fwd_only]
        fft_sr_ns_float_fma3 - type: fft_float, len: 512, factor: 2, flags: [aligned, inplace, out_of_place, preshuf]
For transform of length 120, inverse, mdct_float, flags: [aligned, out_of_place], found 6 matches:
    1: mdct_inv_float_avx2 - type: mdct_float, len: [16, ∞], factors[2]: [2, any], flags: [aligned, out_of_place, inv_only], prio: 511
    2: mdct_pfa_15xM_inv_float_c - type: mdct_float, len: [30, ∞], factors[2]: [15, any], flags: [unaligned, out_of_place, inv_only], prio: 304
    3: mdct_pfa_5xM_inv_float_c - type: mdct_float, len: [10, ∞], factors[2]: [5, any], flags: [unaligned, out_of_place, inv_only], prio: 144
    4: mdct_pfa_3xM_inv_float_c - type: mdct_float, len: [6, ∞], factors[2]: [3, any], flags: [unaligned, out_of_place, inv_only], prio: 112
    5: mdct_inv_float_c - type: mdct_float, len: [2, ∞], factors[2]: [2, any], flags: [unaligned, out_of_place, inv_only], prio: 96
    6: mdct_naive_inv_float_c - type: mdct_float, len: [2, ∞], factors[2]: [2, any], flags: [unaligned, out_of_place, inv_only], prio: -130976
For transform of length 60, inverse, fft_float, flags: [aligned, inplace, preshuf, asm_call], found 1 matches:
    1: fft_pfa_15xM_asm_float_avx2 - type: fft_float, len: [60, ∞], factors[2]: [15, 2], flags: [aligned, inplace, out_of_place, preshuf, asm_call], prio: 655
For transform of length 4, inverse, fft_float, flags: [aligned, inplace, preshuf, asm_call], found 1 matches:
    1: fft4_fwd_asm_float_sse2 - type: fft_float, len: 4, factor: 2, flags: [aligned, inplace, out_of_place, preshuf, asm_call], prio: 352
Transform tree:
    mdct_inv_float_avx2 - type: mdct_float, len: 120, factors[2]: [2, any], flags: [aligned, out_of_place, inv_only]
        fft_pfa_15xM_asm_float_avx2 - type: fft_float, len: 60, factors[2]: [15, 2], flags: [aligned, inplace, out_of_place, preshuf, asm_call]
            fft4_fwd_asm_float_sse2 - type: fft_float, len: 4, factor: 2, flags: [aligned, inplace, out_of_place, preshuf, asm_call]
For transform of length 128, inverse, mdct_float, flags: [aligned, out_of_place], found 3 matches:
    1: mdct_inv_float_avx2 - type: mdct_float, len: [16, ∞], factors[2]: [2, any], flags: [aligned, out_of_place, inv_only], prio: 511
    2: mdct_inv_float_c - type: mdct_float, len: [2, ∞], factors[2]: [2, any], flags: [unaligned, out_of_place, inv_only], prio: 96
    3: mdct_naive_inv_float_c - type: mdct_float, len: [2, ∞], factors[2]: [2, any], flags: [unaligned, out_of_place, inv_only], prio: -130976
For transform of length 64, inverse, fft_float, flags: [aligned, inplace, preshuf, asm_call], found 3 matches:
    1: fft_sr_asm_float_fma3 - type: fft_float, len: [64, 131072], factor: 2, flags: [aligned, inplace, out_of_place, preshuf, asm_call], prio: 448
    2: fft_sr_asm_float_avx2 - type: fft_float, len: [64, 131072], factor: 2, flags: [aligned, inplace, out_of_place, preshuf, asm_call], prio: 447
    3: fft_sr_asm_float_avx - type: fft_float, len: [64, 131072], factor: 2, flags: [aligned, inplace, out_of_place, preshuf, asm_call], prio: 416
Transform tree:
    mdct_inv_float_avx2 - type: mdct_float, len: 128, factors[2]: [2, any], flags: [aligned, out_of_place, inv_only]
        fft_sr_asm_float_fma3 - type: fft_float, len: 64, factor: 2, flags: [aligned, inplace, out_of_place, preshuf, asm_call]
For transform of length 480, inverse, mdct_float, flags: [aligned, out_of_place], found 6 matches:
    1: mdct_inv_float_avx2 - type: mdct_float, len: [16, ∞], factors[2]: [2, any], flags: [aligned, out_of_place, inv_only], prio: 511
    2: mdct_pfa_15xM_inv_float_c - type: mdct_float, len: [30, ∞], factors[2]: [15, any], flags: [unaligned, out_of_place, inv_only], prio: 304
    3: mdct_pfa_5xM_inv_float_c - type: mdct_float, len: [10, ∞], factors[2]: [5, any], flags: [unaligned, out_of_place, inv_only], prio: 144
    4: mdct_pfa_3xM_inv_float_c - type: mdct_float, len: [6, ∞], factors[2]: [3, any], flags: [unaligned, out_of_place, inv_only], prio: 112
    5: mdct_inv_float_c - type: mdct_float, len: [2, ∞], factors[2]: [2, any], flags: [unaligned, out_of_place, inv_only], prio: 96
    6: mdct_naive_inv_float_c - type: mdct_float, len: [2, ∞], factors[2]: [2, any], flags: [unaligned, out_of_place, inv_only], prio: -130976
For transform of length 240, inverse, fft_float, flags: [aligned, inplace, preshuf, asm_call], found 1 matches:
    1: fft_pfa_15xM_asm_float_avx2 - type: fft_float, len: [60, ∞], factors[2]: [15, 2], flags: [aligned, inplace, out_of_place, preshuf, asm_call], prio: 655
For transform of length 16, inverse, fft_float, flags: [aligned, inplace, preshuf, asm_call], found 2 matches:
    1: fft16_asm_float_fma3 - type: fft_float, len: 16, factor: 2, flags: [aligned, inplace, out_of_place, preshuf, asm_call], prio: 512
    2: fft16_asm_float_avx - type: fft_float, len: 16, factor: 2, flags: [aligned, inplace, out_of_place, preshuf, asm_call], prio: 480
Transform tree:
    mdct_inv_float_avx2 - type: mdct_float, len: 480, factors[2]: [2, any], flags: [aligned, out_of_place, inv_only]
        fft_pfa_15xM_asm_float_avx2 - type: fft_float, len: 240, factors[2]: [15, 2], flags: [aligned, inplace, out_of_place, preshuf, asm_call]
            fft16_asm_float_fma3 - type: fft_float, len: 16, factor: 2, flags: [aligned, inplace, out_of_place, preshuf, asm_call]
For transform of length 512, inverse, mdct_float, flags: [aligned, out_of_place], found 3 matches:
    1: mdct_inv_float_avx2 - type: mdct_float, len: [16, ∞], factors[2]: [2, any], flags: [aligned, out_of_place, inv_only], prio: 511
    2: mdct_inv_float_c - type: mdct_float, len: [2, ∞], factors[2]: [2, any], flags: [unaligned, out_of_place, inv_only], prio: 96
    3: mdct_naive_inv_float_c - type: mdct_float, len: [2, ∞], factors[2]: [2, any], flags: [unaligned, out_of_place, inv_only], prio: -130976
For transform of length 256, inverse, fft_float, flags: [aligned, inplace, preshuf, asm_call], found 3 matches:
    1: fft_sr_asm_float_fma3 - type: fft_float, len: [64, 131072], factor: 2, flags: [aligned, inplace, out_of_place, preshuf, asm_call], prio: 448
    2: fft_sr_asm_float_avx2 - type: fft_float, len: [64, 131072], factor: 2, flags: [aligned, inplace, out_of_place, preshuf, asm_call], prio: 447
    3: fft_sr_asm_float_avx - type: fft_float, len: [64, 131072], factor: 2, flags: [aligned, inplace, out_of_place, preshuf, asm_call], prio: 416
Transform tree:
    mdct_inv_float_avx2 - type: mdct_float, len: 512, factors[2]: [2, any], flags: [aligned, out_of_place, inv_only]
        fft_sr_asm_float_fma3 - type: fft_float, len: 256, factor: 2, flags: [aligned, inplace, out_of_place, preshuf, asm_call]
For transform of length 960, inverse, mdct_float, flags: [aligned, out_of_place], found 6 matches:
    1: mdct_inv_float_avx2 - type: mdct_float, len: [16, ∞], factors[2]: [2, any], flags: [aligned, out_of_place, inv_only], prio: 511
    2: mdct_pfa_15xM_inv_float_c - type: mdct_float, len: [30, ∞], factors[2]: [15, any], flags: [unaligned, out_of_place, inv_only], prio: 304
    3: mdct_pfa_5xM_inv_float_c - type: mdct_float, len: [10, ∞], factors[2]: [5, any], flags: [unaligned, out_of_place, inv_only], prio: 144
    4: mdct_pfa_3xM_inv_float_c - type: mdct_float, len: [6, ∞], factors[2]: [3, any], flags: [unaligned, out_of_place, inv_only], prio: 112
    5: mdct_inv_float_c - type: mdct_float, len: [2, ∞], factors[2]: [2, any], flags: [unaligned, out_of_place, inv_only], prio: 96
    6: mdct_naive_inv_float_c - type: mdct_float, len: [2, ∞], factors[2]: [2, any], flags: [unaligned, out_of_place, inv_only], prio: -130976
For transform of length 480, inverse, fft_float, flags: [aligned, inplace, preshuf, asm_call], found 1 matches:
    1: fft_pfa_15xM_asm_float_avx2 - type: fft_float, len: [60, ∞], factors[2]: [15, 2], flags: [aligned, inplace, out_of_place, preshuf, asm_call], prio: 655
For transform of length 32, inverse, fft_float, flags: [aligned, inplace, preshuf, asm_call], found 2 matches:
    1: fft32_asm_float_fma3 - type: fft_float, len: 32, factor: 2, flags: [aligned, inplace, out_of_place, preshuf, asm_call], prio: 512
    2: fft32_asm_float_avx - type: fft_float, len: 32, factor: 2, flags: [aligned, inplace, out_of_place, preshuf, asm_call], prio: 480
Transform tree:
    mdct_inv_float_avx2 - type: mdct_float, len: 960, factors[2]: [2, any], flags: [aligned, out_of_place, inv_only]
        fft_pfa_15xM_asm_float_avx2 - type: fft_float, len: 480, factors[2]: [15, 2], flags: [aligned, inplace, out_of_place, preshuf, asm_call]
            fft32_asm_float_fma3 - type: fft_float, len: 32, factor: 2, flags: [aligned, inplace, out_of_place, preshuf, asm_call]
For transform of length 1024, inverse, mdct_float, flags: [aligned, out_of_place], found 3 matches:
    1: mdct_inv_float_avx2 - type: mdct_float, len: [16, ∞], factors[2]: [2, any], flags: [aligned, out_of_place, inv_only], prio: 511
    2: mdct_inv_float_c - type: mdct_float, len: [2, ∞], factors[2]: [2, any], flags: [unaligned, out_of_place, inv_only], prio: 96
    3: mdct_naive_inv_float_c - type: mdct_float, len: [2, ∞], factors[2]: [2, any], flags: [unaligned, out_of_place, inv_only], prio: -130976
For transform of length 512, inverse, fft_float, flags: [aligned, inplace, preshuf, asm_call], found 3 matches:
    1: fft_sr_asm_float_fma3 - type: fft_float, len: [64, 131072], factor: 2, flags: [aligned, inplace, out_of_place, preshuf, asm_call], prio: 448
    2: fft_sr_asm_float_avx2 - type: fft_float, len: [64, 131072], factor: 2, flags: [aligned, inplace, out_of_place, preshuf, asm_call], prio: 447
    3: fft_sr_asm_float_avx - type: fft_float, len: [64, 131072], factor: 2, flags: [aligned, inplace, out_of_place, preshuf, asm_call], prio: 416
Transform tree:
    mdct_inv_float_avx2 - type: mdct_float, len: 1024, factors[2]: [2, any], flags: [aligned, out_of_place, inv_only]
        fft_sr_asm_float_fma3 - type: fft_float, len: 512, factor: 2, flags: [aligned, inplace, out_of_place, preshuf, asm_call]
For transform of length 1024, forward, mdct_float, flags: [aligned, out_of_place], found 2 matches:
    1: mdct_fwd_float_c - type: mdct_float, len: [2, ∞], factors[2]: [2, any], flags: [unaligned, out_of_place, fwd_only], prio: 96
    2: mdct_naive_fwd_float_c - type: mdct_float, len: [2, ∞], factors[2]: [2, any], flags: [unaligned, out_of_place, fwd_only], prio: -130976
For transform of length 512, forward, fft_float, flags: [aligned, inplace, preshuf], found 5 matches:
    1: fft_sr_ns_float_fma3 - type: fft_float, len: [64, 131072], factor: 2, flags: [aligned, inplace, out_of_place, preshuf], prio: 448
    2: fft_sr_ns_float_avx2 - type: fft_float, len: [64, 131072], factor: 2, flags: [aligned, inplace, out_of_place, preshuf], prio: 447
    3: fft_sr_ns_float_avx - type: fft_float, len: [64, 131072], factor: 2, flags: [aligned, inplace, out_of_place, preshuf], prio: 416
    4: fft_pfa_ns_float_c - type: fft_float, len: [6, ∞], factors[2]: [7, 5, 3, 2, any], flags: [unaligned, inplace, out_of_place, preshuf], prio: 112
    5: fft512_ns_float_c - type: fft_float, len: 512, factor: 2, flags: [unaligned, inplace, out_of_place, preshuf], prio: 96
Transform tree:
    mdct_fwd_float_c - type: mdct_float, len: 1024, factors[2]: [2, any], flags: [unaligned, out_of_place, fwd_only]
        fft_sr_ns_float_fma3 - type: fft_float, len: 512, factor: 2, flags: [aligned, inplace, out_of_place, preshuf]
[mpegts @ 0x55c9f949f9c0] All programs have pmt, headers found
[mpegts @ 0x55c9f949f9c0] probing stream 0 pp:2500
[mpegts @ 0x55c9f949f9c0] probing stream 0 pp:2499
[mpegts @ 0x55c9f949f9c0] probing stream 0 pp:2498
[mpegts @ 0x55c9f949f9c0] Probe with size=779, packets=3 detected aac with score=51
[mpegts @ 0x55c9f949f9c0] probed stream 0
[mpegts @ 0x55c9f9e13480] All programs have pmt, headers found
[mpegts @ 0x55c9f9e13480] probing stream 0 pp:2500
[mpegts @ 0x55c9f9e13480] probing stream 0 pp:2499
[mpegts @ 0x55c9f9e13480] probing stream 0 pp:2498
[mpegts @ 0x55c9f9e13480] Probe with size=779, packets=3 detected aac with score=51
[mpegts @ 0x55c9f9e13480] probed stream 0
[mpegts @ 0x55c9f9e65cc0] All programs have pmt, headers found
[mpegts @ 0x55c9f9e65cc0] probing stream 0 pp:2500
[mpegts @ 0x55c9f9e65cc0] probing stream 0 pp:2499
[mpegts @ 0x55c9f9e65cc0] probing stream 0 pp:2498
[mpegts @ 0x55c9f9e65cc0] Probe with size=779, packets=3 detected aac with score=51
[mpegts @ 0x55c9f9e65cc0] probed stream 0
For transform of length 64, inverse, mdct_float, flags: [aligned, out_of_place], found 3 matches:
    1: mdct_inv_float_avx2 - type: mdct_float, len: [16, ∞], factors[2]: [2, any], flags: [aligned, out_of_place, inv_only], prio: 511
    2: mdct_inv_float_c - type: mdct_float, len: [2, ∞], factors[2]: [2, any], flags: [unaligned, out_of_place, inv_only], prio: 96
    3: mdct_naive_inv_float_c - type: mdct_float, len: [2, ∞], factors[2]: [2, any], flags: [unaligned, out_of_place, inv_only], prio: -130976
For transform of length 32, inverse, fft_float, flags: [aligned, inplace, preshuf, asm_call], found 2 matches:
    1: fft32_asm_float_fma3 - type: fft_float, len: 32, factor: 2, flags: [aligned, inplace, out_of_place, preshuf, asm_call], prio: 512
    2: fft32_asm_float_avx - type: fft_float, len: 32, factor: 2, flags: [aligned, inplace, out_of_place, preshuf, asm_call], prio: 480
Transform tree:
    mdct_inv_float_avx2 - type: mdct_float, len: 64, factors[2]: [2, any], flags: [aligned, out_of_place, inv_only]
        fft32_asm_float_fma3 - type: fft_float, len: 32, factor: 2, flags: [aligned, inplace, out_of_place, preshuf, asm_call]
For transform of length 64, inverse, mdct_float, flags: [aligned, out_of_place], found 3 matches:
    1: mdct_inv_float_avx2 - type: mdct_float, len: [16, ∞], factors[2]: [2, any], flags: [aligned, out_of_place, inv_only], prio: 511
    2: mdct_inv_float_c - type: mdct_float, len: [2, ∞], factors[2]: [2, any], flags: [unaligned, out_of_place, inv_only], prio: 96
    3: mdct_naive_inv_float_c - type: mdct_float, len: [2, ∞], factors[2]: [2, any], flags: [unaligned, out_of_place, inv_only], prio: -130976
For transform of length 32, inverse, fft_float, flags: [aligned, inplace, preshuf, asm_call], found 2 matches:
    1: fft32_asm_float_fma3 - type: fft_float, len: 32, factor: 2, flags: [aligned, inplace, out_of_place, preshuf, asm_call], prio: 512
    2: fft32_asm_float_avx - type: fft_float, len: 32, factor: 2, flags: [aligned, inplace, out_of_place, preshuf, asm_call], prio: 480
Transform tree:
    mdct_inv_float_avx2 - type: mdct_float, len: 64, factors[2]: [2, any], flags: [aligned, out_of_place, inv_only]
        fft32_asm_float_fma3 - type: fft_float, len: 32, factor: 2, flags: [aligned, inplace, out_of_place, preshuf, asm_call]
For transform of length 64, inverse, mdct_float, flags: [aligned, out_of_place], found 3 matches:
    1: mdct_inv_float_avx2 - type: mdct_float, len: [16, ∞], factors[2]: [2, any], flags: [aligned, out_of_place, inv_only], prio: 511
    2: mdct_inv_float_c - type: mdct_float, len: [2, ∞], factors[2]: [2, any], flags: [unaligned, out_of_place, inv_only], prio: 96
    3: mdct_naive_inv_float_c - type: mdct_float, len: [2, ∞], factors[2]: [2, any], flags: [unaligned, out_of_place, inv_only], prio: -130976
For transform of length 32, inverse, fft_float, flags: [aligned, inplace, preshuf, asm_call], found 2 matches:
    1: fft32_asm_float_fma3 - type: fft_float, len: 32, factor: 2, flags: [aligned, inplace, out_of_place, preshuf, asm_call], prio: 512
    2: fft32_asm_float_avx - type: fft_float, len: 32, factor: 2, flags: [aligned, inplace, out_of_place, preshuf, asm_call], prio: 480
Transform tree:
    mdct_inv_float_avx2 - type: mdct_float, len: 64, factors[2]: [2, any], flags: [aligned, out_of_place, inv_only]
        fft32_asm_float_fma3 - type: fft_float, len: 32, factor: 2, flags: [aligned, inplace, out_of_place, preshuf, asm_call]
For transform of length 64, inverse, mdct_float, flags: [aligned, out_of_place], found 3 matches:
    1: mdct_inv_float_avx2 - type: mdct_float, len: [16, ∞], factors[2]: [2, any], flags: [aligned, out_of_place, inv_only], prio: 511
    2: mdct_inv_float_c - type: mdct_float, len: [2, ∞], factors[2]: [2, any], flags: [unaligned, out_of_place, inv_only], prio: 96
    3: mdct_naive_inv_float_c - type: mdct_float, len: [2, ∞], factors[2]: [2, any], flags: [unaligned, out_of_place, inv_only], prio: -130976
For transform of length 32, inverse, fft_float, flags: [aligned, inplace, preshuf, asm_call], found 2 matches:
    1: fft32_asm_float_fma3 - type: fft_float, len: 32, factor: 2, flags: [aligned, inplace, out_of_place, preshuf, asm_call], prio: 512
    2: fft32_asm_float_avx - type: fft_float, len: 32, factor: 2, flags: [aligned, inplace, out_of_place, preshuf, asm_call], prio: 480
Transform tree:
    mdct_inv_float_avx2 - type: mdct_float, len: 64, factors[2]: [2, any], flags: [aligned, out_of_place, inv_only]
        fft32_asm_float_fma3 - type: fft_float, len: 32, factor: 2, flags: [aligned, inplace, out_of_place, preshuf, asm_call]
For transform of length 64, inverse, mdct_float, flags: [aligned, out_of_place], found 3 matches:
    1: mdct_inv_float_avx2 - type: mdct_float, len: [16, ∞], factors[2]: [2, any], flags: [aligned, out_of_place, inv_only], prio: 511
    2: mdct_inv_float_c - type: mdct_float, len: [2, ∞], factors[2]: [2, any], flags: [unaligned, out_of_place, inv_only], prio: 96
    3: mdct_naive_inv_float_c - type: mdct_float, len: [2, ∞], factors[2]: [2, any], flags: [unaligned, out_of_place, inv_only], prio: -130976
For transform of length 32, inverse, fft_float, flags: [aligned, inplace, preshuf, asm_call], found 2 matches:
    1: fft32_asm_float_fma3 - type: fft_float, len: 32, factor: 2, flags: [aligned, inplace, out_of_place, preshuf, asm_call], prio: 512
    2: fft32_asm_float_avx - type: fft_float, len: 32, factor: 2, flags: [aligned, inplace, out_of_place, preshuf, asm_call], prio: 480
Transform tree:
    mdct_inv_float_avx2 - type: mdct_float, len: 64, factors[2]: [2, any], flags: [aligned, out_of_place, inv_only]
        fft32_asm_float_fma3 - type: fft_float, len: 32, factor: 2, flags: [aligned, inplace, out_of_place, preshuf, asm_call]
For transform of length 64, inverse, mdct_float, flags: [aligned, out_of_place], found 3 matches:
    1: mdct_inv_float_avx2 - type: mdct_float, len: [16, ∞], factors[2]: [2, any], flags: [aligned, out_of_place, inv_only], prio: 511
    2: mdct_inv_float_c - type: mdct_float, len: [2, ∞], factors[2]: [2, any], flags: [unaligned, out_of_place, inv_only], prio: 96
    3: mdct_naive_inv_float_c - type: mdct_float, len: [2, ∞], factors[2]: [2, any], flags: [unaligned, out_of_place, inv_only], prio: -130976
For transform of length 32, inverse, fft_float, flags: [aligned, inplace, preshuf, asm_call], found 2 matches:
    1: fft32_asm_float_fma3 - type: fft_float, len: 32, factor: 2, flags: [aligned, inplace, out_of_place, preshuf, asm_call], prio: 512
    2: fft32_asm_float_avx - type: fft_float, len: 32, factor: 2, flags: [aligned, inplace, out_of_place, preshuf, asm_call], prio: 480
Transform tree:
    mdct_inv_float_avx2 - type: mdct_float, len: 64, factors[2]: [2, any], flags: [aligned, out_of_place, inv_only]
        fft32_asm_float_fma3 - type: fft_float, len: 32, factor: 2, flags: [aligned, inplace, out_of_place, preshuf, asm_call]
[NULL @ 0x55c9f97d6700] Decoding VUI
[extract_extradata @ 0x55c9fa503500] nal_unit_type: 9(AUD), nal_ref_idc: 0
[extract_extradata @ 0x55c9fa503500] nal_unit_type: 7(SPS), nal_ref_idc: 3
[extract_extradata @ 0x55c9fa503500] nal_unit_type: 8(PPS), nal_ref_idc: 3
[extract_extradata @ 0x55c9fa503500] nal_unit_type: 5(IDR), nal_ref_idc: 3
[h264 @ 0x55c9f9cb5e80] nal_unit_type: 9(AUD), nal_ref_idc: 0
[h264 @ 0x55c9f9cb5e80] nal_unit_type: 7(SPS), nal_ref_idc: 3
[h264 @ 0x55c9f9cb5e80] nal_unit_type: 8(PPS), nal_ref_idc: 3
[h264 @ 0x55c9f9cb5e80] nal_unit_type: 5(IDR), nal_ref_idc: 3
[h264 @ 0x55c9f9cb5e80] Decoding VUI
[h264 @ 0x55c9f9cb5e80] Format yuv420p chosen by get_format().
[h264 @ 0x55c9f9cb5e80] Reinit context to 864x480, pix_fmt: yuv420p
[h264 @ 0x55c9f9cb5e80] no picture 
[NULL @ 0x55c9f9e37ec0] Decoding VUI
[extract_extradata @ 0x55c9fa68a700] nal_unit_type: 9(AUD), nal_ref_idc: 0
[extract_extradata @ 0x55c9fa68a700] nal_unit_type: 7(SPS), nal_ref_idc: 3
[extract_extradata @ 0x55c9fa68a700] nal_unit_type: 8(PPS), nal_ref_idc: 3
[extract_extradata @ 0x55c9fa68a700] nal_unit_type: 5(IDR), nal_ref_idc: 3
[h264 @ 0x55c9f9fecbc0] nal_unit_type: 9(AUD), nal_ref_idc: 0
[h264 @ 0x55c9f9fecbc0] nal_unit_type: 7(SPS), nal_ref_idc: 3
[h264 @ 0x55c9f9fecbc0] nal_unit_type: 8(PPS), nal_ref_idc: 3
[h264 @ 0x55c9f9fecbc0] nal_unit_type: 5(IDR), nal_ref_idc: 3
[h264 @ 0x55c9f9fecbc0] Decoding VUI
[h264 @ 0x55c9f9fecbc0] Format yuv420p chosen by get_format().
[h264 @ 0x55c9f9fecbc0] Reinit context to 1024x576, pix_fmt: yuv420p
[h264 @ 0x55c9f9fecbc0] no picture 
[NULL @ 0x55c9fa280200] Decoding VUI
[extract_extradata @ 0x55c9fa80a740] nal_unit_type: 9(AUD), nal_ref_idc: 0
[extract_extradata @ 0x55c9fa80a740] nal_unit_type: 7(SPS), nal_ref_idc: 3
[extract_extradata @ 0x55c9fa80a740] nal_unit_type: 8(PPS), nal_ref_idc: 3
[extract_extradata @ 0x55c9fa80a740] nal_unit_type: 5(IDR), nal_ref_idc: 3
[h264 @ 0x55c9fa21ac40] nal_unit_type: 9(AUD), nal_ref_idc: 0
[h264 @ 0x55c9fa21ac40] nal_unit_type: 7(SPS), nal_ref_idc: 3
[h264 @ 0x55c9fa21ac40] nal_unit_type: 8(PPS), nal_ref_idc: 3
[h264 @ 0x55c9fa21ac40] nal_unit_type: 5(IDR), nal_ref_idc: 3
[h264 @ 0x55c9fa21ac40] Decoding VUI
[h264 @ 0x55c9fa21ac40] Format yuv420p chosen by get_format().
[h264 @ 0x55c9fa21ac40] Reinit context to 1216x688, pix_fmt: yuv420p
[h264 @ 0x55c9fa21ac40] no picture 
[hls @ 0x55c9f9485e80] All info found
[hls @ 0x55c9f9485e80] After avformat_find_stream_info() pos: 4886 bytes read:4886 seeks:0 frames:165
Input #0, hls, from 'https://jmp2.uk/plu-6320ddef274b1b0007b2ee88.m3u8':
  Duration: N/A, start: 456.018667, bitrate: N/A
  Program 0 
    Metadata:
      variant_bitrate : 1539795
  Stream #0:0, 34, 1/90000: Audio: aac (LC) ([15][0][0][0] / 0x000F), 48000 Hz, stereo, fltp
    Metadata:
      variant_bitrate : 1539795
  Stream #0:1, 21, 1/90000: Video: h264 (High) ([27][0][0][0] / 0x001B), yuv420p, 854x480 [SAR 1:1 DAR 427:240], 30 fps, 30 tbr, 90k tbn
    Metadata:
      variant_bitrate : 1539795
  Program 1 
    Metadata:
      variant_bitrate : 2142297
  Stream #0:2, 34, 1/90000: Audio: aac (LC) ([15][0][0][0] / 0x000F), 48000 Hz, stereo, fltp
    Metadata:
      variant_bitrate : 2142297
  Stream #0:3, 21, 1/90000: Video: h264 (High) ([27][0][0][0] / 0x001B), yuv420p, 1024x576 [SAR 1:1 DAR 16:9], 30 fps, 30 tbr, 90k tbn
    Metadata:
      variant_bitrate : 2142297
  Program 2 
    Metadata:
      variant_bitrate : 3063648
  Stream #0:4, 34, 1/90000: Audio: aac (LC) ([15][0][0][0] / 0x000F), 48000 Hz, stereo, fltp
    Metadata:
      variant_bitrate : 3063648
  Stream #0:5, 21, 1/90000: Video: h264 (High) ([27][0][0][0] / 0x001B), yuv420p, 1216x684 [SAR 1:1 DAR 16:9], 30 fps, 30 tbr, 90k tbn
    Metadata:
      variant_bitrate : 3063648
Successfully opened the file.
Parsing a group of options: output url -.
Applying option t (record or transcode "duration" seconds of audio/video) with argument 7.
Applying option f (force format) with argument null.
Successfully parsed a group of options.
Opening an output file: -.
[out#0/null @ 0x55c9fa4a7e80] No explicit maps, mapping streams automatically...
[vost#0:0/wrapped_avframe @ 0x55c9fa50b740] Created video stream from input stream 0:5
detected 4 logical cores
[h264 @ 0x55c9fa80b4c0] nal_unit_type: 7(SPS), nal_ref_idc: 3
[h264 @ 0x55c9fa80b4c0] nal_unit_type: 8(PPS), nal_ref_idc: 3
[h264 @ 0x55c9fa80b4c0] Decoding VUI
[aost#0:1/pcm_s16le @ 0x55c9fa5e6840] Created audio stream from input stream 0:0
For transform of length 64, inverse, mdct_float, flags: [aligned, out_of_place], found 3 matches:
    1: mdct_inv_float_avx2 - type: mdct_float, len: [16, ∞], factors[2]: [2, any], flags: [aligned, out_of_place, inv_only], prio: 511
    2: mdct_inv_float_c - type: mdct_float, len: [2, ∞], factors[2]: [2, any], flags: [unaligned, out_of_place, inv_only], prio: 96
    3: mdct_naive_inv_float_c - type: mdct_float, len: [2, ∞], factors[2]: [2, any], flags: [unaligned, out_of_place, inv_only], prio: -130976
For transform of length 32, inverse, fft_float, flags: [aligned, inplace, preshuf, asm_call], found 2 matches:
    1: fft32_asm_float_fma3 - type: fft_float, len: 32, factor: 2, flags: [aligned, inplace, out_of_place, preshuf, asm_call], prio: 512
    2: fft32_asm_float_avx - type: fft_float, len: 32, factor: 2, flags: [aligned, inplace, out_of_place, preshuf, asm_call], prio: 480
Transform tree:
    mdct_inv_float_avx2 - type: mdct_float, len: 64, factors[2]: [2, any], flags: [aligned, out_of_place, inv_only]
        fft32_asm_float_fma3 - type: fft_float, len: 32, factor: 2, flags: [aligned, inplace, out_of_place, preshuf, asm_call]
For transform of length 64, inverse, mdct_float, flags: [aligned, out_of_place], found 3 matches:
    1: mdct_inv_float_avx2 - type: mdct_float, len: [16, ∞], factors[2]: [2, any], flags: [aligned, out_of_place, inv_only], prio: 511
    2: mdct_inv_float_c - type: mdct_float, len: [2, ∞], factors[2]: [2, any], flags: [unaligned, out_of_place, inv_only], prio: 96
    3: mdct_naive_inv_float_c - type: mdct_float, len: [2, ∞], factors[2]: [2, any], flags: [unaligned, out_of_place, inv_only], prio: -130976
For transform of length 32, inverse, fft_float, flags: [aligned, inplace, preshuf, asm_call], found 2 matches:
    1: fft32_asm_float_fma3 - type: fft_float, len: 32, factor: 2, flags: [aligned, inplace, out_of_place, preshuf, asm_call], prio: 512
    2: fft32_asm_float_avx - type: fft_float, len: 32, factor: 2, flags: [aligned, inplace, out_of_place, preshuf, asm_call], prio: 480
Transform tree:
    mdct_inv_float_avx2 - type: mdct_float, len: 64, factors[2]: [2, any], flags: [aligned, out_of_place, inv_only]
        fft32_asm_float_fma3 - type: fft_float, len: 32, factor: 2, flags: [aligned, inplace, out_of_place, preshuf, asm_call]
For transform of length 120, inverse, mdct_float, flags: [aligned, out_of_place], found 6 matches:
    1: mdct_inv_float_avx2 - type: mdct_float, len: [16, ∞], factors[2]: [2, any], flags: [aligned, out_of_place, inv_only], prio: 511
    2: mdct_pfa_15xM_inv_float_c - type: mdct_float, len: [30, ∞], factors[2]: [15, any], flags: [unaligned, out_of_place, inv_only], prio: 304
    3: mdct_pfa_5xM_inv_float_c - type: mdct_float, len: [10, ∞], factors[2]: [5, any], flags: [unaligned, out_of_place, inv_only], prio: 144
    4: mdct_pfa_3xM_inv_float_c - type: mdct_float, len: [6, ∞], factors[2]: [3, any], flags: [unaligned, out_of_place, inv_only], prio: 112
    5: mdct_inv_float_c - type: mdct_float, len: [2, ∞], factors[2]: [2, any], flags: [unaligned, out_of_place, inv_only], prio: 96
    6: mdct_naive_inv_float_c - type: mdct_float, len: [2, ∞], factors[2]: [2, any], flags: [unaligned, out_of_place, inv_only], prio: -130976
For transform of length 60, inverse, fft_float, flags: [aligned, inplace, preshuf, asm_call], found 1 matches:
    1: fft_pfa_15xM_asm_float_avx2 - type: fft_float, len: [60, ∞], factors[2]: [15, 2], flags: [aligned, inplace, out_of_place, preshuf, asm_call], prio: 655
For transform of length 4, inverse, fft_float, flags: [aligned, inplace, preshuf, asm_call], found 1 matches:
    1: fft4_fwd_asm_float_sse2 - type: fft_float, len: 4, factor: 2, flags: [aligned, inplace, out_of_place, preshuf, asm_call], prio: 352
Transform tree:
    mdct_inv_float_avx2 - type: mdct_float, len: 120, factors[2]: [2, any], flags: [aligned, out_of_place, inv_only]
        fft_pfa_15xM_asm_float_avx2 - type: fft_float, len: 60, factors[2]: [15, 2], flags: [aligned, inplace, out_of_place, preshuf, asm_call]
            fft4_fwd_asm_float_sse2 - type: fft_float, len: 4, factor: 2, flags: [aligned, inplace, out_of_place, preshuf, asm_call]
For transform of length 128, inverse, mdct_float, flags: [aligned, out_of_place], found 3 matches:
    1: mdct_inv_float_avx2 - type: mdct_float, len: [16, ∞], factors[2]: [2, any], flags: [aligned, out_of_place, inv_only], prio: 511
    2: mdct_inv_float_c - type: mdct_float, len: [2, ∞], factors[2]: [2, any], flags: [unaligned, out_of_place, inv_only], prio: 96
    3: mdct_naive_inv_float_c - type: mdct_float, len: [2, ∞], factors[2]: [2, any], flags: [unaligned, out_of_place, inv_only], prio: -130976
For transform of length 64, inverse, fft_float, flags: [aligned, inplace, preshuf, asm_call], found 3 matches:
    1: fft_sr_asm_float_fma3 - type: fft_float, len: [64, 131072], factor: 2, flags: [aligned, inplace, out_of_place, preshuf, asm_call], prio: 448
    2: fft_sr_asm_float_avx2 - type: fft_float, len: [64, 131072], factor: 2, flags: [aligned, inplace, out_of_place, preshuf, asm_call], prio: 447
    3: fft_sr_asm_float_avx - type: fft_float, len: [64, 131072], factor: 2, flags: [aligned, inplace, out_of_place, preshuf, asm_call], prio: 416
Transform tree:
    mdct_inv_float_avx2 - type: mdct_float, len: 128, factors[2]: [2, any], flags: [aligned, out_of_place, inv_only]
        fft_sr_asm_float_fma3 - type: fft_float, len: 64, factor: 2, flags: [aligned, inplace, out_of_place, preshuf, asm_call]
For transform of length 480, inverse, mdct_float, flags: [aligned, out_of_place], found 6 matches:
    1: mdct_inv_float_avx2 - type: mdct_float, len: [16, ∞], factors[2]: [2, any], flags: [aligned, out_of_place, inv_only], prio: 511
    2: mdct_pfa_15xM_inv_float_c - type: mdct_float, len: [30, ∞], factors[2]: [15, any], flags: [unaligned, out_of_place, inv_only], prio: 304
    3: mdct_pfa_5xM_inv_float_c - type: mdct_float, len: [10, ∞], factors[2]: [5, any], flags: [unaligned, out_of_place, inv_only], prio: 144
    4: mdct_pfa_3xM_inv_float_c - type: mdct_float, len: [6, ∞], factors[2]: [3, any], flags: [unaligned, out_of_place, inv_only], prio: 112
    5: mdct_inv_float_c - type: mdct_float, len: [2, ∞], factors[2]: [2, any], flags: [unaligned, out_of_place, inv_only], prio: 96
    6: mdct_naive_inv_float_c - type: mdct_float, len: [2, ∞], factors[2]: [2, any], flags: [unaligned, out_of_place, inv_only], prio: -130976
For transform of length 240, inverse, fft_float, flags: [aligned, inplace, preshuf, asm_call], found 1 matches:
    1: fft_pfa_15xM_asm_float_avx2 - type: fft_float, len: [60, ∞], factors[2]: [15, 2], flags: [aligned, inplace, out_of_place, preshuf, asm_call], prio: 655
For transform of length 16, inverse, fft_float, flags: [aligned, inplace, preshuf, asm_call], found 2 matches:
    1: fft16_asm_float_fma3 - type: fft_float, len: 16, factor: 2, flags: [aligned, inplace, out_of_place, preshuf, asm_call], prio: 512
    2: fft16_asm_float_avx - type: fft_float, len: 16, factor: 2, flags: [aligned, inplace, out_of_place, preshuf, asm_call], prio: 480
Transform tree:
    mdct_inv_float_avx2 - type: mdct_float, len: 480, factors[2]: [2, any], flags: [aligned, out_of_place, inv_only]
        fft_pfa_15xM_asm_float_avx2 - type: fft_float, len: 240, factors[2]: [15, 2], flags: [aligned, inplace, out_of_place, preshuf, asm_call]
            fft16_asm_float_fma3 - type: fft_float, len: 16, factor: 2, flags: [aligned, inplace, out_of_place, preshuf, asm_call]
For transform of length 512, inverse, mdct_float, flags: [aligned, out_of_place], found 3 matches:
    1: mdct_inv_float_avx2 - type: mdct_float, len: [16, ∞], factors[2]: [2, any], flags: [aligned, out_of_place, inv_only], prio: 511
    2: mdct_inv_float_c - type: mdct_float, len: [2, ∞], factors[2]: [2, any], flags: [unaligned, out_of_place, inv_only], prio: 96
    3: mdct_naive_inv_float_c - type: mdct_float, len: [2, ∞], factors[2]: [2, any], flags: [unaligned, out_of_place, inv_only], prio: -130976
For transform of length 256, inverse, fft_float, flags: [aligned, inplace, preshuf, asm_call], found 3 matches:
    1: fft_sr_asm_float_fma3 - type: fft_float, len: [64, 131072], factor: 2, flags: [aligned, inplace, out_of_place, preshuf, asm_call], prio: 448
    2: fft_sr_asm_float_avx2 - type: fft_float, len: [64, 131072], factor: 2, flags: [aligned, inplace, out_of_place, preshuf, asm_call], prio: 447
    3: fft_sr_asm_float_avx - type: fft_float, len: [64, 131072], factor: 2, flags: [aligned, inplace, out_of_place, preshuf, asm_call], prio: 416
Transform tree:
    mdct_inv_float_avx2 - type: mdct_float, len: 512, factors[2]: [2, any], flags: [aligned, out_of_place, inv_only]
        fft_sr_asm_float_fma3 - type: fft_float, len: 256, factor: 2, flags: [aligned, inplace, out_of_place, preshuf, asm_call]
For transform of length 960, inverse, mdct_float, flags: [aligned, out_of_place], found 6 matches:
    1: mdct_inv_float_avx2 - type: mdct_float, len: [16, ∞], factors[2]: [2, any], flags: [aligned, out_of_place, inv_only], prio: 511
    2: mdct_pfa_15xM_inv_float_c - type: mdct_float, len: [30, ∞], factors[2]: [15, any], flags: [unaligned, out_of_place, inv_only], prio: 304
    3: mdct_pfa_5xM_inv_float_c - type: mdct_float, len: [10, ∞], factors[2]: [5, any], flags: [unaligned, out_of_place, inv_only], prio: 144
    4: mdct_pfa_3xM_inv_float_c - type: mdct_float, len: [6, ∞], factors[2]: [3, any], flags: [unaligned, out_of_place, inv_only], prio: 112
    5: mdct_inv_float_c - type: mdct_float, len: [2, ∞], factors[2]: [2, any], flags: [unaligned, out_of_place, inv_only], prio: 96
    6: mdct_naive_inv_float_c - type: mdct_float, len: [2, ∞], factors[2]: [2, any], flags: [unaligned, out_of_place, inv_only], prio: -130976
For transform of length 480, inverse, fft_float, flags: [aligned, inplace, preshuf, asm_call], found 1 matches:
    1: fft_pfa_15xM_asm_float_avx2 - type: fft_float, len: [60, ∞], factors[2]: [15, 2], flags: [aligned, inplace, out_of_place, preshuf, asm_call], prio: 655
For transform of length 32, inverse, fft_float, flags: [aligned, inplace, preshuf, asm_call], found 2 matches:
    1: fft32_asm_float_fma3 - type: fft_float, len: 32, factor: 2, flags: [aligned, inplace, out_of_place, preshuf, asm_call], prio: 512
    2: fft32_asm_float_avx - type: fft_float, len: 32, factor: 2, flags: [aligned, inplace, out_of_place, preshuf, asm_call], prio: 480
Transform tree:
    mdct_inv_float_avx2 - type: mdct_float, len: 960, factors[2]: [2, any], flags: [aligned, out_of_place, inv_only]
        fft_pfa_15xM_asm_float_avx2 - type: fft_float, len: 480, factors[2]: [15, 2], flags: [aligned, inplace, out_of_place, preshuf, asm_call]
            fft32_asm_float_fma3 - type: fft_float, len: 32, factor: 2, flags: [aligned, inplace, out_of_place, preshuf, asm_call]
For transform of length 1024, inverse, mdct_float, flags: [aligned, out_of_place], found 3 matches:
    1: mdct_inv_float_avx2 - type: mdct_float, len: [16, ∞], factors[2]: [2, any], flags: [aligned, out_of_place, inv_only], prio: 511
    2: mdct_inv_float_c - type: mdct_float, len: [2, ∞], factors[2]: [2, any], flags: [unaligned, out_of_place, inv_only], prio: 96
    3: mdct_naive_inv_float_c - type: mdct_float, len: [2, ∞], factors[2]: [2, any], flags: [unaligned, out_of_place, inv_only], prio: -130976
For transform of length 512, inverse, fft_float, flags: [aligned, inplace, preshuf, asm_call], found 3 matches:
    1: fft_sr_asm_float_fma3 - type: fft_float, len: [64, 131072], factor: 2, flags: [aligned, inplace, out_of_place, preshuf, asm_call], prio: 448
    2: fft_sr_asm_float_avx2 - type: fft_float, len: [64, 131072], factor: 2, flags: [aligned, inplace, out_of_place, preshuf, asm_call], prio: 447
    3: fft_sr_asm_float_avx - type: fft_float, len: [64, 131072], factor: 2, flags: [aligned, inplace, out_of_place, preshuf, asm_call], prio: 416
Transform tree:
    mdct_inv_float_avx2 - type: mdct_float, len: 1024, factors[2]: [2, any], flags: [aligned, out_of_place, inv_only]
        fft_sr_asm_float_fma3 - type: fft_float, len: 512, factor: 2, flags: [aligned, inplace, out_of_place, preshuf, asm_call]
For transform of length 1024, forward, mdct_float, flags: [aligned, out_of_place], found 2 matches:
    1: mdct_fwd_float_c - type: mdct_float, len: [2, ∞], factors[2]: [2, any], flags: [unaligned, out_of_place, fwd_only], prio: 96
    2: mdct_naive_fwd_float_c - type: mdct_float, len: [2, ∞], factors[2]: [2, any], flags: [unaligned, out_of_place, fwd_only], prio: -130976
For transform of length 512, forward, fft_float, flags: [aligned, inplace, preshuf], found 5 matches:
    1: fft_sr_ns_float_fma3 - type: fft_float, len: [64, 131072], factor: 2, flags: [aligned, inplace, out_of_place, preshuf], prio: 448
    2: fft_sr_ns_float_avx2 - type: fft_float, len: [64, 131072], factor: 2, flags: [aligned, inplace, out_of_place, preshuf], prio: 447
    3: fft_sr_ns_float_avx - type: fft_float, len: [64, 131072], factor: 2, flags: [aligned, inplace, out_of_place, preshuf], prio: 416
    4: fft_pfa_ns_float_c - type: fft_float, len: [6, ∞], factors[2]: [7, 5, 3, 2, any], flags: [unaligned, inplace, out_of_place, preshuf], prio: 112
    5: fft512_ns_float_c - type: fft_float, len: 512, factor: 2, flags: [unaligned, inplace, out_of_place, preshuf], prio: 96
Transform tree:
    mdct_fwd_float_c - type: mdct_float, len: 1024, factors[2]: [2, any], flags: [unaligned, out_of_place, fwd_only]
        fft_sr_ns_float_fma3 - type: fft_float, len: 512, factor: 2, flags: [aligned, inplace, out_of_place, preshuf]
Successfully opened the file.
Stream mapping:
  Stream #0:5 -> #0:0 (h264 (native) -> wrapped_avframe (native))
  Stream #0:0 -> #0:1 (aac (native) -> pcm_s16le (native))
Press [q] to stop, [?] for help
[graph_1_in_0_0 @ 0x55c9fa243440] Setting 'time_base' to value '1/48000'
[graph_1_in_0_0 @ 0x55c9fa243440] Setting 'sample_rate' to value '48000'
[graph_1_in_0_0 @ 0x55c9fa243440] Setting 'sample_fmt' to value 'fltp'
[graph_1_in_0_0 @ 0x55c9fa243440] Setting 'channel_layout' to value 'stereo'
[graph_1_in_0_0 @ 0x55c9fa243440] tb:1/48000 samplefmt:fltp samplerate:48000 chlayout:stereo
[format_out_0_1 @ 0x55c9fa243900] Setting 'sample_fmts' to value 's16'
[format_out_0_1 @ 0x55c9fa243900] auto-inserting filter 'auto_aresample_0' between the filter 'Parsed_anull_0' and the filter 'format_out_0_1'
[AVFilterGraph @ 0x55c9fa343e40] query_formats: 5 queried, 6 merged, 7 already done, 0 delayed
[auto_aresample_0 @ 0x55c9fa244c80] [SWR @ 0x55c9fa5c0e80] Using fltp internally between filters
[auto_aresample_0 @ 0x55c9fa244c80] ch:2 chl:stereo fmt:fltp r:48000Hz -> ch:2 chl:stereo fmt:s16 r:48000Hz
[h264 @ 0x55c9fa80b4c0] nal_unit_type: 9(AUD), nal_ref_idc: 0
[h264 @ 0x55c9fa80b4c0] nal_unit_type: 7(SPS), nal_ref_idc: 3
[h264 @ 0x55c9fa80b4c0] nal_unit_type: 8(PPS), nal_ref_idc: 3
[h264 @ 0x55c9fa80b4c0] nal_unit_type: 5(IDR), nal_ref_idc: 3
[h264 @ 0x55c9fa80b4c0] Decoding VUI
[h264 @ 0x55c9fa80b4c0] Format yuv420p chosen by get_format().
[h264 @ 0x55c9fa80b4c0] Reinit context to 1216x688, pix_fmt: yuv420p
[h264 @ 0x55c9fa80b4c0] no picture 
[h264 @ 0x55c9fa5092c0] nal_unit_type: 9(AUD), nal_ref_idc: 0
[h264 @ 0x55c9fa5092c0] nal_unit_type: 1(Coded slice of a non-IDR picture), nal_ref_idc: 2
[h264 @ 0x55c9fa5092c0] no picture 
[h264 @ 0x55c9fa91cf40] nal_unit_type: 9(AUD), nal_ref_idc: 0
[h264 @ 0x55c9fa91cf40] nal_unit_type: 1(Coded slice of a non-IDR picture), nal_ref_idc: 0
[h264 @ 0x55c9fa4d7c80] nal_unit_type: 9(AUD), nal_ref_idc: 0
[h264 @ 0x55c9fa4d7c80] nal_unit_type: 1(Coded slice of a non-IDR picture), nal_ref_idc: 2
[h264 @ 0x55c9fa4a0e80] nal_unit_type: 9(AUD), nal_ref_idc: 0
[h264 @ 0x55c9fa4a0e80] nal_unit_type: 1(Coded slice of a non-IDR picture), nal_ref_idc: 2
[h264 @ 0x55c9fa80b4c0] nal_unit_type: 9(AUD), nal_ref_idc: 0
[h264 @ 0x55c9fa80b4c0] nal_unit_type: 1(Coded slice of a non-IDR picture), nal_ref_idc: 0
[h264 @ 0x55c9fa5092c0] nal_unit_type: 9(AUD), nal_ref_idc: 0
[h264 @ 0x55c9fa5092c0] nal_unit_type: 1(Coded slice of a non-IDR picture), nal_ref_idc: 0
[graph 0 input from stream 0:5 @ 0x55c9fa9405c0] Setting 'video_size' to value '1216x684'
[graph 0 input from stream 0:5 @ 0x55c9fa9405c0] Setting 'pix_fmt' to value '0'
[graph 0 input from stream 0:5 @ 0x55c9fa9405c0] Setting 'time_base' to value '1/90000'
[graph 0 input from stream 0:5 @ 0x55c9fa9405c0] Setting 'pixel_aspect' to value '1/1'
[graph 0 input from stream 0:5 @ 0x55c9fa9405c0] Setting 'frame_rate' to value '30/1'
[graph 0 input from stream 0:5 @ 0x55c9fa9405c0] w:1216 h:684 pixfmt:yuv420p tb:1/90000 fr:30/1 sar:1/1
[AVFilterGraph @ 0x55c9fa93f6c0] query_formats: 4 queried, 3 merged, 0 already done, 0 delayed
Output #0, null, to 'pipe:':
  Metadata:
    encoder         : Lavf60.16.100
  Stream #0:0, 0, 1/30: Video: wrapped_avframe, yuv420p(progressive), 1216x684 [SAR 1:1 DAR 16:9], q=2-31, 200 kb/s, 30 fps, 30 tbn
    Metadata:
      variant_bitrate : 3063648
      encoder         : Lavc60.31.102 wrapped_avframe
  Stream #0:1, 0, 1/48000: Audio: pcm_s16le, 48000 Hz, stereo, s16, 1536 kb/s
    Metadata:
      variant_bitrate : 1539795
      encoder         : Lavc60.31.102 pcm_s16le
frame=    0 fps=0.0 q=-0.0 size=N/A time=00:00:00.23 bitrate=N/A speed=19.6x    [h264 @ 0x55c9fa91cf40] nal_unit_type: 9(AUD), nal_ref_idc: 0
[h264 @ 0x55c9fa91cf40] nal_unit_type: 1(Coded slice of a non-IDR picture), nal_ref_idc: 2
[h264 @ 0x55c9fa4d7c80] nal_unit_type: 9(AUD), nal_ref_idc: 0
[h264 @ 0x55c9fa4d7c80] nal_unit_type: 1(Coded slice of a non-IDR picture), nal_ref_idc: 0
[h264 @ 0x55c9fa4a0e80] nal_unit_type: 9(AUD), nal_ref_idc: 0
[h264 @ 0x55c9fa4a0e80] nal_unit_type: 1(Coded slice of a non-IDR picture), nal_ref_idc: 2
[h264 @ 0x55c9fa80b4c0] nal_unit_type: 9(AUD), nal_ref_idc: 0
[h264 @ 0x55c9fa80b4c0] nal_unit_type: 1(Coded slice of a non-IDR picture), nal_ref_idc: 2
[h264 @ 0x55c9fa5092c0] nal_unit_type: 9(AUD), nal_ref_idc: 0
[h264 @ 0x55c9fa5092c0] nal_unit_type: 1(Coded slice of a non-IDR picture), nal_ref_idc: 0
[h264 @ 0x55c9fa91cf40] nal_unit_type: 9(AUD), nal_ref_idc: 0
[h264 @ 0x55c9fa91cf40] nal_unit_type: 1(Coded slice of a non-IDR picture), nal_ref_idc: 0
[h264 @ 0x55c9fa4d7c80] nal_unit_type: 9(AUD), nal_ref_idc: 0
[h264 @ 0x55c9fa4d7c80] nal_unit_type: 1(Coded slice of a non-IDR picture), nal_ref_idc: 2
[h264 @ 0x55c9fa4a0e80] nal_unit_type: 9(AUD), nal_ref_idc: 0
[h264 @ 0x55c9fa4a0e80] nal_unit_type: 1(Coded slice of a non-IDR picture), nal_ref_idc: 0
[h264 @ 0x55c9fa80b4c0] nal_unit_type: 9(AUD), nal_ref_idc: 0
[h264 @ 0x55c9fa80b4c0] nal_unit_type: 1(Coded slice of a non-IDR picture), nal_ref_idc: 2
[h264 @ 0x55c9fa5092c0] nal_unit_type: 9(AUD), nal_ref_idc: 0
[h264 @ 0x55c9fa5092c0] nal_unit_type: 1(Coded slice of a non-IDR picture), nal_ref_idc: 2
[h264 @ 0x55c9fa91cf40] nal_unit_type: 9(AUD), nal_ref_idc: 0
[h264 @ 0x55c9fa91cf40] nal_unit_type: 1(Coded slice of a non-IDR picture), nal_ref_idc: 0
[h264 @ 0x55c9fa4d7c80] nal_unit_type: 9(AUD), nal_ref_idc: 0
[h264 @ 0x55c9fa4d7c80] nal_unit_type: 1(Coded slice of a non-IDR picture), nal_ref_idc: 0
[h264 @ 0x55c9fa4a0e80] nal_unit_type: 9(AUD), nal_ref_idc: 0
[h264 @ 0x55c9fa4a0e80] nal_unit_type: 1(Coded slice of a non-IDR picture), nal_ref_idc: 2
[h264 @ 0x55c9fa80b4c0] nal_unit_type: 9(AUD), nal_ref_idc: 0
[h264 @ 0x55c9fa80b4c0] nal_unit_type: 1(Coded slice of a non-IDR picture), nal_ref_idc: 2
[h264 @ 0x55c9fa5092c0] nal_unit_type: 9(AUD), nal_ref_idc: 0
[h264 @ 0x55c9fa5092c0] nal_unit_type: 1(Coded slice of a non-IDR picture), nal_ref_idc: 0
[h264 @ 0x55c9fa91cf40] nal_unit_type: 9(AUD), nal_ref_idc: 0
[h264 @ 0x55c9fa91cf40] nal_unit_type: 1(Coded slice of a non-IDR picture), nal_ref_idc: 0
[h264 @ 0x55c9fa4d7c80] nal_unit_type: 9(AUD), nal_ref_idc: 0
[h264 @ 0x55c9fa4d7c80] nal_unit_type: 1(Coded slice of a non-IDR picture), nal_ref_idc: 2
[h264 @ 0x55c9fa4a0e80] nal_unit_type: 9(AUD), nal_ref_idc: 0
[h264 @ 0x55c9fa4a0e80] nal_unit_type: 1(Coded slice of a non-IDR picture), nal_ref_idc: 2
[h264 @ 0x55c9fa80b4c0] nal_unit_type: 9(AUD), nal_ref_idc: 0
[h264 @ 0x55c9fa80b4c0] nal_unit_type: 1(Coded slice of a non-IDR picture), nal_ref_idc: 2
[h264 @ 0x55c9fa5092c0] nal_unit_type: 9(AUD), nal_ref_idc: 0
[h264 @ 0x55c9fa5092c0] nal_unit_type: 1(Coded slice of a non-IDR picture), nal_ref_idc: 0
[h264 @ 0x55c9fa91cf40] nal_unit_type: 9(AUD), nal_ref_idc: 0
[h264 @ 0x55c9fa91cf40] nal_unit_type: 1(Coded slice of a non-IDR picture), nal_ref_idc: 0
[h264 @ 0x55c9fa4d7c80] nal_unit_type: 9(AUD), nal_ref_idc: 0
[h264 @ 0x55c9fa4d7c80] nal_unit_type: 1(Coded slice of a non-IDR picture), nal_ref_idc: 2
[h264 @ 0x55c9fa4a0e80] nal_unit_type: 9(AUD), nal_ref_idc: 0
[h264 @ 0x55c9fa4a0e80] nal_unit_type: 1(Coded slice of a non-IDR picture), nal_ref_idc: 2
[h264 @ 0x55c9fa80b4c0] nal_unit_type: 9(AUD), nal_ref_idc: 0
[h264 @ 0x55c9fa80b4c0] nal_unit_type: 1(Coded slice of a non-IDR picture), nal_ref_idc: 0
[h264 @ 0x55c9fa5092c0] nal_unit_type: 9(AUD), nal_ref_idc: 0
[h264 @ 0x55c9fa5092c0] nal_unit_type: 1(Coded slice of a non-IDR picture), nal_ref_idc: 2
[h264 @ 0x55c9fa91cf40] nal_unit_type: 9(AUD), nal_ref_idc: 0
[h264 @ 0x55c9fa91cf40] nal_unit_type: 1(Coded slice of a non-IDR picture), nal_ref_idc: 0
[h264 @ 0x55c9fa4d7c80] nal_unit_type: 9(AUD), nal_ref_idc: 0
[h264 @ 0x55c9fa4d7c80] nal_unit_type: 1(Coded slice of a non-IDR picture), nal_ref_idc: 2
[h264 @ 0x55c9fa4a0e80] nal_unit_type: 9(AUD), nal_ref_idc: 0
[h264 @ 0x55c9fa4a0e80] nal_unit_type: 1(Coded slice of a non-IDR picture), nal_ref_idc: 0
[h264 @ 0x55c9fa80b4c0] nal_unit_type: 9(AUD), nal_ref_idc: 0
[h264 @ 0x55c9fa80b4c0] nal_unit_type: 1(Coded slice of a non-IDR picture), nal_ref_idc: 2
[h264 @ 0x55c9fa5092c0] nal_unit_type: 9(AUD), nal_ref_idc: 0
[h264 @ 0x55c9fa5092c0] nal_unit_type: 1(Coded slice of a non-IDR picture), nal_ref_idc: 2
[h264 @ 0x55c9fa91cf40] nal_unit_type: 9(AUD), nal_ref_idc: 0
[h264 @ 0x55c9fa91cf40] nal_unit_type: 1(Coded slice of a non-IDR picture), nal_ref_idc: 0
[h264 @ 0x55c9fa4d7c80] nal_unit_type: 9(AUD), nal_ref_idc: 0
[h264 @ 0x55c9fa4d7c80] nal_unit_type: 1(Coded slice of a non-IDR picture), nal_ref_idc: 2
[h264 @ 0x55c9fa4a0e80] nal_unit_type: 9(AUD), nal_ref_idc: 0
[h264 @ 0x55c9fa4a0e80] nal_unit_type: 1(Coded slice of a non-IDR picture), nal_ref_idc: 2
[h264 @ 0x55c9fa80b4c0] nal_unit_type: 9(AUD), nal_ref_idc: 0
[h264 @ 0x55c9fa80b4c0] nal_unit_type: 1(Coded slice of a non-IDR picture), nal_ref_idc: 0
[h264 @ 0x55c9fa5092c0] nal_unit_type: 9(AUD), nal_ref_idc: 0
[h264 @ 0x55c9fa5092c0] nal_unit_type: 1(Coded slice of a non-IDR picture), nal_ref_idc: 0
[h264 @ 0x55c9fa91cf40] nal_unit_type: 9(AUD), nal_ref_idc: 0
[h264 @ 0x55c9fa91cf40] nal_unit_type: 1(Coded slice of a non-IDR picture), nal_ref_idc: 2
[h264 @ 0x55c9fa4d7c80] nal_unit_type: 9(AUD), nal_ref_idc: 0
[h264 @ 0x55c9fa4d7c80] nal_unit_type: 1(Coded slice of a non-IDR picture), nal_ref_idc: 2
[h264 @ 0x55c9fa4a0e80] nal_unit_type: 9(AUD), nal_ref_idc: 0
[h264 @ 0x55c9fa4a0e80] nal_unit_type: 1(Coded slice of a non-IDR picture), nal_ref_idc: 0
[h264 @ 0x55c9fa80b4c0] nal_unit_type: 9(AUD), nal_ref_idc: 0
[h264 @ 0x55c9fa80b4c0] nal_unit_type: 1(Coded slice of a non-IDR picture), nal_ref_idc: 2
[h264 @ 0x55c9fa5092c0] nal_unit_type: 9(AUD), nal_ref_idc: 0
[h264 @ 0x55c9fa5092c0] nal_unit_type: 1(Coded slice of a non-IDR picture), nal_ref_idc: 2
[h264 @ 0x55c9fa91cf40] nal_unit_type: 9(AUD), nal_ref_idc: 0
[h264 @ 0x55c9fa91cf40] nal_unit_type: 1(Coded slice of a non-IDR picture), nal_ref_idc: 0
[h264 @ 0x55c9fa4d7c80] nal_unit_type: 9(AUD), nal_ref_idc: 0
[h264 @ 0x55c9fa4d7c80] nal_unit_type: 1(Coded slice of a non-IDR picture), nal_ref_idc: 0
[h264 @ 0x55c9fa4a0e80] nal_unit_type: 9(AUD), nal_ref_idc: 0
[h264 @ 0x55c9fa4a0e80] nal_unit_type: 1(Coded slice of a non-IDR picture), nal_ref_idc: 2
[h264 @ 0x55c9fa80b4c0] nal_unit_type: 9(AUD), nal_ref_idc: 0
[h264 @ 0x55c9fa80b4c0] nal_unit_type: 1(Coded slice of a non-IDR picture), nal_ref_idc: 2
[h264 @ 0x55c9fa5092c0] nal_unit_type: 9(AUD), nal_ref_idc: 0
[h264 @ 0x55c9fa5092c0] nal_unit_type: 1(Coded slice of a non-IDR picture), nal_ref_idc: 2
[h264 @ 0x55c9fa91cf40] nal_unit_type: 9(AUD), nal_ref_idc: 0
[h264 @ 0x55c9fa91cf40] nal_unit_type: 1(Coded slice of a non-IDR picture), nal_ref_idc: 0
[h264 @ 0x55c9fa4d7c80] nal_unit_type: 9(AUD), nal_ref_idc: 0
[h264 @ 0x55c9fa4d7c80] nal_unit_type: 1(Coded slice of a non-IDR picture), nal_ref_idc: 2
[h264 @ 0x55c9fa4a0e80] nal_unit_type: 9(AUD), nal_ref_idc: 0
[h264 @ 0x55c9fa4a0e80] nal_unit_type: 1(Coded slice of a non-IDR picture), nal_ref_idc: 2
[h264 @ 0x55c9fa80b4c0] nal_unit_type: 9(AUD), nal_ref_idc: 0
[h264 @ 0x55c9fa80b4c0] nal_unit_type: 1(Coded slice of a non-IDR picture), nal_ref_idc: 0
[h264 @ 0x55c9fa5092c0] nal_unit_type: 9(AUD), nal_ref_idc: 0
[h264 @ 0x55c9fa5092c0] nal_unit_type: 1(Coded slice of a non-IDR picture), nal_ref_idc: 0
[h264 @ 0x55c9fa91cf40] nal_unit_type: 9(AUD), nal_ref_idc: 0
[h264 @ 0x55c9fa91cf40] nal_unit_type: 1(Coded slice of a non-IDR picture), nal_ref_idc: 2
[h264 @ 0x55c9fa4d7c80] nal_unit_type: 9(AUD), nal_ref_idc: 0
[h264 @ 0x55c9fa4d7c80] nal_unit_type: 1(Coded slice of a non-IDR picture), nal_ref_idc: 2
[h264 @ 0x55c9fa4a0e80] nal_unit_type: 9(AUD), nal_ref_idc: 0
[h264 @ 0x55c9fa4a0e80] nal_unit_type: 1(Coded slice of a non-IDR picture), nal_ref_idc: 0
[h264 @ 0x55c9fa80b4c0] nal_unit_type: 9(AUD), nal_ref_idc: 0
[h264 @ 0x55c9fa80b4c0] nal_unit_type: 1(Coded slice of a non-IDR picture), nal_ref_idc: 0
[h264 @ 0x55c9fa5092c0] nal_unit_type: 9(AUD), nal_ref_idc: 0
[h264 @ 0x55c9fa5092c0] nal_unit_type: 1(Coded slice of a non-IDR picture), nal_ref_idc: 2
[h264 @ 0x55c9fa91cf40] nal_unit_type: 9(AUD), nal_ref_idc: 0
[h264 @ 0x55c9fa91cf40] nal_unit_type: 1(Coded slice of a non-IDR picture), nal_ref_idc: 0
[h264 @ 0x55c9fa4d7c80] nal_unit_type: 9(AUD), nal_ref_idc: 0
[h264 @ 0x55c9fa4d7c80] nal_unit_type: 1(Coded slice of a non-IDR picture), nal_ref_idc: 2
[h264 @ 0x55c9fa4a0e80] nal_unit_type: 9(AUD), nal_ref_idc: 0
[h264 @ 0x55c9fa4a0e80] nal_unit_type: 1(Coded slice of a non-IDR picture), nal_ref_idc: 2
[h264 @ 0x55c9fa80b4c0] nal_unit_type: 9(AUD), nal_ref_idc: 0
[h264 @ 0x55c9fa80b4c0] nal_unit_type: 1(Coded slice of a non-IDR picture), nal_ref_idc: 0
[h264 @ 0x55c9fa5092c0] nal_unit_type: 9(AUD), nal_ref_idc: 0
[h264 @ 0x55c9fa5092c0] nal_unit_type: 1(Coded slice of a non-IDR picture), nal_ref_idc: 0
[h264 @ 0x55c9fa91cf40] nal_unit_type: 9(AUD), nal_ref_idc: 0
[h264 @ 0x55c9fa91cf40] nal_unit_type: 1(Coded slice of a non-IDR picture), nal_ref_idc: 2
[h264 @ 0x55c9fa4d7c80] nal_unit_type: 9(AUD), nal_ref_idc: 0
[h264 @ 0x55c9fa4d7c80] nal_unit_type: 1(Coded slice of a non-IDR picture), nal_ref_idc: 0
[h264 @ 0x55c9fa4a0e80] nal_unit_type: 9(AUD), nal_ref_idc: 0
[h264 @ 0x55c9fa4a0e80] nal_unit_type: 1(Coded slice of a non-IDR picture), nal_ref_idc: 2
[h264 @ 0x55c9fa80b4c0] nal_unit_type: 9(AUD), nal_ref_idc: 0
[h264 @ 0x55c9fa80b4c0] nal_unit_type: 1(Coded slice of a non-IDR picture), nal_ref_idc: 2
[h264 @ 0x55c9fa5092c0] nal_unit_type: 9(AUD), nal_ref_idc: 0
[h264 @ 0x55c9fa5092c0] nal_unit_type: 1(Coded slice of a non-IDR picture), nal_ref_idc: 0
[h264 @ 0x55c9fa91cf40] nal_unit_type: 9(AUD), nal_ref_idc: 0
[h264 @ 0x55c9fa91cf40] nal_unit_type: 1(Coded slice of a non-IDR picture), nal_ref_idc: 0
[h264 @ 0x55c9fa4d7c80] nal_unit_type: 9(AUD), nal_ref_idc: 0
[h264 @ 0x55c9fa4d7c80] nal_unit_type: 1(Coded slice of a non-IDR picture), nal_ref_idc: 2
[h264 @ 0x55c9fa4a0e80] nal_unit_type: 9(AUD), nal_ref_idc: 0
[h264 @ 0x55c9fa4a0e80] nal_unit_type: 1(Coded slice of a non-IDR picture), nal_ref_idc: 0
[h264 @ 0x55c9fa80b4c0] nal_unit_type: 9(AUD), nal_ref_idc: 0
[h264 @ 0x55c9fa80b4c0] nal_unit_type: 1(Coded slice of a non-IDR picture), nal_ref_idc: 2
[h264 @ 0x55c9fa5092c0] nal_unit_type: 9(AUD), nal_ref_idc: 0
[h264 @ 0x55c9fa5092c0] nal_unit_type: 1(Coded slice of a non-IDR picture), nal_ref_idc: 2
[h264 @ 0x55c9fa91cf40] nal_unit_type: 9(AUD), nal_ref_idc: 0
[h264 @ 0x55c9fa91cf40] nal_unit_type: 1(Coded slice of a non-IDR picture), nal_ref_idc: 0
[h264 @ 0x55c9fa4d7c80] nal_unit_type: 9(AUD), nal_ref_idc: 0
[h264 @ 0x55c9fa4d7c80] nal_unit_type: 1(Coded slice of a non-IDR picture), nal_ref_idc: 0
[h264 @ 0x55c9fa4a0e80] nal_unit_type: 9(AUD), nal_ref_idc: 0
[h264 @ 0x55c9fa4a0e80] nal_unit_type: 1(Coded slice of a non-IDR picture), nal_ref_idc: 2
[h264 @ 0x55c9fa80b4c0] nal_unit_type: 9(AUD), nal_ref_idc: 0
[h264 @ 0x55c9fa80b4c0] nal_unit_type: 1(Coded slice of a non-IDR picture), nal_ref_idc: 2
[h264 @ 0x55c9fa5092c0] nal_unit_type: 9(AUD), nal_ref_idc: 0
[h264 @ 0x55c9fa5092c0] nal_unit_type: 1(Coded slice of a non-IDR picture), nal_ref_idc: 0
[h264 @ 0x55c9fa91cf40] nal_unit_type: 9(AUD), nal_ref_idc: 0
[h264 @ 0x55c9fa91cf40] nal_unit_type: 1(Coded slice of a non-IDR picture), nal_ref_idc: 0
[h264 @ 0x55c9fa4d7c80] nal_unit_type: 9(AUD), nal_ref_idc: 0
[h264 @ 0x55c9fa4d7c80] nal_unit_type: 1(Coded slice of a non-IDR picture), nal_ref_idc: 2
[h264 @ 0x55c9fa4a0e80] nal_unit_type: 9(AUD), nal_ref_idc: 0
[h264 @ 0x55c9fa4a0e80] nal_unit_type: 1(Coded slice of a non-IDR picture), nal_ref_idc: 2
[h264 @ 0x55c9fa80b4c0] nal_unit_type: 9(AUD), nal_ref_idc: 0
[h264 @ 0x55c9fa80b4c0] nal_unit_type: 1(Coded slice of a non-IDR picture), nal_ref_idc: 0
[h264 @ 0x55c9fa5092c0] nal_unit_type: 9(AUD), nal_ref_idc: 0
[h264 @ 0x55c9fa5092c0] nal_unit_type: 1(Coded slice of a non-IDR picture), nal_ref_idc: 0
[h264 @ 0x55c9fa91cf40] nal_unit_type: 9(AUD), nal_ref_idc: 0
[h264 @ 0x55c9fa91cf40] nal_unit_type: 1(Coded slice of a non-IDR picture), nal_ref_idc: 2
[h264 @ 0x55c9fa4d7c80] nal_unit_type: 9(AUD), nal_ref_idc: 0
[h264 @ 0x55c9fa4d7c80] nal_unit_type: 1(Coded slice of a non-IDR picture), nal_ref_idc: 2
[h264 @ 0x55c9fa4a0e80] nal_unit_type: 9(AUD), nal_ref_idc: 0
[h264 @ 0x55c9fa4a0e80] nal_unit_type: 1(Coded slice of a non-IDR picture), nal_ref_idc: 0
[h264 @ 0x55c9fa80b4c0] nal_unit_type: 9(AUD), nal_ref_idc: 0
[h264 @ 0x55c9fa80b4c0] nal_unit_type: 1(Coded slice of a non-IDR picture), nal_ref_idc: 0
[h264 @ 0x55c9fa5092c0] nal_unit_type: 9(AUD), nal_ref_idc: 0
[h264 @ 0x55c9fa5092c0] nal_unit_type: 1(Coded slice of a non-IDR picture), nal_ref_idc: 2
[h264 @ 0x55c9fa91cf40] nal_unit_type: 9(AUD), nal_ref_idc: 0
[h264 @ 0x55c9fa91cf40] nal_unit_type: 1(Coded slice of a non-IDR picture), nal_ref_idc: 0
[h264 @ 0x55c9fa4d7c80] nal_unit_type: 9(AUD), nal_ref_idc: 0
[h264 @ 0x55c9fa4d7c80] nal_unit_type: 1(Coded slice of a non-IDR picture), nal_ref_idc: 2
[h264 @ 0x55c9fa4a0e80] nal_unit_type: 9(AUD), nal_ref_idc: 0
[h264 @ 0x55c9fa4a0e80] nal_unit_type: 1(Coded slice of a non-IDR picture), nal_ref_idc: 2
[h264 @ 0x55c9fa80b4c0] nal_unit_type: 9(AUD), nal_ref_idc: 0
[h264 @ 0x55c9fa80b4c0] nal_unit_type: 1(Coded slice of a non-IDR picture), nal_ref_idc: 0
[h264 @ 0x55c9fa5092c0] nal_unit_type: 9(AUD), nal_ref_idc: 0
[h264 @ 0x55c9fa5092c0] nal_unit_type: 1(Coded slice of a non-IDR picture), nal_ref_idc: 0
[h264 @ 0x55c9fa91cf40] nal_unit_type: 9(AUD), nal_ref_idc: 0
[h264 @ 0x55c9fa91cf40] nal_unit_type: 1(Coded slice of a non-IDR picture), nal_ref_idc: 2
[h264 @ 0x55c9fa4d7c80] nal_unit_type: 9(AUD), nal_ref_idc: 0
[h264 @ 0x55c9fa4d7c80] nal_unit_type: 1(Coded slice of a non-IDR picture), nal_ref_idc: 2
[h264 @ 0x55c9fa4a0e80] nal_unit_type: 9(AUD), nal_ref_idc: 0
[h264 @ 0x55c9fa4a0e80] nal_unit_type: 1(Coded slice of a non-IDR picture), nal_ref_idc: 0
[h264 @ 0x55c9fa80b4c0] nal_unit_type: 9(AUD), nal_ref_idc: 0
[h264 @ 0x55c9fa80b4c0] nal_unit_type: 1(Coded slice of a non-IDR picture), nal_ref_idc: 0
[h264 @ 0x55c9fa5092c0] nal_unit_type: 9(AUD), nal_ref_idc: 0
[h264 @ 0x55c9fa5092c0] nal_unit_type: 1(Coded slice of a non-IDR picture), nal_ref_idc: 2
[h264 @ 0x55c9fa91cf40] nal_unit_type: 9(AUD), nal_ref_idc: 0
[h264 @ 0x55c9fa91cf40] nal_unit_type: 1(Coded slice of a non-IDR picture), nal_ref_idc: 2
[h264 @ 0x55c9fa4d7c80] nal_unit_type: 9(AUD), nal_ref_idc: 0
[h264 @ 0x55c9fa4d7c80] nal_unit_type: 1(Coded slice of a non-IDR picture), nal_ref_idc: 0
[h264 @ 0x55c9fa4a0e80] nal_unit_type: 9(AUD), nal_ref_idc: 0
[h264 @ 0x55c9fa4a0e80] nal_unit_type: 1(Coded slice of a non-IDR picture), nal_ref_idc: 0
[h264 @ 0x55c9fa80b4c0] nal_unit_type: 9(AUD), nal_ref_idc: 0
[h264 @ 0x55c9fa80b4c0] nal_unit_type: 1(Coded slice of a non-IDR picture), nal_ref_idc: 2
[h264 @ 0x55c9fa5092c0] nal_unit_type: 9(AUD), nal_ref_idc: 0
[h264 @ 0x55c9fa5092c0] nal_unit_type: 1(Coded slice of a non-IDR picture), nal_ref_idc: 2
[h264 @ 0x55c9fa91cf40] nal_unit_type: 9(AUD), nal_ref_idc: 0
[h264 @ 0x55c9fa91cf40] nal_unit_type: 1(Coded slice of a non-IDR picture), nal_ref_idc: 0
[h264 @ 0x55c9fa4d7c80] nal_unit_type: 9(AUD), nal_ref_idc: 0
[h264 @ 0x55c9fa4d7c80] nal_unit_type: 1(Coded slice of a non-IDR picture), nal_ref_idc: 0
[h264 @ 0x55c9fa4a0e80] nal_unit_type: 9(AUD), nal_ref_idc: 0
[h264 @ 0x55c9fa4a0e80] nal_unit_type: 1(Coded slice of a non-IDR picture), nal_ref_idc: 2
[h264 @ 0x55c9fa80b4c0] nal_unit_type: 9(AUD), nal_ref_idc: 0
[h264 @ 0x55c9fa80b4c0] nal_unit_type: 1(Coded slice of a non-IDR picture), nal_ref_idc: 2
[h264 @ 0x55c9fa5092c0] nal_unit_type: 9(AUD), nal_ref_idc: 0
[h264 @ 0x55c9fa5092c0] nal_unit_type: 1(Coded slice of a non-IDR picture), nal_ref_idc: 0
[h264 @ 0x55c9fa91cf40] nal_unit_type: 9(AUD), nal_ref_idc: 0
[h264 @ 0x55c9fa91cf40] nal_unit_type: 1(Coded slice of a non-IDR picture), nal_ref_idc: 0
[h264 @ 0x55c9fa4d7c80] nal_unit_type: 9(AUD), nal_ref_idc: 0
[h264 @ 0x55c9fa4d7c80] nal_unit_type: 1(Coded slice of a non-IDR picture), nal_ref_idc: 2
[h264 @ 0x55c9fa4a0e80] nal_unit_type: 9(AUD), nal_ref_idc: 0
[h264 @ 0x55c9fa4a0e80] nal_unit_type: 1(Coded slice of a non-IDR picture), nal_ref_idc: 2
[h264 @ 0x55c9fa80b4c0] nal_unit_type: 9(AUD), nal_ref_idc: 0
[h264 @ 0x55c9fa80b4c0] nal_unit_type: 1(Coded slice of a non-IDR picture), nal_ref_idc: 0
[h264 @ 0x55c9fa5092c0] nal_unit_type: 9(AUD), nal_ref_idc: 0
[h264 @ 0x55c9fa5092c0] nal_unit_type: 1(Coded slice of a non-IDR picture), nal_ref_idc: 2
[h264 @ 0x55c9fa91cf40] nal_unit_type: 9(AUD), nal_ref_idc: 0
[h264 @ 0x55c9fa91cf40] nal_unit_type: 1(Coded slice of a non-IDR picture), nal_ref_idc: 2
[h264 @ 0x55c9fa4d7c80] nal_unit_type: 9(AUD), nal_ref_idc: 0
[h264 @ 0x55c9fa4d7c80] nal_unit_type: 1(Coded slice of a non-IDR picture), nal_ref_idc: 0
[h264 @ 0x55c9fa4a0e80] nal_unit_type: 9(AUD), nal_ref_idc: 0
[h264 @ 0x55c9fa4a0e80] nal_unit_type: 1(Coded slice of a non-IDR picture), nal_ref_idc: 2
[h264 @ 0x55c9fa80b4c0] nal_unit_type: 9(AUD), nal_ref_idc: 0
[h264 @ 0x55c9fa80b4c0] nal_unit_type: 1(Coded slice of a non-IDR picture), nal_ref_idc: 0
[h264 @ 0x55c9fa5092c0] nal_unit_type: 9(AUD), nal_ref_idc: 0
[h264 @ 0x55c9fa5092c0] nal_unit_type: 1(Coded slice of a non-IDR picture), nal_ref_idc: 2
[h264 @ 0x55c9fa91cf40] nal_unit_type: 9(AUD), nal_ref_idc: 0
[h264 @ 0x55c9fa91cf40] nal_unit_type: 1(Coded slice of a non-IDR picture), nal_ref_idc: 2
[h264 @ 0x55c9fa4d7c80] nal_unit_type: 9(AUD), nal_ref_idc: 0
[h264 @ 0x55c9fa4d7c80] nal_unit_type: 1(Coded slice of a non-IDR picture), nal_ref_idc: 0
[h264 @ 0x55c9fa4a0e80] nal_unit_type: 9(AUD), nal_ref_idc: 0
[h264 @ 0x55c9fa4a0e80] nal_unit_type: 1(Coded slice of a non-IDR picture), nal_ref_idc: 0
[h264 @ 0x55c9fa80b4c0] nal_unit_type: 9(AUD), nal_ref_idc: 0
[h264 @ 0x55c9fa80b4c0] nal_unit_type: 1(Coded slice of a non-IDR picture), nal_ref_idc: 2
[h264 @ 0x55c9fa5092c0] nal_unit_type: 9(AUD), nal_ref_idc: 0
[h264 @ 0x55c9fa5092c0] nal_unit_type: 1(Coded slice of a non-IDR picture), nal_ref_idc: 2
[h264 @ 0x55c9fa91cf40] nal_unit_type: 9(AUD), nal_ref_idc: 0
[h264 @ 0x55c9fa91cf40] nal_unit_type: 1(Coded slice of a non-IDR picture), nal_ref_idc: 0
[h264 @ 0x55c9fa4d7c80] nal_unit_type: 9(AUD), nal_ref_idc: 0
[h264 @ 0x55c9fa4d7c80] nal_unit_type: 1(Coded slice of a non-IDR picture), nal_ref_idc: 2
[h264 @ 0x55c9fa4a0e80] nal_unit_type: 9(AUD), nal_ref_idc: 0
[h264 @ 0x55c9fa4a0e80] nal_unit_type: 1(Coded slice of a non-IDR picture), nal_ref_idc: 2
[h264 @ 0x55c9fa80b4c0] nal_unit_type: 9(AUD), nal_ref_idc: 0
[h264 @ 0x55c9fa80b4c0] nal_unit_type: 1(Coded slice of a non-IDR picture), nal_ref_idc: 0
[h264 @ 0x55c9fa5092c0] nal_unit_type: 9(AUD), nal_ref_idc: 0
[h264 @ 0x55c9fa5092c0] nal_unit_type: 1(Coded slice of a non-IDR picture), nal_ref_idc: 0
[h264 @ 0x55c9fa91cf40] nal_unit_type: 9(AUD), nal_ref_idc: 0
[h264 @ 0x55c9fa91cf40] nal_unit_type: 1(Coded slice of a non-IDR picture), nal_ref_idc: 2
[h264 @ 0x55c9fa4d7c80] nal_unit_type: 9(AUD), nal_ref_idc: 0
[h264 @ 0x55c9fa4d7c80] nal_unit_type: 1(Coded slice of a non-IDR picture), nal_ref_idc: 2
[h264 @ 0x55c9fa4a0e80] nal_unit_type: 9(AUD), nal_ref_idc: 0
[h264 @ 0x55c9fa4a0e80] nal_unit_type: 1(Coded slice of a non-IDR picture), nal_ref_idc: 0
[h264 @ 0x55c9fa80b4c0] nal_unit_type: 9(AUD), nal_ref_idc: 0
[h264 @ 0x55c9fa80b4c0] nal_unit_type: 1(Coded slice of a non-IDR picture), nal_ref_idc: 2
[h264 @ 0x55c9fa5092c0] nal_unit_type: 9(AUD), nal_ref_idc: 0
[h264 @ 0x55c9fa5092c0] nal_unit_type: 1(Coded slice of a non-IDR picture), nal_ref_idc: 2
[h264 @ 0x55c9fa91cf40] nal_unit_type: 9(AUD), nal_ref_idc: 0
[h264 @ 0x55c9fa91cf40] nal_unit_type: 1(Coded slice of a non-IDR picture), nal_ref_idc: 0
[h264 @ 0x55c9fa4d7c80] nal_unit_type: 9(AUD), nal_ref_idc: 0
[h264 @ 0x55c9fa4d7c80] nal_unit_type: 1(Coded slice of a non-IDR picture), nal_ref_idc: 0
[h264 @ 0x55c9fa4a0e80] nal_unit_type: 9(AUD), nal_ref_idc: 0
[h264 @ 0x55c9fa4a0e80] nal_unit_type: 1(Coded slice of a non-IDR picture), nal_ref_idc: 2
[h264 @ 0x55c9fa80b4c0] nal_unit_type: 9(AUD), nal_ref_idc: 0
[h264 @ 0x55c9fa80b4c0] nal_unit_type: 1(Coded slice of a non-IDR picture), nal_ref_idc: 0
[h264 @ 0x55c9fa5092c0] nal_unit_type: 9(AUD), nal_ref_idc: 0
[h264 @ 0x55c9fa5092c0] nal_unit_type: 1(Coded slice of a non-IDR picture), nal_ref_idc: 2
[h264 @ 0x55c9fa91cf40] nal_unit_type: 9(AUD), nal_ref_idc: 0
[h264 @ 0x55c9fa91cf40] nal_unit_type: 1(Coded slice of a non-IDR picture), nal_ref_idc: 2
[h264 @ 0x55c9fa4d7c80] nal_unit_type: 9(AUD), nal_ref_idc: 0
[h264 @ 0x55c9fa4d7c80] nal_unit_type: 1(Coded slice of a non-IDR picture), nal_ref_idc: 0
[h264 @ 0x55c9fa4a0e80] nal_unit_type: 9(AUD), nal_ref_idc: 0
[h264 @ 0x55c9fa4a0e80] nal_unit_type: 1(Coded slice of a non-IDR picture), nal_ref_idc: 0
[h264 @ 0x55c9fa80b4c0] nal_unit_type: 9(AUD), nal_ref_idc: 0
[h264 @ 0x55c9fa80b4c0] nal_unit_type: 1(Coded slice of a non-IDR picture), nal_ref_idc: 2
[h264 @ 0x55c9fa5092c0] nal_unit_type: 9(AUD), nal_ref_idc: 0
[h264 @ 0x55c9fa5092c0] nal_unit_type: 1(Coded slice of a non-IDR picture), nal_ref_idc: 0
[h264 @ 0x55c9fa91cf40] nal_unit_type: 9(AUD), nal_ref_idc: 0
[h264 @ 0x55c9fa91cf40] nal_unit_type: 1(Coded slice of a non-IDR picture), nal_ref_idc: 2
[AVIOContext @ 0x55c9f9cb3f80] Statistics: 853520 bytes read, 0 seeks
[hls @ 0x55c9f9485e80] HLS request for url 'https://mcdn-01.plutotv.net/968_pluto/clip/65804ac5b4896d0013699b33_Gran_Hermano_LT_Episodio_5_S12E5/720pDRM/20231218_053605/hls/0-547680/hls_1000-00092.ts', offset 0, playlist 0
[hls @ 0x55c9f9485e80] Opening 'crypto+https://mcdn-01.plutotv.net/968_pluto/clip/65804ac5b4896d0013699b33_Gran_Hermano_LT_Episodio_5_S12E5/720pDRM/20231218_053605/hls/0-547680/hls_1000-00092.ts' for reading
[tcp @ 0x7f4e6400a300] Original list of addresses:
[tcp @ 0x7f4e6400a300] Address 207.121.116.20 port 443
[tcp @ 0x7f4e6400a300] Address 2001:1900:22b3:231f::5 port 443
[tcp @ 0x7f4e6400a300] Interleaved list of addresses:
[tcp @ 0x7f4e6400a300] Address 207.121.116.20 port 443
[tcp @ 0x7f4e6400a300] Address 2001:1900:22b3:231f::5 port 443
[tcp @ 0x7f4e6400a300] Starting connection attempt to 207.121.116.20 port 443
[tcp @ 0x7f4e6400a300] Successfully connected to 207.121.116.20 port 443
[https @ 0x55c9f9b95500] request: GET /968_pluto/clip/65804ac5b4896d0013699b33_Gran_Hermano_LT_Episodio_5_S12E5/720pDRM/20231218_053605/hls/0-547680/hls_1000-00092.ts HTTP/1.1
User-Agent: Lavf/60.16.100
Accept: */*
Range: bytes=0-
Connection: keep-alive
Host: mcdn-01.plutotv.net
Cookie: stitcherDeviceId=f514d688-a671-46d3-bd89-8055615c1c60; stitcherSessionId=SAMSUNG-TVPLUS-18367c68-ef60-47d7-ac3c-27052456e204
Icy-MetaData: 1


[AVIOContext @ 0x55c9f9fedf80] Statistics: 1195868 bytes read, 0 seeks
[hls @ 0x55c9f9485e80] No longer receiving playlist 1 ('https://stitcher-ipv4.pluto.tv/v2/stitch/embed/hls/channel/6320ddef274b1b0007b2ee88/2142297/playlist.m3u8?terminate=false&sid=SAMSUNG-TVPLUS-18367c68-ef60-47d7-ac3c-27052456e204&deviceDNT=0&deviceLat=0&deviceLon=0&deviceModel=samsung&deviceVersion=unknown&embedPartner=samsung-tvplus&samsung_app_domain=https%3A%2F%2Fwww.samsung.com%2Fus%2Fappstore%2Fapp.do%3FappId%3DG15147002586&samsung_app_name=Samsung%20TV%20Plus&serverSideAds=true&appName=samsungtvplus&deviceId=f514d688-a671-46d3-bd89-8055615c1c60&appVersion=unknown&deviceType=samsung-tvplus&deviceMake=samsung&includeDeviceUA=true&authToken=eyJhbGciOiJIUzI1NiIsImtpZCI6IjEyZDA1MTM0LWI0NzgtNDlkNy1iYjUzLTkxNDYxMmNlMzI4NyIsInR5cCI6IkpXVCJ9.eyJwYXJ0bmVyIjoic2Ftc3VuZ3R2cGx1cyIsImZlYXR1cmVzIjp7Im11bHRpUG9kQWRzIjp7ImNvaG9ydCI6IiIsImVuYWJsZWQiOnRydWV9LCJzdGl0Y2hlckhsc05nIjp7ImRlbXV4ZWRBdWRpbyI6ImppdCJ9LCJzdGl0Y2hlclBhcnRuZXJTaG93U2xhdGUiOnsiZW5hYmxlZCI6dHJ1ZX19LCJpc3MiOiJzZXJ2aWNlLXBhcnRuZXItYXV0aC5wbHV0by50di[AVIOContext @ 0x55c9fa4821c0] Statistics: 1732796 bytes read, 0 seeks
[hls @ 0x55c9f9485e80] HLS request for url 'https://mcdn-01.plutotv.net/968_pluto/clip/65804ac5b4896d0013699b33_Gran_Hermano_LT_Episodio_5_S12E5/720pDRM/20231218_053605/hls/0-547680/hls_2400-00092.ts', offset 0, playlist 2
[hls @ 0x55c9f9485e80] Opening 'crypto+https://mcdn-01.plutotv.net/968_pluto/clip/65804ac5b4896d0013699b33_Gran_Hermano_LT_Episodio_5_S12E5/720pDRM/20231218_053605/hls/0-547680/hls_2400-00092.ts' for reading
[tcp @ 0x7f4e64345640] Original list of addresses:
[tcp @ 0x7f4e64345640] Address 207.121.116.20 port 443
[tcp @ 0x7f4e64345640] Address 2001:1900:22b3:231f::5 port 443
[tcp @ 0x7f4e64345640] Interleaved list of addresses:
[tcp @ 0x7f4e64345640] Address 207.121.116.20 port 443
[tcp @ 0x7f4e64345640] Address 2001:1900:22b3:231f::5 port 443
[tcp @ 0x7f4e64345640] Starting connection attempt to 207.121.116.20 port 443
[tcp @ 0x7f4e64345640] Successfully connected to 207.121.116.20 port 443
[https @ 0x55c9fa0976c0] request: GET /968_pluto/clip/65804ac5b4896d0013699b33_Gran_Hermano_LT_Episodio_5_S12E5/720pDRM/20231218_053605/hls/0-547680/hls_2400-00092.ts HTTP/1.1
User-Agent: Lavf/60.16.100
Accept: */*
Range: bytes=0-
Connection: keep-alive
Host: mcdn-01.plutotv.net
Cookie: stitcherDeviceId=f514d688-a671-46d3-bd89-8055615c1c60; stitcherSessionId=SAMSUNG-TVPLUS-18367c68-ef60-47d7-ac3c-27052456e204
Icy-MetaData: 1


[h264 @ 0x55c9fa4d7c80] nal_unit_type: 9(AUD), nal_ref_idc: 0
[h264 @ 0x55c9fa4d7c80] nal_unit_type: 1(Coded slice of a non-IDR picture), nal_ref_idc: 2
[h264 @ 0x55c9fa4a0e80] nal_unit_type: 9(AUD), nal_ref_idc: 0
[h264 @ 0x55c9fa4a0e80] nal_unit_type: 1(Coded slice of a non-IDR picture), nal_ref_idc: 0
[NULL @ 0x55c9f97d6700] Decoding VUI
[NULL @ 0x55c9fa280200] Decoding VUI
[h264 @ 0x55c9fa80b4c0] nal_unit_type: 9(AUD), nal_ref_idc: 0
[h264 @ 0x55c9fa80b4c0] nal_unit_type: 7(SPS), nal_ref_idc: 3
[h264 @ 0x55c9fa80b4c0] nal_unit_type: 8(PPS), nal_ref_idc: 3
[h264 @ 0x55c9fa80b4c0] nal_unit_type: 5(IDR), nal_ref_idc: 3
[h264 @ 0x55c9fa80b4c0] Decoding VUI
[h264 @ 0x55c9fa5092c0] nal_unit_type: 9(AUD), nal_ref_idc: 0
[h264 @ 0x55c9fa5092c0] nal_unit_type: 1(Coded slice of a non-IDR picture), nal_ref_idc: 2
[h264 @ 0x55c9fa91cf40] nal_unit_type: 9(AUD), nal_ref_idc: 0
[h264 @ 0x55c9fa91cf40] nal_unit_type: 1(Coded slice of a non-IDR picture), nal_ref_idc: 0
[h264 @ 0x55c9fa4d7c80] nal_unit_type: 9(AUD), nal_ref_idc: 0
[h264 @ 0x55c9fa4d7c80] nal_unit_type: 1(Coded slice of a non-IDR picture), nal_ref_idc: 2
[h264 @ 0x55c9fa4a0e80] nal_unit_type: 9(AUD), nal_ref_idc: 0
[h264 @ 0x55c9fa4a0e80] nal_unit_type: 1(Coded slice of a non-IDR picture), nal_ref_idc: 2
[h264 @ 0x55c9fa80b4c0] nal_unit_type: 9(AUD), nal_ref_idc: 0
[h264 @ 0x55c9fa80b4c0] nal_unit_type: 1(Coded slice of a non-IDR picture), nal_ref_idc: 0
[h264 @ 0x55c9fa5092c0] nal_unit_type: 9(AUD), nal_ref_idc: 0
[h264 @ 0x55c9fa5092c0] nal_unit_type: 1(Coded slice of a non-IDR picture), nal_ref_idc: 0
[h264 @ 0x55c9fa91cf40] nal_unit_type: 9(AUD), nal_ref_idc: 0
[h264 @ 0x55c9fa91cf40] nal_unit_type: 1(Coded slice of a non-IDR picture), nal_ref_idc: 2
[h264 @ 0x55c9fa4d7c80] nal_unit_type: 9(AUD), nal_ref_idc: 0
[h264 @ 0x55c9fa4d7c80] nal_unit_type: 1(Coded slice of a non-IDR picture), nal_ref_idc: 2
[h264 @ 0x55c9fa4a0e80] nal_unit_type: 9(AUD), nal_ref_idc: 0
[h264 @ 0x55c9fa4a0e80] nal_unit_type: 1(Coded slice of a non-IDR picture), nal_ref_idc: 0
[h264 @ 0x55c9fa80b4c0] nal_unit_type: 9(AUD), nal_ref_idc: 0
[h264 @ 0x55c9fa80b4c0] nal_unit_type: 1(Coded slice of a non-IDR picture), nal_ref_idc: 0
[h264 @ 0x55c9fa5092c0] nal_unit_type: 9(AUD), nal_ref_idc: 0
[h264 @ 0x55c9fa5092c0] nal_unit_type: 1(Coded slice of a non-IDR picture), nal_ref_idc: 2
[h264 @ 0x55c9fa91cf40] nal_unit_type: 9(AUD), nal_ref_idc: 0
[h264 @ 0x55c9fa91cf40] nal_unit_type: 1(Coded slice of a non-IDR picture), nal_ref_idc: 2
[h264 @ 0x55c9fa4d7c80] nal_unit_type: 9(AUD), nal_ref_idc: 0
[h264 @ 0x55c9fa4d7c80] nal_unit_type: 1(Coded slice of a non-IDR picture), nal_ref_idc: 0
[h264 @ 0x55c9fa4a0e80] nal_unit_type: 9(AUD), nal_ref_idc: 0
[h264 @ 0x55c9fa4a0e80] nal_unit_type: 1(Coded slice of a non-IDR picture), nal_ref_idc: 0
[h264 @ 0x55c9fa80b4c0] nal_unit_type: 9(AUD), nal_ref_idc: 0
[h264 @ 0x55c9fa80b4c0] nal_unit_type: 1(Coded slice of a non-IDR picture), nal_ref_idc: 2
[h264 @ 0x55c9fa5092c0] nal_unit_type: 9(AUD), nal_ref_idc: 0
[h264 @ 0x55c9fa5092c0] nal_unit_type: 1(Coded slice of a non-IDR picture), nal_ref_idc: 2
[h264 @ 0x55c9fa91cf40] nal_unit_type: 9(AUD), nal_ref_idc: 0
[h264 @ 0x55c9fa91cf40] nal_unit_type: 1(Coded slice of a non-IDR picture), nal_ref_idc: 0
[h264 @ 0x55c9fa4d7c80] nal_unit_type: 9(AUD), nal_ref_idc: 0
[h264 @ 0x55c9fa4d7c80] nal_unit_type: 1(Coded slice of a non-IDR picture), nal_ref_idc: 0
[h264 @ 0x55c9fa4a0e80] nal_unit_type: 9(AUD), nal_ref_idc: 0
[h264 @ 0x55c9fa4a0e80] nal_unit_type: 1(Coded slice of a non-IDR picture), nal_ref_idc: 2
[h264 @ 0x55c9fa80b4c0] nal_unit_type: 9(AUD), nal_ref_idc: 0
[h264 @ 0x55c9fa80b4c0] nal_unit_type: 1(Coded slice of a non-IDR picture), nal_ref_idc: 2
[h264 @ 0x55c9fa5092c0] nal_unit_type: 9(AUD), nal_ref_idc: 0
[h264 @ 0x55c9fa5092c0] nal_unit_type: 1(Coded slice of a non-IDR picture), nal_ref_idc: 0
[h264 @ 0x55c9fa91cf40] nal_unit_type: 9(AUD), nal_ref_idc: 0
[h264 @ 0x55c9fa91cf40] nal_unit_type: 1(Coded slice of a non-IDR picture), nal_ref_idc: 0
[h264 @ 0x55c9fa4d7c80] nal_unit_type: 9(AUD), nal_ref_idc: 0
[h264 @ 0x55c9fa4d7c80] nal_unit_type: 1(Coded slice of a non-IDR picture), nal_ref_idc: 2
[h264 @ 0x55c9fa4a0e80] nal_unit_type: 9(AUD), nal_ref_idc: 0
[h264 @ 0x55c9fa4a0e80] nal_unit_type: 1(Coded slice of a non-IDR picture), nal_ref_idc: 2
[h264 @ 0x55c9fa80b4c0] nal_unit_type: 9(AUD), nal_ref_idc: 0
[h264 @ 0x55c9fa80b4c0] nal_unit_type: 1(Coded slice of a non-IDR picture), nal_ref_idc: 0
[h264 @ 0x55c9fa5092c0] nal_unit_type: 9(AUD), nal_ref_idc: 0
[h264 @ 0x55c9fa5092c0] nal_unit_type: 1(Coded slice of a non-IDR picture), nal_ref_idc: 0
[h264 @ 0x55c9fa91cf40] nal_unit_type: 9(AUD), nal_ref_idc: 0
[h264 @ 0x55c9fa91cf40] nal_unit_type: 1(Coded slice of a non-IDR picture), nal_ref_idc: 2
[h264 @ 0x55c9fa4d7c80] nal_unit_type: 9(AUD), nal_ref_idc: 0
[h264 @ 0x55c9fa4d7c80] nal_unit_type: 1(Coded slice of a non-IDR picture), nal_ref_idc: 2
[h264 @ 0x55c9fa4a0e80] nal_unit_type: 9(AUD), nal_ref_idc: 0
[h264 @ 0x55c9fa4a0e80] nal_unit_type: 1(Coded slice of a non-IDR picture), nal_ref_idc: 0
[h264 @ 0x55c9fa80b4c0] nal_unit_type: 9(AUD), nal_ref_idc: 0
[h264 @ 0x55c9fa80b4c0] nal_unit_type: 1(Coded slice of a non-IDR picture), nal_ref_idc: 2
[h264 @ 0x55c9fa5092c0] nal_unit_type: 9(AUD), nal_ref_idc: 0
[h264 @ 0x55c9fa5092c0] nal_unit_type: 1(Coded slice of a non-IDR picture), nal_ref_idc: 2
[h264 @ 0x55c9fa91cf40] nal_unit_type: 9(AUD), nal_ref_idc: 0
[h264 @ 0x55c9fa91cf40] nal_unit_type: 1(Coded slice of a non-IDR picture), nal_ref_idc: 0
[h264 @ 0x55c9fa4d7c80] nal_unit_type: 9(AUD), nal_ref_idc: 0
[h264 @ 0x55c9fa4d7c80] nal_unit_type: 1(Coded slice of a non-IDR picture), nal_ref_idc: 0
[h264 @ 0x55c9fa4a0e80] nal_unit_type: 9(AUD), nal_ref_idc: 0
[h264 @ 0x55c9fa4a0e80] nal_unit_type: 1(Coded slice of a non-IDR picture), nal_ref_idc: 2
[h264 @ 0x55c9fa80b4c0] nal_unit_type: 9(AUD), nal_ref_idc: 0
[h264 @ 0x55c9fa80b4c0] nal_unit_type: 1(Coded slice of a non-IDR picture), nal_ref_idc: 2
[h264 @ 0x55c9fa5092c0] nal_unit_type: 9(AUD), nal_ref_idc: 0
[h264 @ 0x55c9fa5092c0] nal_unit_type: 1(Coded slice of a non-IDR picture), nal_ref_idc: 2
[h264 @ 0x55c9fa91cf40] nal_unit_type: 9(AUD), nal_ref_idc: 0
[h264 @ 0x55c9fa91cf40] nal_unit_type: 1(Coded slice of a non-IDR picture), nal_ref_idc: 0
[h264 @ 0x55c9fa4d7c80] nal_unit_type: 9(AUD), nal_ref_idc: 0
[h264 @ 0x55c9fa4d7c80] nal_unit_type: 1(Coded slice of a non-IDR picture), nal_ref_idc: 0
[h264 @ 0x55c9fa4a0e80] nal_unit_type: 9(AUD), nal_ref_idc: 0
[h264 @ 0x55c9fa4a0e80] nal_unit_type: 1(Coded slice of a non-IDR picture), nal_ref_idc: 2
[h264 @ 0x55c9fa80b4c0] nal_unit_type: 9(AUD), nal_ref_idc: 0
[h264 @ 0x55c9fa80b4c0] nal_unit_type: 1(Coded slice of a non-IDR picture), nal_ref_idc: 2
[h264 @ 0x55c9fa5092c0] nal_unit_type: 9(AUD), nal_ref_idc: 0
[h264 @ 0x55c9fa5092c0] nal_unit_type: 1(Coded slice of a non-IDR picture), nal_ref_idc: 0
[h264 @ 0x55c9fa91cf40] nal_unit_type: 9(AUD), nal_ref_idc: 0
[h264 @ 0x55c9fa91cf40] nal_unit_type: 1(Coded slice of a non-IDR picture), nal_ref_idc: 2
[h264 @ 0x55c9fa4d7c80] nal_unit_type: 9(AUD), nal_ref_idc: 0
[h264 @ 0x55c9fa4d7c80] nal_unit_type: 1(Coded slice of a non-IDR picture), nal_ref_idc: 2
[h264 @ 0x55c9fa4a0e80] nal_unit_type: 9(AUD), nal_ref_idc: 0
[h264 @ 0x55c9fa4a0e80] nal_unit_type: 1(Coded slice of a non-IDR picture), nal_ref_idc: 0
[h264 @ 0x55c9fa80b4c0] nal_unit_type: 9(AUD), nal_ref_idc: 0
[h264 @ 0x55c9fa80b4c0] nal_unit_type: 1(Coded slice of a non-IDR picture), nal_ref_idc: 2
[h264 @ 0x55c9fa5092c0] nal_unit_type: 9(AUD), nal_ref_idc: 0
[h264 @ 0x55c9fa5092c0] nal_unit_type: 1(Coded slice of a non-IDR picture), nal_ref_idc: 2
[h264 @ 0x55c9fa91cf40] nal_unit_type: 9(AUD), nal_ref_idc: 0
[h264 @ 0x55c9fa91cf40] nal_unit_type: 1(Coded slice of a non-IDR picture), nal_ref_idc: 0
[h264 @ 0x55c9fa4d7c80] nal_unit_type: 9(AUD), nal_ref_idc: 0
[h264 @ 0x55c9fa4d7c80] nal_unit_type: 1(Coded slice of a non-IDR picture), nal_ref_idc: 0
[h264 @ 0x55c9fa4a0e80] nal_unit_type: 9(AUD), nal_ref_idc: 0
[h264 @ 0x55c9fa4a0e80] nal_unit_type: 1(Coded slice of a non-IDR picture), nal_ref_idc: 2
[h264 @ 0x55c9fa80b4c0] nal_unit_type: 9(AUD), nal_ref_idc: 0
[h264 @ 0x55c9fa80b4c0] nal_unit_type: 1(Coded slice of a non-IDR picture), nal_ref_idc: 0
[h264 @ 0x55c9fa5092c0] nal_unit_type: 9(AUD), nal_ref_idc: 0
[h264 @ 0x55c9fa5092c0] nal_unit_type: 1(Coded slice of a non-IDR picture), nal_ref_idc: 2
[h264 @ 0x55c9fa91cf40] nal_unit_type: 9(AUD), nal_ref_idc: 0
[h264 @ 0x55c9fa91cf40] nal_unit_type: 1(Coded slice of a non-IDR picture), nal_ref_idc: 2
[h264 @ 0x55c9fa4d7c80] nal_unit_type: 9(AUD), nal_ref_idc: 0
[h264 @ 0x55c9fa4d7c80] nal_unit_type: 1(Coded slice of a non-IDR picture), nal_ref_idc: 0
[h264 @ 0x55c9fa4a0e80] nal_unit_type: 9(AUD), nal_ref_idc: 0
[h264 @ 0x55c9fa4a0e80] nal_unit_type: 1(Coded slice of a non-IDR picture), nal_ref_idc: 0
[h264 @ 0x55c9fa80b4c0] nal_unit_type: 9(AUD), nal_ref_idc: 0
[h264 @ 0x55c9fa80b4c0] nal_unit_type: 1(Coded slice of a non-IDR picture), nal_ref_idc: 2
[h264 @ 0x55c9fa5092c0] nal_unit_type: 9(AUD), nal_ref_idc: 0
[h264 @ 0x55c9fa5092c0] nal_unit_type: 1(Coded slice of a non-IDR picture), nal_ref_idc: 0
[h264 @ 0x55c9fa91cf40] nal_unit_type: 9(AUD), nal_ref_idc: 0
[h264 @ 0x55c9fa91cf40] nal_unit_type: 1(Coded slice of a non-IDR picture), nal_ref_idc: 2
[h264 @ 0x55c9fa4d7c80] nal_unit_type: 9(AUD), nal_ref_idc: 0
[h264 @ 0x55c9fa4d7c80] nal_unit_type: 1(Coded slice of a non-IDR picture), nal_ref_idc: 2
[h264 @ 0x55c9fa4a0e80] nal_unit_type: 9(AUD), nal_ref_idc: 0
[h264 @ 0x55c9fa4a0e80] nal_unit_type: 1(Coded slice of a non-IDR picture), nal_ref_idc: 0
[h264 @ 0x55c9fa80b4c0] nal_unit_type: 9(AUD), nal_ref_idc: 0
[h264 @ 0x55c9fa80b4c0] nal_unit_type: 1(Coded slice of a non-IDR picture), nal_ref_idc: 0
[h264 @ 0x55c9fa5092c0] nal_unit_type: 9(AUD), nal_ref_idc: 0
[h264 @ 0x55c9fa5092c0] nal_unit_type: 1(Coded slice of a non-IDR picture), nal_ref_idc: 2
[h264 @ 0x55c9fa91cf40] nal_unit_type: 9(AUD), nal_ref_idc: 0
[h264 @ 0x55c9fa91cf40] nal_unit_type: 1(Coded slice of a non-IDR picture), nal_ref_idc: 0
[h264 @ 0x55c9fa4d7c80] nal_unit_type: 9(AUD), nal_ref_idc: 0
[h264 @ 0x55c9fa4d7c80] nal_unit_type: 1(Coded slice of a non-IDR picture), nal_ref_idc: 2
[h264 @ 0x55c9fa4a0e80] nal_unit_type: 9(AUD), nal_ref_idc: 0
[h264 @ 0x55c9fa4a0e80] nal_unit_type: 1(Coded slice of a non-IDR picture), nal_ref_idc: 2
[h264 @ 0x55c9fa80b4c0] nal_unit_type: 9(AUD), nal_ref_idc: 0
[h264 @ 0x55c9fa80b4c0] nal_unit_type: 1(Coded slice of a non-IDR picture), nal_ref_idc: 0
[out_0_1 @ 0x55c9fa2437c0] EOF on sink link out_0_1:default.
No more output streams to write to, finishing.
[aist#0:0/aac @ 0x55c9f97d9c00] Decoder thread received EOF packet
[aist#0:0/aac @ 0x55c9f97d9c00] Decoder returned EOF, finishing
[aist#0:0/aac @ 0x55c9f97d9c00] Terminating decoder thread
[vist#0:5/h264 @ 0x55c9fa4d3f40] Decoder thread received EOF packet
[vist#0:5/h264 @ 0x55c9fa4d3f40] Decoder returned EOF, finishing
[vist#0:5/h264 @ 0x55c9fa4d3f40] Terminating decoder thread
[out#0/null @ 0x55c9fa4a7e80] All streams finished
[out#0/null @ 0x55c9fa4a7e80] Terminating muxer thread
[out#0/null @ 0x55c9fa4a7e80] Output file #0 (pipe:):
[out#0/null @ 0x55c9fa4a7e80]   Output stream #0:0 (video): 209 frames encoded; 209 packets muxed (100320 bytes); 
[out#0/null @ 0x55c9fa4a7e80]   Output stream #0:1 (audio): 329 frames encoded (336000 samples); 329 packets muxed (1344000 bytes); 
[out#0/null @ 0x55c9fa4a7e80]   Total: 538 packets (1444320 bytes) muxed
[out#0/null @ 0x55c9fa4a7e80] video:98kB audio:1312kB subtitle:0kB other streams:0kB global headers:0kB muxing overhead: unknown
frame=  209 fps=0.0 q=-0.0 Lsize=N/A time=00:00:06.99 bitrate=N/A speed=  14x    
[in#0/hls @ 0x55c9f9485d80] Terminating demuxer thread
[in#0/hls @ 0x55c9f9485d80] Input file #0 (https://jmp2.uk/plu-6320ddef274b1b0007b2ee88.m3u8):
[in#0/hls @ 0x55c9f9485d80]   Input stream #0:0 (audio): 340 packets read (89440 bytes); 339 frames decoded; 0 decode errors (347136 samples); 
[in#0/hls @ 0x55c9f9485d80]   Input stream #0:5 (video): 217 packets read (2363271 bytes); 216 frames decoded; 0 decode errors; 
[in#0/hls @ 0x55c9f9485d80]   Total: 557 packets (2452711 bytes) demuxed
[AVIOContext @ 0x7f4e6402e680] Statistics: 429312 bytes read, 0 seeks
[AVIOContext @ 0x7f4e64656680] Statistics: 855296 bytes read, 0 seeks
[AVIOContext @ 0x55c9f97d5d80] Statistics: 6780 bytes read, 0 seeks
[AVIOContext @ 0x55c9f94a4780] Statistics: 4886 bytes read, 0 seeks
