ffmpeg started on 2026-07-09 at 03:35:55
Report written to "ffmpeg-20260709-033555.log"
Log level: 48
Command line:
ffmpeg -i http://151.80.18.177:86/TF1_HD/index.m3u8 -t 7 -f null -
ffmpeg version 6.1.1-3ubuntu5 Copyright (c) 2000-2023 the FFmpeg developers
  built with gcc 13 (Ubuntu 13.2.0-23ubuntu3)
  configuration: --prefix=/usr --extra-version=3ubuntu5 --toolchain=hardened --libdir=/usr/lib/x86_64-linux-gnu --incdir=/usr/include/x86_64-linux-gnu --arch=amd64 --enable-gpl --disable-stripping --disable-omx --enable-gnutls --enable-libaom --enable-libass --enable-libbs2b --enable-libcaca --enable-libcdio --enable-libcodec2 --enable-libdav1d --enable-libflite --enable-libfontconfig --enable-libfreetype --enable-libfribidi --enable-libglslang --enable-libgme --enable-libgsm --enable-libharfbuzz --enable-libmp3lame --enable-libmysofa --enable-libopenjpeg --enable-libopenmpt --enable-libopus --enable-librubberband --enable-libshine --enable-libsnappy --enable-libsoxr --enable-libspeex --enable-libtheora --enable-libtwolame --enable-libvidstab --enable-libvorbis --enable-libvpx --enable-libwebp --enable-libx265 --enable-libxml2 --enable-libxvid --enable-libzimg --enable-openal --enable-opencl --enable-opengl --disable-sndio --enable-libvpl --disable-libmfx --enable-libdc1394 --enable-libdrm --enable-libiec618  libavutil      58. 29.100 / 58. 29.100
  libavcodec     60. 31.102 / 60. 31.102
  libavformat    60. 16.100 / 60. 16.100
  libavdevice    60.  3.100 / 60.  3.100
  libavfilter     9. 12.100 /  9. 12.100
  libswscale      7.  5.100 /  7.  5.100
  libswresample   4. 12.100 /  4. 12.100
  libpostproc    57.  3.100 / 57.  3.100
Splitting the commandline.
Reading option '-i' ... matched as output url with argument 'http://151.80.18.177:86/TF1_HD/index.m3u8'.
Reading option '-t' ... matched as option 't' (record or transcode "duration" seconds of audio/video) with argument '7'.
Reading option '-f' ... matched as option 'f' (force format) with argument 'null'.
Reading option '-' ... matched as output url.
Finished splitting the commandline.
Parsing a group of options: global .
Successfully parsed a group of options.
Parsing a group of options: input url http://151.80.18.177:86/TF1_HD/index.m3u8.
Successfully parsed a group of options.
Opening an input file: http://151.80.18.177:86/TF1_HD/index.m3u8.
[AVFormatContext @ 0x55b45f2a0e80] Opening 'http://151.80.18.177:86/TF1_HD/index.m3u8' for reading
[http @ 0x55b45f2a14c0] Setting default whitelist 'http,https,tls,rtp,tcp,udp,crypto,httpproxy,data'
[tcp @ 0x55b45f2a3f80] Original list of addresses:
[tcp @ 0x55b45f2a3f80] Address 151.80.18.177 port 86
[tcp @ 0x55b45f2a3f80] Interleaved list of addresses:
[tcp @ 0x55b45f2a3f80] Address 151.80.18.177 port 86
[tcp @ 0x55b45f2a3f80] Starting connection attempt to 151.80.18.177 port 86
[tcp @ 0x55b45f2a3f80] Successfully connected to 151.80.18.177 port 86
[http @ 0x55b45f2a14c0] request: GET /TF1_HD/index.m3u8 HTTP/1.1
User-Agent: Lavf/60.16.100
Accept: */*
Range: bytes=0-
Connection: close
Host: 151.80.18.177:86
Icy-MetaData: 1


[hls @ 0x55b45f2a0e80] Format hls probed with size=2048 and score=100
[hls @ 0x55b45f2a0e80] Opening 'http://151.80.18.177:86/TF1_HD/tracks-v1a1/mono.m3u8' for reading
[tcp @ 0x55b45f2a9540] Original list of addresses:
[tcp @ 0x55b45f2a9540] Address 151.80.18.177 port 86
[tcp @ 0x55b45f2a9540] Interleaved list of addresses:
[tcp @ 0x55b45f2a9540] Address 151.80.18.177 port 86
[tcp @ 0x55b45f2a9540] Starting connection attempt to 151.80.18.177 port 86
[tcp @ 0x55b45f2a9540] Successfully connected to 151.80.18.177 port 86
[http @ 0x55b45f2a6840] request: GET /TF1_HD/tracks-v1a1/mono.m3u8 HTTP/1.1
User-Agent: Lavf/60.16.100
Accept: */*
Range: bytes=0-
Connection: keep-alive
Host: 151.80.18.177:86
Icy-MetaData: 1


[hls @ 0x55b45f2a0e80] Skip ('#EXT-X-VERSION:3')
[hls @ 0x55b45f2a0e80] Skip ('#EXT-X-PROGRAM-DATE-TIME:2026-07-09T03:35:32.247Z')
[hls @ 0x55b45f2a0e80] HLS request for url 'http://151.80.18.177:86/TF1_HD/tracks-v1a1/2026/07/09/03/35/38-05760.ts', offset 0, playlist 0
[hls @ 0x55b45f2a0e80] Opening 'http://151.80.18.177:86/TF1_HD/tracks-v1a1/2026/07/09/03/35/38-05760.ts' for reading
[tcp @ 0x55b45f2aa940] Original list of addresses:
[tcp @ 0x55b45f2aa940] Address 151.80.18.177 port 86
[tcp @ 0x55b45f2aa940] Interleaved list of addresses:
[tcp @ 0x55b45f2aa940] Address 151.80.18.177 port 86
[tcp @ 0x55b45f2aa940] Starting connection attempt to 151.80.18.177 port 86
[tcp @ 0x55b45f2aa940] Successfully connected to 151.80.18.177 port 86
[http @ 0x55b45f2aa6c0] request: GET /TF1_HD/tracks-v1a1/2026/07/09/03/35/38-05760.ts HTTP/1.1
User-Agent: Lavf/60.16.100
Accept: */*
Range: bytes=0-
Connection: keep-alive
Host: 151.80.18.177:86
Icy-MetaData: 1


[hls @ 0x55b45f2a0e80] HLS request for url 'http://151.80.18.177:86/TF1_HD/tracks-v1a1/2026/07/09/03/35/43-05760.ts', offset 0, playlist 0
[hls @ 0x55b45f2a0e80] Opening 'http://151.80.18.177:86/TF1_HD/tracks-v1a1/2026/07/09/03/35/43-05760.ts' for reading
[tcp @ 0x55b45f2ab080] Original list of addresses:
[tcp @ 0x55b45f2ab080] Address 151.80.18.177 port 86
[tcp @ 0x55b45f2ab080] Interleaved list of addresses:
[tcp @ 0x55b45f2ab080] Address 151.80.18.177 port 86
[tcp @ 0x55b45f2ab080] Starting connection attempt to 151.80.18.177 port 86
[tcp @ 0x55b45f2ab080] Successfully connected to 151.80.18.177 port 86
[http @ 0x55b45f2aad00] request: GET /TF1_HD/tracks-v1a1/2026/07/09/03/35/43-05760.ts HTTP/1.1
User-Agent: Lavf/60.16.100
Accept: */*
Range: bytes=0-
Connection: keep-alive
Host: 151.80.18.177:86
Icy-MetaData: 1


Format mpegts probed with size=2048 and score=50
[mpegts @ 0x55b45f2a99c0] stream=0 stream_type=1b pid=d3 prog_reg_desc=
[mpegts @ 0x55b45f2a99c0] stream=1 stream_type=f pid=dd prog_reg_desc=
[hls @ 0x55b45f2a0e80] Before avformat_find_stream_info() pos: 182 bytes read:182 seeks:0 nb_streams:2
For transform of length 120, inverse, mdct_float, flags: [aligned, out_of_place], found 6 matches:
    1: mdct_inv_float_avx2 - type: mdct_float, len: [16, ∞], factors[2]: [2, any], flags: [aligned, out_of_place, inv_only], prio: 511
    2: mdct_pfa_15xM_inv_float_c - type: mdct_float, len: [30, ∞], factors[2]: [15, any], flags: [unaligned, out_of_place, inv_only], prio: 304
    3: mdct_pfa_5xM_inv_float_c - type: mdct_float, len: [10, ∞], factors[2]: [5, any], flags: [unaligned, out_of_place, inv_only], prio: 144
    4: mdct_pfa_3xM_inv_float_c - type: mdct_float, len: [6, ∞], factors[2]: [3, any], flags: [unaligned, out_of_place, inv_only], prio: 112
    5: mdct_inv_float_c - type: mdct_float, len: [2, ∞], factors[2]: [2, any], flags: [unaligned, out_of_place, inv_only], prio: 96
    6: mdct_naive_inv_float_c - type: mdct_float, len: [2, ∞], factors[2]: [2, any], flags: [unaligned, out_of_place, inv_only], prio: -130976
For transform of length 60, inverse, fft_float, flags: [aligned, inplace, preshuf, asm_call], found 1 matches:
    1: fft_pfa_15xM_asm_float_avx2 - type: fft_float, len: [60, ∞], factors[2]: [15, 2], flags: [aligned, inplace, out_of_place, preshuf, asm_call], prio: 655
For transform of length 4, inverse, fft_float, flags: [aligned, inplace, preshuf, asm_call], found 1 matches:
    1: fft4_fwd_asm_float_sse2 - type: fft_float, len: 4, factor: 2, flags: [aligned, inplace, out_of_place, preshuf, asm_call], prio: 352
Transform tree:
    mdct_inv_float_avx2 - type: mdct_float, len: 120, factors[2]: [2, any], flags: [aligned, out_of_place, inv_only]
        fft_pfa_15xM_asm_float_avx2 - type: fft_float, len: 60, factors[2]: [15, 2], flags: [aligned, inplace, out_of_place, preshuf, asm_call]
            fft4_fwd_asm_float_sse2 - type: fft_float, len: 4, factor: 2, flags: [aligned, inplace, out_of_place, preshuf, asm_call]
For transform of length 128, inverse, mdct_float, flags: [aligned, out_of_place], found 3 matches:
    1: mdct_inv_float_avx2 - type: mdct_float, len: [16, ∞], factors[2]: [2, any], flags: [aligned, out_of_place, inv_only], prio: 511
    2: mdct_inv_float_c - type: mdct_float, len: [2, ∞], factors[2]: [2, any], flags: [unaligned, out_of_place, inv_only], prio: 96
    3: mdct_naive_inv_float_c - type: mdct_float, len: [2, ∞], factors[2]: [2, any], flags: [unaligned, out_of_place, inv_only], prio: -130976
For transform of length 64, inverse, fft_float, flags: [aligned, inplace, preshuf, asm_call], found 3 matches:
    1: fft_sr_asm_float_fma3 - type: fft_float, len: [64, 131072], factor: 2, flags: [aligned, inplace, out_of_place, preshuf, asm_call], prio: 448
    2: fft_sr_asm_float_avx2 - type: fft_float, len: [64, 131072], factor: 2, flags: [aligned, inplace, out_of_place, preshuf, asm_call], prio: 447
    3: fft_sr_asm_float_avx - type: fft_float, len: [64, 131072], factor: 2, flags: [aligned, inplace, out_of_place, preshuf, asm_call], prio: 416
Transform tree:
    mdct_inv_float_avx2 - type: mdct_float, len: 128, factors[2]: [2, any], flags: [aligned, out_of_place, inv_only]
        fft_sr_asm_float_fma3 - type: fft_float, len: 64, factor: 2, flags: [aligned, inplace, out_of_place, preshuf, asm_call]
For transform of length 480, inverse, mdct_float, flags: [aligned, out_of_place], found 6 matches:
    1: mdct_inv_float_avx2 - type: mdct_float, len: [16, ∞], factors[2]: [2, any], flags: [aligned, out_of_place, inv_only], prio: 511
    2: mdct_pfa_15xM_inv_float_c - type: mdct_float, len: [30, ∞], factors[2]: [15, any], flags: [unaligned, out_of_place, inv_only], prio: 304
    3: mdct_pfa_5xM_inv_float_c - type: mdct_float, len: [10, ∞], factors[2]: [5, any], flags: [unaligned, out_of_place, inv_only], prio: 144
    4: mdct_pfa_3xM_inv_float_c - type: mdct_float, len: [6, ∞], factors[2]: [3, any], flags: [unaligned, out_of_place, inv_only], prio: 112
    5: mdct_inv_float_c - type: mdct_float, len: [2, ∞], factors[2]: [2, any], flags: [unaligned, out_of_place, inv_only], prio: 96
    6: mdct_naive_inv_float_c - type: mdct_float, len: [2, ∞], factors[2]: [2, any], flags: [unaligned, out_of_place, inv_only], prio: -130976
For transform of length 240, inverse, fft_float, flags: [aligned, inplace, preshuf, asm_call], found 1 matches:
    1: fft_pfa_15xM_asm_float_avx2 - type: fft_float, len: [60, ∞], factors[2]: [15, 2], flags: [aligned, inplace, out_of_place, preshuf, asm_call], prio: 655
For transform of length 16, inverse, fft_float, flags: [aligned, inplace, preshuf, asm_call], found 2 matches:
    1: fft16_asm_float_fma3 - type: fft_float, len: 16, factor: 2, flags: [aligned, inplace, out_of_place, preshuf, asm_call], prio: 512
    2: fft16_asm_float_avx - type: fft_float, len: 16, factor: 2, flags: [aligned, inplace, out_of_place, preshuf, asm_call], prio: 480
Transform tree:
    mdct_inv_float_avx2 - type: mdct_float, len: 480, factors[2]: [2, any], flags: [aligned, out_of_place, inv_only]
        fft_pfa_15xM_asm_float_avx2 - type: fft_float, len: 240, factors[2]: [15, 2], flags: [aligned, inplace, out_of_place, preshuf, asm_call]
            fft16_asm_float_fma3 - type: fft_float, len: 16, factor: 2, flags: [aligned, inplace, out_of_place, preshuf, asm_call]
For transform of length 512, inverse, mdct_float, flags: [aligned, out_of_place], found 3 matches:
    1: mdct_inv_float_avx2 - type: mdct_float, len: [16, ∞], factors[2]: [2, any], flags: [aligned, out_of_place, inv_only], prio: 511
    2: mdct_inv_float_c - type: mdct_float, len: [2, ∞], factors[2]: [2, any], flags: [unaligned, out_of_place, inv_only], prio: 96
    3: mdct_naive_inv_float_c - type: mdct_float, len: [2, ∞], factors[2]: [2, any], flags: [unaligned, out_of_place, inv_only], prio: -130976
For transform of length 256, inverse, fft_float, flags: [aligned, inplace, preshuf, asm_call], found 3 matches:
    1: fft_sr_asm_float_fma3 - type: fft_float, len: [64, 131072], factor: 2, flags: [aligned, inplace, out_of_place, preshuf, asm_call], prio: 448
    2: fft_sr_asm_float_avx2 - type: fft_float, len: [64, 131072], factor: 2, flags: [aligned, inplace, out_of_place, preshuf, asm_call], prio: 447
    3: fft_sr_asm_float_avx - type: fft_float, len: [64, 131072], factor: 2, flags: [aligned, inplace, out_of_place, preshuf, asm_call], prio: 416
Transform tree:
    mdct_inv_float_avx2 - type: mdct_float, len: 512, factors[2]: [2, any], flags: [aligned, out_of_place, inv_only]
        fft_sr_asm_float_fma3 - type: fft_float, len: 256, factor: 2, flags: [aligned, inplace, out_of_place, preshuf, asm_call]
For transform of length 960, inverse, mdct_float, flags: [aligned, out_of_place], found 6 matches:
    1: mdct_inv_float_avx2 - type: mdct_float, len: [16, ∞], factors[2]: [2, any], flags: [aligned, out_of_place, inv_only], prio: 511
    2: mdct_pfa_15xM_inv_float_c - type: mdct_float, len: [30, ∞], factors[2]: [15, any], flags: [unaligned, out_of_place, inv_only], prio: 304
    3: mdct_pfa_5xM_inv_float_c - type: mdct_float, len: [10, ∞], factors[2]: [5, any], flags: [unaligned, out_of_place, inv_only], prio: 144
    4: mdct_pfa_3xM_inv_float_c - type: mdct_float, len: [6, ∞], factors[2]: [3, any], flags: [unaligned, out_of_place, inv_only], prio: 112
    5: mdct_inv_float_c - type: mdct_float, len: [2, ∞], factors[2]: [2, any], flags: [unaligned, out_of_place, inv_only], prio: 96
    6: mdct_naive_inv_float_c - type: mdct_float, len: [2, ∞], factors[2]: [2, any], flags: [unaligned, out_of_place, inv_only], prio: -130976
For transform of length 480, inverse, fft_float, flags: [aligned, inplace, preshuf, asm_call], found 1 matches:
    1: fft_pfa_15xM_asm_float_avx2 - type: fft_float, len: [60, ∞], factors[2]: [15, 2], flags: [aligned, inplace, out_of_place, preshuf, asm_call], prio: 655
For transform of length 32, inverse, fft_float, flags: [aligned, inplace, preshuf, asm_call], found 2 matches:
    1: fft32_asm_float_fma3 - type: fft_float, len: 32, factor: 2, flags: [aligned, inplace, out_of_place, preshuf, asm_call], prio: 512
    2: fft32_asm_float_avx - type: fft_float, len: 32, factor: 2, flags: [aligned, inplace, out_of_place, preshuf, asm_call], prio: 480
Transform tree:
    mdct_inv_float_avx2 - type: mdct_float, len: 960, factors[2]: [2, any], flags: [aligned, out_of_place, inv_only]
        fft_pfa_15xM_asm_float_avx2 - type: fft_float, len: 480, factors[2]: [15, 2], flags: [aligned, inplace, out_of_place, preshuf, asm_call]
            fft32_asm_float_fma3 - type: fft_float, len: 32, factor: 2, flags: [aligned, inplace, out_of_place, preshuf, asm_call]
For transform of length 1024, inverse, mdct_float, flags: [aligned, out_of_place], found 3 matches:
    1: mdct_inv_float_avx2 - type: mdct_float, len: [16, ∞], factors[2]: [2, any], flags: [aligned, out_of_place, inv_only], prio: 511
    2: mdct_inv_float_c - type: mdct_float, len: [2, ∞], factors[2]: [2, any], flags: [unaligned, out_of_place, inv_only], prio: 96
    3: mdct_naive_inv_float_c - type: mdct_float, len: [2, ∞], factors[2]: [2, any], flags: [unaligned, out_of_place, inv_only], prio: -130976
For transform of length 512, inverse, fft_float, flags: [aligned, inplace, preshuf, asm_call], found 3 matches:
    1: fft_sr_asm_float_fma3 - type: fft_float, len: [64, 131072], factor: 2, flags: [aligned, inplace, out_of_place, preshuf, asm_call], prio: 448
    2: fft_sr_asm_float_avx2 - type: fft_float, len: [64, 131072], factor: 2, flags: [aligned, inplace, out_of_place, preshuf, asm_call], prio: 447
    3: fft_sr_asm_float_avx - type: fft_float, len: [64, 131072], factor: 2, flags: [aligned, inplace, out_of_place, preshuf, asm_call], prio: 416
Transform tree:
    mdct_inv_float_avx2 - type: mdct_float, len: 1024, factors[2]: [2, any], flags: [aligned, out_of_place, inv_only]
        fft_sr_asm_float_fma3 - type: fft_float, len: 512, factor: 2, flags: [aligned, inplace, out_of_place, preshuf, asm_call]
For transform of length 1024, forward, mdct_float, flags: [aligned, out_of_place], found 2 matches:
    1: mdct_fwd_float_c - type: mdct_float, len: [2, ∞], factors[2]: [2, any], flags: [unaligned, out_of_place, fwd_only], prio: 96
    2: mdct_naive_fwd_float_c - type: mdct_float, len: [2, ∞], factors[2]: [2, any], flags: [unaligned, out_of_place, fwd_only], prio: -130976
For transform of length 512, forward, fft_float, flags: [aligned, inplace, preshuf], found 5 matches:
    1: fft_sr_ns_float_fma3 - type: fft_float, len: [64, 131072], factor: 2, flags: [aligned, inplace, out_of_place, preshuf], prio: 448
    2: fft_sr_ns_float_avx2 - type: fft_float, len: [64, 131072], factor: 2, flags: [aligned, inplace, out_of_place, preshuf], prio: 447
    3: fft_sr_ns_float_avx - type: fft_float, len: [64, 131072], factor: 2, flags: [aligned, inplace, out_of_place, preshuf], prio: 416
    4: fft_pfa_ns_float_c - type: fft_float, len: [6, ∞], factors[2]: [7, 5, 3, 2, any], flags: [unaligned, inplace, out_of_place, preshuf], prio: 112
    5: fft512_ns_float_c - type: fft_float, len: 512, factor: 2, flags: [unaligned, inplace, out_of_place, preshuf], prio: 96
Transform tree:
    mdct_fwd_float_c - type: mdct_float, len: 1024, factors[2]: [2, any], flags: [unaligned, out_of_place, fwd_only]
        fft_sr_ns_float_fma3 - type: fft_float, len: 512, factor: 2, flags: [aligned, inplace, out_of_place, preshuf]
[mpegts @ 0x55b45f2a99c0] All programs have pmt, headers found
[mpegts @ 0x55b45f2a99c0] probing stream 1 pp:2500
[mpegts @ 0x55b45f2a99c0] Probe with size=452, packets=1 detected aac with score=1
[mpegts @ 0x55b45f2a99c0] probing stream 1 pp:2499
[mpegts @ 0x55b45f2a99c0] probing stream 1 pp:2498
[mpegts @ 0x55b45f2a99c0] Probe with size=1036, packets=3 detected aac with score=51
[mpegts @ 0x55b45f2a99c0] probed stream 1
For transform of length 64, inverse, mdct_float, flags: [aligned, out_of_place], found 3 matches:
    1: mdct_inv_float_avx2 - type: mdct_float, len: [16, ∞], factors[2]: [2, any], flags: [aligned, out_of_place, inv_only], prio: 511
    2: mdct_inv_float_c - type: mdct_float, len: [2, ∞], factors[2]: [2, any], flags: [unaligned, out_of_place, inv_only], prio: 96
    3: mdct_naive_inv_float_c - type: mdct_float, len: [2, ∞], factors[2]: [2, any], flags: [unaligned, out_of_place, inv_only], prio: -130976
For transform of length 32, inverse, fft_float, flags: [aligned, inplace, preshuf, asm_call], found 2 matches:
    1: fft32_asm_float_fma3 - type: fft_float, len: 32, factor: 2, flags: [aligned, inplace, out_of_place, preshuf, asm_call], prio: 512
    2: fft32_asm_float_avx - type: fft_float, len: 32, factor: 2, flags: [aligned, inplace, out_of_place, preshuf, asm_call], prio: 480
Transform tree:
    mdct_inv_float_avx2 - type: mdct_float, len: 64, factors[2]: [2, any], flags: [aligned, out_of_place, inv_only]
        fft32_asm_float_fma3 - type: fft_float, len: 32, factor: 2, flags: [aligned, inplace, out_of_place, preshuf, asm_call]
For transform of length 64, inverse, mdct_float, flags: [aligned, out_of_place], found 3 matches:
    1: mdct_inv_float_avx2 - type: mdct_float, len: [16, ∞], factors[2]: [2, any], flags: [aligned, out_of_place, inv_only], prio: 511
    2: mdct_inv_float_c - type: mdct_float, len: [2, ∞], factors[2]: [2, any], flags: [unaligned, out_of_place, inv_only], prio: 96
    3: mdct_naive_inv_float_c - type: mdct_float, len: [2, ∞], factors[2]: [2, any], flags: [unaligned, out_of_place, inv_only], prio: -130976
For transform of length 32, inverse, fft_float, flags: [aligned, inplace, preshuf, asm_call], found 2 matches:
    1: fft32_asm_float_fma3 - type: fft_float, len: 32, factor: 2, flags: [aligned, inplace, out_of_place, preshuf, asm_call], prio: 512
    2: fft32_asm_float_avx - type: fft_float, len: 32, factor: 2, flags: [aligned, inplace, out_of_place, preshuf, asm_call], prio: 480
Transform tree:
    mdct_inv_float_avx2 - type: mdct_float, len: 64, factors[2]: [2, any], flags: [aligned, out_of_place, inv_only]
        fft32_asm_float_fma3 - type: fft_float, len: 32, factor: 2, flags: [aligned, inplace, out_of_place, preshuf, asm_call]
[NULL @ 0x55b45f2de1c0] Decoding VUI
[NULL @ 0x55b45f2de1c0] ct_type:0 pic_struct:0
[extract_extradata @ 0x55b45f34e640] nal_unit_type: 9(AUD), nal_ref_idc: 0
[extract_extradata @ 0x55b45f34e640] nal_unit_type: 7(SPS), nal_ref_idc: 3
[extract_extradata @ 0x55b45f34e640] nal_unit_type: 8(PPS), nal_ref_idc: 3
[extract_extradata @ 0x55b45f34e640] nal_unit_type: 6(SEI), nal_ref_idc: 0
[extract_extradata @ 0x55b45f34e640] nal_unit_type: 6(SEI), nal_ref_idc: 0
[extract_extradata @ 0x55b45f34e640] nal_unit_type: 5(IDR), nal_ref_idc: 1
[extract_extradata @ 0x55b45f34e640] nal_unit_type: 5(IDR), nal_ref_idc: 1
[h264 @ 0x55b45f2df580] nal_unit_type: 9(AUD), nal_ref_idc: 0
[h264 @ 0x55b45f2df580] nal_unit_type: 7(SPS), nal_ref_idc: 3
[h264 @ 0x55b45f2df580] nal_unit_type: 8(PPS), nal_ref_idc: 3
[h264 @ 0x55b45f2df580] nal_unit_type: 6(SEI), nal_ref_idc: 0
[h264 @ 0x55b45f2df580] nal_unit_type: 6(SEI), nal_ref_idc: 0
[h264 @ 0x55b45f2df580] nal_unit_type: 5(IDR), nal_ref_idc: 1
[h264 @ 0x55b45f2df580] nal_unit_type: 5(IDR), nal_ref_idc: 1
[h264 @ 0x55b45f2df580] Decoding VUI
[h264 @ 0x55b45f2df580] Format yuv420p chosen by get_format().
[h264 @ 0x55b45f2df580] Reinit context to 1280x720, pix_fmt: yuv420p
[h264 @ 0x55b45f2df580] ct_type:0 pic_struct:0
[h264 @ 0x55b45f2df580] no picture 
[NULL @ 0x55b45f2de1c0] ct_type:0 pic_struct:0
[NULL @ 0x55b45f2de1c0] ct_type:0 pic_struct:0
[NULL @ 0x55b45f2de1c0] ct_type:0 pic_struct:0
[NULL @ 0x55b45f2de1c0] ct_type:0 pic_struct:0
[NULL @ 0x55b45f2de1c0] ct_type:0 pic_struct:0
[NULL @ 0x55b45f2de1c0] ct_type:0 pic_struct:0
[NULL @ 0x55b45f2de1c0] ct_type:0 pic_struct:0
[NULL @ 0x55b45f2de1c0] ct_type:0 pic_struct:0
[NULL @ 0x55b45f2de1c0] ct_type:0 pic_struct:0
[NULL @ 0x55b45f2de1c0] ct_type:0 pic_struct:0
[NULL @ 0x55b45f2de1c0] ct_type:0 pic_struct:0
[NULL @ 0x55b45f2de1c0] ct_type:0 pic_struct:0
[NULL @ 0x55b45f2de1c0] ct_type:0 pic_struct:0
[NULL @ 0x55b45f2de1c0] ct_type:0 pic_struct:0
[NULL @ 0x55b45f2de1c0] ct_type:0 pic_struct:0
[NULL @ 0x55b45f2de1c0] ct_type:0 pic_struct:0
[NULL @ 0x55b45f2de1c0] ct_type:0 pic_struct:0
[NULL @ 0x55b45f2de1c0] ct_type:0 pic_struct:0
[NULL @ 0x55b45f2de1c0] ct_type:0 pic_struct:0
[NULL @ 0x55b45f2de1c0] ct_type:0 pic_struct:0
[hls @ 0x55b45f2a0e80] All info found
[hls @ 0x55b45f2a0e80] After avformat_find_stream_info() pos: 182 bytes read:182 seeks:0 frames:31
Input #0, hls, from 'http://151.80.18.177:86/TF1_HD/index.m3u8':
  Duration: N/A, start: 11385.572733, bitrate: N/A
  Program 0 
    Metadata:
      variant_bitrate : 1530000
  Stream #0:0, 21, 1/90000: Video: h264 (High) ([27][0][0][0] / 0x001B), yuv420p(tv, bt709), 1280x720 [SAR 1:1 DAR 16:9], 50 fps, 50 tbr, 90k tbn
    Metadata:
      variant_bitrate : 1530000
  Stream #0:1(fra), 10, 1/90000: Audio: aac (HE-AAC) ([15][0][0][0] / 0x000F), 48000 Hz, stereo, fltp
    Metadata:
      variant_bitrate : 1530000
Successfully opened the file.
Parsing a group of options: output url -.
Applying option t (record or transcode "duration" seconds of audio/video) with argument 7.
Applying option f (force format) with argument null.
Successfully parsed a group of options.
Opening an output file: -.
[out#0/null @ 0x55b45f34e7c0] No explicit maps, mapping streams automatically...
[vost#0:0/wrapped_avframe @ 0x55b45f303ec0] Created video stream from input stream 0:0
detected 4 logical cores
[h264 @ 0x55b45f394b40] nal_unit_type: 7(SPS), nal_ref_idc: 3
[h264 @ 0x55b45f394b40] nal_unit_type: 8(PPS), nal_ref_idc: 3
[h264 @ 0x55b45f394b40] Decoding VUI
[aost#0:1/pcm_s16le @ 0x55b45f3a4c00] Created audio stream from input stream 0:1
For transform of length 64, inverse, mdct_float, flags: [aligned, out_of_place], found 3 matches:
    1: mdct_inv_float_avx2 - type: mdct_float, len: [16, ∞], factors[2]: [2, any], flags: [aligned, out_of_place, inv_only], prio: 511
    2: mdct_inv_float_c - type: mdct_float, len: [2, ∞], factors[2]: [2, any], flags: [unaligned, out_of_place, inv_only], prio: 96
    3: mdct_naive_inv_float_c - type: mdct_float, len: [2, ∞], factors[2]: [2, any], flags: [unaligned, out_of_place, inv_only], prio: -130976
For transform of length 32, inverse, fft_float, flags: [aligned, inplace, preshuf, asm_call], found 2 matches:
    1: fft32_asm_float_fma3 - type: fft_float, len: 32, factor: 2, flags: [aligned, inplace, out_of_place, preshuf, asm_call], prio: 512
    2: fft32_asm_float_avx - type: fft_float, len: 32, factor: 2, flags: [aligned, inplace, out_of_place, preshuf, asm_call], prio: 480
Transform tree:
    mdct_inv_float_avx2 - type: mdct_float, len: 64, factors[2]: [2, any], flags: [aligned, out_of_place, inv_only]
        fft32_asm_float_fma3 - type: fft_float, len: 32, factor: 2, flags: [aligned, inplace, out_of_place, preshuf, asm_call]
For transform of length 64, inverse, mdct_float, flags: [aligned, out_of_place], found 3 matches:
    1: mdct_inv_float_avx2 - type: mdct_float, len: [16, ∞], factors[2]: [2, any], flags: [aligned, out_of_place, inv_only], prio: 511
    2: mdct_inv_float_c - type: mdct_float, len: [2, ∞], factors[2]: [2, any], flags: [unaligned, out_of_place, inv_only], prio: 96
    3: mdct_naive_inv_float_c - type: mdct_float, len: [2, ∞], factors[2]: [2, any], flags: [unaligned, out_of_place, inv_only], prio: -130976
For transform of length 32, inverse, fft_float, flags: [aligned, inplace, preshuf, asm_call], found 2 matches:
    1: fft32_asm_float_fma3 - type: fft_float, len: 32, factor: 2, flags: [aligned, inplace, out_of_place, preshuf, asm_call], prio: 512
    2: fft32_asm_float_avx - type: fft_float, len: 32, factor: 2, flags: [aligned, inplace, out_of_place, preshuf, asm_call], prio: 480
Transform tree:
    mdct_inv_float_avx2 - type: mdct_float, len: 64, factors[2]: [2, any], flags: [aligned, out_of_place, inv_only]
        fft32_asm_float_fma3 - type: fft_float, len: 32, factor: 2, flags: [aligned, inplace, out_of_place, preshuf, asm_call]
For transform of length 120, inverse, mdct_float, flags: [aligned, out_of_place], found 6 matches:
    1: mdct_inv_float_avx2 - type: mdct_float, len: [16, ∞], factors[2]: [2, any], flags: [aligned, out_of_place, inv_only], prio: 511
    2: mdct_pfa_15xM_inv_float_c - type: mdct_float, len: [30, ∞], factors[2]: [15, any], flags: [unaligned, out_of_place, inv_only], prio: 304
    3: mdct_pfa_5xM_inv_float_c - type: mdct_float, len: [10, ∞], factors[2]: [5, any], flags: [unaligned, out_of_place, inv_only], prio: 144
    4: mdct_pfa_3xM_inv_float_c - type: mdct_float, len: [6, ∞], factors[2]: [3, any], flags: [unaligned, out_of_place, inv_only], prio: 112
    5: mdct_inv_float_c - type: mdct_float, len: [2, ∞], factors[2]: [2, any], flags: [unaligned, out_of_place, inv_only], prio: 96
    6: mdct_naive_inv_float_c - type: mdct_float, len: [2, ∞], factors[2]: [2, any], flags: [unaligned, out_of_place, inv_only], prio: -130976
For transform of length 60, inverse, fft_float, flags: [aligned, inplace, preshuf, asm_call], found 1 matches:
    1: fft_pfa_15xM_asm_float_avx2 - type: fft_float, len: [60, ∞], factors[2]: [15, 2], flags: [aligned, inplace, out_of_place, preshuf, asm_call], prio: 655
For transform of length 4, inverse, fft_float, flags: [aligned, inplace, preshuf, asm_call], found 1 matches:
    1: fft4_fwd_asm_float_sse2 - type: fft_float, len: 4, factor: 2, flags: [aligned, inplace, out_of_place, preshuf, asm_call], prio: 352
Transform tree:
    mdct_inv_float_avx2 - type: mdct_float, len: 120, factors[2]: [2, any], flags: [aligned, out_of_place, inv_only]
        fft_pfa_15xM_asm_float_avx2 - type: fft_float, len: 60, factors[2]: [15, 2], flags: [aligned, inplace, out_of_place, preshuf, asm_call]
            fft4_fwd_asm_float_sse2 - type: fft_float, len: 4, factor: 2, flags: [aligned, inplace, out_of_place, preshuf, asm_call]
For transform of length 128, inverse, mdct_float, flags: [aligned, out_of_place], found 3 matches:
    1: mdct_inv_float_avx2 - type: mdct_float, len: [16, ∞], factors[2]: [2, any], flags: [aligned, out_of_place, inv_only], prio: 511
    2: mdct_inv_float_c - type: mdct_float, len: [2, ∞], factors[2]: [2, any], flags: [unaligned, out_of_place, inv_only], prio: 96
    3: mdct_naive_inv_float_c - type: mdct_float, len: [2, ∞], factors[2]: [2, any], flags: [unaligned, out_of_place, inv_only], prio: -130976
For transform of length 64, inverse, fft_float, flags: [aligned, inplace, preshuf, asm_call], found 3 matches:
    1: fft_sr_asm_float_fma3 - type: fft_float, len: [64, 131072], factor: 2, flags: [aligned, inplace, out_of_place, preshuf, asm_call], prio: 448
    2: fft_sr_asm_float_avx2 - type: fft_float, len: [64, 131072], factor: 2, flags: [aligned, inplace, out_of_place, preshuf, asm_call], prio: 447
    3: fft_sr_asm_float_avx - type: fft_float, len: [64, 131072], factor: 2, flags: [aligned, inplace, out_of_place, preshuf, asm_call], prio: 416
Transform tree:
    mdct_inv_float_avx2 - type: mdct_float, len: 128, factors[2]: [2, any], flags: [aligned, out_of_place, inv_only]
        fft_sr_asm_float_fma3 - type: fft_float, len: 64, factor: 2, flags: [aligned, inplace, out_of_place, preshuf, asm_call]
For transform of length 480, inverse, mdct_float, flags: [aligned, out_of_place], found 6 matches:
    1: mdct_inv_float_avx2 - type: mdct_float, len: [16, ∞], factors[2]: [2, any], flags: [aligned, out_of_place, inv_only], prio: 511
    2: mdct_pfa_15xM_inv_float_c - type: mdct_float, len: [30, ∞], factors[2]: [15, any], flags: [unaligned, out_of_place, inv_only], prio: 304
    3: mdct_pfa_5xM_inv_float_c - type: mdct_float, len: [10, ∞], factors[2]: [5, any], flags: [unaligned, out_of_place, inv_only], prio: 144
    4: mdct_pfa_3xM_inv_float_c - type: mdct_float, len: [6, ∞], factors[2]: [3, any], flags: [unaligned, out_of_place, inv_only], prio: 112
    5: mdct_inv_float_c - type: mdct_float, len: [2, ∞], factors[2]: [2, any], flags: [unaligned, out_of_place, inv_only], prio: 96
    6: mdct_naive_inv_float_c - type: mdct_float, len: [2, ∞], factors[2]: [2, any], flags: [unaligned, out_of_place, inv_only], prio: -130976
For transform of length 240, inverse, fft_float, flags: [aligned, inplace, preshuf, asm_call], found 1 matches:
    1: fft_pfa_15xM_asm_float_avx2 - type: fft_float, len: [60, ∞], factors[2]: [15, 2], flags: [aligned, inplace, out_of_place, preshuf, asm_call], prio: 655
For transform of length 16, inverse, fft_float, flags: [aligned, inplace, preshuf, asm_call], found 2 matches:
    1: fft16_asm_float_fma3 - type: fft_float, len: 16, factor: 2, flags: [aligned, inplace, out_of_place, preshuf, asm_call], prio: 512
    2: fft16_asm_float_avx - type: fft_float, len: 16, factor: 2, flags: [aligned, inplace, out_of_place, preshuf, asm_call], prio: 480
Transform tree:
    mdct_inv_float_avx2 - type: mdct_float, len: 480, factors[2]: [2, any], flags: [aligned, out_of_place, inv_only]
        fft_pfa_15xM_asm_float_avx2 - type: fft_float, len: 240, factors[2]: [15, 2], flags: [aligned, inplace, out_of_place, preshuf, asm_call]
            fft16_asm_float_fma3 - type: fft_float, len: 16, factor: 2, flags: [aligned, inplace, out_of_place, preshuf, asm_call]
For transform of length 512, inverse, mdct_float, flags: [aligned, out_of_place], found 3 matches:
    1: mdct_inv_float_avx2 - type: mdct_float, len: [16, ∞], factors[2]: [2, any], flags: [aligned, out_of_place, inv_only], prio: 511
    2: mdct_inv_float_c - type: mdct_float, len: [2, ∞], factors[2]: [2, any], flags: [unaligned, out_of_place, inv_only], prio: 96
    3: mdct_naive_inv_float_c - type: mdct_float, len: [2, ∞], factors[2]: [2, any], flags: [unaligned, out_of_place, inv_only], prio: -130976
For transform of length 256, inverse, fft_float, flags: [aligned, inplace, preshuf, asm_call], found 3 matches:
    1: fft_sr_asm_float_fma3 - type: fft_float, len: [64, 131072], factor: 2, flags: [aligned, inplace, out_of_place, preshuf, asm_call], prio: 448
    2: fft_sr_asm_float_avx2 - type: fft_float, len: [64, 131072], factor: 2, flags: [aligned, inplace, out_of_place, preshuf, asm_call], prio: 447
    3: fft_sr_asm_float_avx - type: fft_float, len: [64, 131072], factor: 2, flags: [aligned, inplace, out_of_place, preshuf, asm_call], prio: 416
Transform tree:
    mdct_inv_float_avx2 - type: mdct_float, len: 512, factors[2]: [2, any], flags: [aligned, out_of_place, inv_only]
        fft_sr_asm_float_fma3 - type: fft_float, len: 256, factor: 2, flags: [aligned, inplace, out_of_place, preshuf, asm_call]
For transform of length 960, inverse, mdct_float, flags: [aligned, out_of_place], found 6 matches:
    1: mdct_inv_float_avx2 - type: mdct_float, len: [16, ∞], factors[2]: [2, any], flags: [aligned, out_of_place, inv_only], prio: 511
    2: mdct_pfa_15xM_inv_float_c - type: mdct_float, len: [30, ∞], factors[2]: [15, any], flags: [unaligned, out_of_place, inv_only], prio: 304
    3: mdct_pfa_5xM_inv_float_c - type: mdct_float, len: [10, ∞], factors[2]: [5, any], flags: [unaligned, out_of_place, inv_only], prio: 144
    4: mdct_pfa_3xM_inv_float_c - type: mdct_float, len: [6, ∞], factors[2]: [3, any], flags: [unaligned, out_of_place, inv_only], prio: 112
    5: mdct_inv_float_c - type: mdct_float, len: [2, ∞], factors[2]: [2, any], flags: [unaligned, out_of_place, inv_only], prio: 96
    6: mdct_naive_inv_float_c - type: mdct_float, len: [2, ∞], factors[2]: [2, any], flags: [unaligned, out_of_place, inv_only], prio: -130976
For transform of length 480, inverse, fft_float, flags: [aligned, inplace, preshuf, asm_call], found 1 matches:
    1: fft_pfa_15xM_asm_float_avx2 - type: fft_float, len: [60, ∞], factors[2]: [15, 2], flags: [aligned, inplace, out_of_place, preshuf, asm_call], prio: 655
For transform of length 32, inverse, fft_float, flags: [aligned, inplace, preshuf, asm_call], found 2 matches:
    1: fft32_asm_float_fma3 - type: fft_float, len: 32, factor: 2, flags: [aligned, inplace, out_of_place, preshuf, asm_call], prio: 512
    2: fft32_asm_float_avx - type: fft_float, len: 32, factor: 2, flags: [aligned, inplace, out_of_place, preshuf, asm_call], prio: 480
Transform tree:
    mdct_inv_float_avx2 - type: mdct_float, len: 960, factors[2]: [2, any], flags: [aligned, out_of_place, inv_only]
        fft_pfa_15xM_asm_float_avx2 - type: fft_float, len: 480, factors[2]: [15, 2], flags: [aligned, inplace, out_of_place, preshuf, asm_call]
            fft32_asm_float_fma3 - type: fft_float, len: 32, factor: 2, flags: [aligned, inplace, out_of_place, preshuf, asm_call]
For transform of length 1024, inverse, mdct_float, flags: [aligned, out_of_place], found 3 matches:
    1: mdct_inv_float_avx2 - type: mdct_float, len: [16, ∞], factors[2]: [2, any], flags: [aligned, out_of_place, inv_only], prio: 511
    2: mdct_inv_float_c - type: mdct_float, len: [2, ∞], factors[2]: [2, any], flags: [unaligned, out_of_place, inv_only], prio: 96
    3: mdct_naive_inv_float_c - type: mdct_float, len: [2, ∞], factors[2]: [2, any], flags: [unaligned, out_of_place, inv_only], prio: -130976
For transform of length 512, inverse, fft_float, flags: [aligned, inplace, preshuf, asm_call], found 3 matches:
    1: fft_sr_asm_float_fma3 - type: fft_float, len: [64, 131072], factor: 2, flags: [aligned, inplace, out_of_place, preshuf, asm_call], prio: 448
    2: fft_sr_asm_float_avx2 - type: fft_float, len: [64, 131072], factor: 2, flags: [aligned, inplace, out_of_place, preshuf, asm_call], prio: 447
    3: fft_sr_asm_float_avx - type: fft_float, len: [64, 131072], factor: 2, flags: [aligned, inplace, out_of_place, preshuf, asm_call], prio: 416
Transform tree:
    mdct_inv_float_avx2 - type: mdct_float, len: 1024, factors[2]: [2, any], flags: [aligned, out_of_place, inv_only]
        fft_sr_asm_float_fma3 - type: fft_float, len: 512, factor: 2, flags: [aligned, inplace, out_of_place, preshuf, asm_call]
For transform of length 1024, forward, mdct_float, flags: [aligned, out_of_place], found 2 matches:
    1: mdct_fwd_float_c - type: mdct_float, len: [2, ∞], factors[2]: [2, any], flags: [unaligned, out_of_place, fwd_only], prio: 96
    2: mdct_naive_fwd_float_c - type: mdct_float, len: [2, ∞], factors[2]: [2, any], flags: [unaligned, out_of_place, fwd_only], prio: -130976
For transform of length 512, forward, fft_float, flags: [aligned, inplace, preshuf], found 5 matches:
    1: fft_sr_ns_float_fma3 - type: fft_float, len: [64, 131072], factor: 2, flags: [aligned, inplace, out_of_place, preshuf], prio: 448
    2: fft_sr_ns_float_avx2 - type: fft_float, len: [64, 131072], factor: 2, flags: [aligned, inplace, out_of_place, preshuf], prio: 447
    3: fft_sr_ns_float_avx - type: fft_float, len: [64, 131072], factor: 2, flags: [aligned, inplace, out_of_place, preshuf], prio: 416
    4: fft_pfa_ns_float_c - type: fft_float, len: [6, ∞], factors[2]: [7, 5, 3, 2, any], flags: [unaligned, inplace, out_of_place, preshuf], prio: 112
    5: fft512_ns_float_c - type: fft_float, len: 512, factor: 2, flags: [unaligned, inplace, out_of_place, preshuf], prio: 96
Transform tree:
    mdct_fwd_float_c - type: mdct_float, len: 1024, factors[2]: [2, any], flags: [unaligned, out_of_place, fwd_only]
        fft_sr_ns_float_fma3 - type: fft_float, len: 512, factor: 2, flags: [aligned, inplace, out_of_place, preshuf]
Successfully opened the file.
Stream mapping:
  Stream #0:0 -> #0:0 (h264 (native) -> wrapped_avframe (native))
  Stream #0:1 -> #0:1 (aac (native) -> pcm_s16le (native))
Press [q] to stop, [?] for help
[graph_1_in_0_1 @ 0x55b45f3ba140] Setting 'time_base' to value '1/48000'
[graph_1_in_0_1 @ 0x55b45f3ba140] Setting 'sample_rate' to value '48000'
[graph_1_in_0_1 @ 0x55b45f3ba140] Setting 'sample_fmt' to value 'fltp'
[graph_1_in_0_1 @ 0x55b45f3ba140] Setting 'channel_layout' to value 'stereo'
[graph_1_in_0_1 @ 0x55b45f3ba140] tb:1/48000 samplefmt:fltp samplerate:48000 chlayout:stereo
[format_out_0_1 @ 0x55b45f3ba7c0] Setting 'sample_fmts' to value 's16'
[format_out_0_1 @ 0x55b45f3ba7c0] auto-inserting filter 'auto_aresample_0' between the filter 'Parsed_anull_0' and the filter 'format_out_0_1'
[AVFilterGraph @ 0x55b45f428340] query_formats: 5 queried, 6 merged, 7 already done, 0 delayed
[auto_aresample_0 @ 0x55b45f3bb800] [SWR @ 0x55b45f3bb900] Using fltp internally between filters
[auto_aresample_0 @ 0x55b45f3bb800] ch:2 chl:stereo fmt:fltp r:48000Hz -> ch:2 chl:stereo fmt:s16 r:48000Hz
[h264 @ 0x55b45f394b40] nal_unit_type: 9(AUD), nal_ref_idc: 0
[h264 @ 0x55b45f394b40] nal_unit_type: 7(SPS), nal_ref_idc: 3
[h264 @ 0x55b45f394b40] nal_unit_type: 8(PPS), nal_ref_idc: 3
[h264 @ 0x55b45f394b40] nal_unit_type: 6(SEI), nal_ref_idc: 0
[h264 @ 0x55b45f394b40] nal_unit_type: 6(SEI), nal_ref_idc: 0
[h264 @ 0x55b45f394b40] nal_unit_type: 5(IDR), nal_ref_idc: 1
[h264 @ 0x55b45f394b40] nal_unit_type: 5(IDR), nal_ref_idc: 1
[h264 @ 0x55b45f394b40] Decoding VUI
[h264 @ 0x55b45f394b40] Format yuv420p chosen by get_format().
[h264 @ 0x55b45f394b40] Reinit context to 1280x720, pix_fmt: yuv420p
[h264 @ 0x55b45f394b40] ct_type:0 pic_struct:0
[h264 @ 0x55b45f394b40] no picture 
[h264 @ 0x55b45f308fc0] nal_unit_type: 9(AUD), nal_ref_idc: 0
[h264 @ 0x55b45f308fc0] nal_unit_type: 6(SEI), nal_ref_idc: 0
[h264 @ 0x55b45f308fc0] nal_unit_type: 1(Coded slice of a non-IDR picture), nal_ref_idc: 1
[h264 @ 0x55b45f308fc0] nal_unit_type: 1(Coded slice of a non-IDR picture), nal_ref_idc: 1
[h264 @ 0x55b45f308fc0] ct_type:0 pic_struct:0
[h264 @ 0x55b45f308fc0] no picture 
[h264 @ 0x55b45f423f40] nal_unit_type: 9(AUD), nal_ref_idc: 0
[h264 @ 0x55b45f423f40] nal_unit_type: 6(SEI), nal_ref_idc: 0
[h264 @ 0x55b45f423f40] nal_unit_type: 1(Coded slice of a non-IDR picture), nal_ref_idc: 1
[h264 @ 0x55b45f423f40] nal_unit_type: 1(Coded slice of a non-IDR picture), nal_ref_idc: 1
[h264 @ 0x55b45f423f40] ct_type:0 pic_struct:0
[h264 @ 0x55b45f2febc0] nal_unit_type: 9(AUD), nal_ref_idc: 0
[h264 @ 0x55b45f2febc0] nal_unit_type: 6(SEI), nal_ref_idc: 0
[h264 @ 0x55b45f2febc0] nal_unit_type: 1(Coded slice of a non-IDR picture), nal_ref_idc: 0
[h264 @ 0x55b45f2febc0] nal_unit_type: 1(Coded slice of a non-IDR picture), nal_ref_idc: 0
[h264 @ 0x55b45f2febc0] ct_type:0 pic_struct:0
[h264 @ 0x55b45f38be80] nal_unit_type: 9(AUD), nal_ref_idc: 0
[h264 @ 0x55b45f38be80] nal_unit_type: 6(SEI), nal_ref_idc: 0
[h264 @ 0x55b45f38be80] nal_unit_type: 1(Coded slice of a non-IDR picture), nal_ref_idc: 0
[h264 @ 0x55b45f38be80] nal_unit_type: 1(Coded slice of a non-IDR picture), nal_ref_idc: 0
[h264 @ 0x55b45f38be80] ct_type:0 pic_struct:0
[h264 @ 0x55b45f394b40] nal_unit_type: 9(AUD), nal_ref_idc: 0
[h264 @ 0x55b45f394b40] nal_unit_type: 6(SEI), nal_ref_idc: 0
[h264 @ 0x55b45f394b40] nal_unit_type: 1(Coded slice of a non-IDR picture), nal_ref_idc: 1
[h264 @ 0x55b45f394b40] nal_unit_type: 1(Coded slice of a non-IDR picture), nal_ref_idc: 1
[h264 @ 0x55b45f394b40] ct_type:0 pic_struct:0
[h264 @ 0x55b45f308fc0] nal_unit_type: 9(AUD), nal_ref_idc: 0
[h264 @ 0x55b45f308fc0] nal_unit_type: 6(SEI), nal_ref_idc: 0
[h264 @ 0x55b45f308fc0] nal_unit_type: 1(Coded slice of a non-IDR picture), nal_ref_idc: 1
[h264 @ 0x55b45f308fc0] nal_unit_type: 1(Coded slice of a non-IDR picture), nal_ref_idc: 1
[graph 0 input from stream 0:0 @ 0x55b45f342780] Setting 'video_size' to value '1280x720'
[graph 0 input from stream 0:0 @ 0x55b45f342780] Setting 'pix_fmt' to value '0'
[graph 0 input from stream 0:0 @ 0x55b45f342780] Setting 'time_base' to value '1/90000'
[graph 0 input from stream 0:0 @ 0x55b45f342780] Setting 'pixel_aspect' to value '1/1'
[graph 0 input from stream 0:0 @ 0x55b45f342780] Setting 'frame_rate' to value '50/1'
[graph 0 input from stream 0:0 @ 0x55b45f342780] w:1280 h:720 pixfmt:yuv420p tb:1/90000 fr:50/1 sar:1/1
[h264 @ 0x55b45f308fc0] ct_type:0 pic_struct:0
[AVFilterGraph @ 0x55b45f45f100] query_formats: 4 queried, 3 merged, 0 already done, 0 delayed
Output #0, null, to 'pipe:':
  Metadata:
    encoder         : Lavf60.16.100
  Stream #0:0, 0, 1/50: Video: wrapped_avframe, yuv420p(tv, bt709, progressive), 1280x720 [SAR 1:1 DAR 16:9], q=2-31, 200 kb/s, 50 fps, 50 tbn
    Metadata:
      variant_bitrate : 1530000
      encoder         : Lavc60.31.102 wrapped_avframe
  Stream #0:1(fra), 0, 1/48000: Audio: pcm_s16le, 48000 Hz, stereo, s16, 1536 kb/s
    Metadata:
      variant_bitrate : 1530000
      encoder         : Lavc60.31.102 pcm_s16le
frame=    0 fps=0.0 q=-0.0 size=       0kB time=00:00:00.08 bitrate=   0.0kbits/s speed=8.49x    [h264 @ 0x55b45f423f40] nal_unit_type: 9(AUD), nal_ref_idc: 0
[h264 @ 0x55b45f423f40] nal_unit_type: 6(SEI), nal_ref_idc: 0
[h264 @ 0x55b45f423f40] nal_unit_type: 1(Coded slice of a non-IDR picture), nal_ref_idc: 0
[h264 @ 0x55b45f423f40] nal_unit_type: 1(Coded slice of a non-IDR picture), nal_ref_idc: 0
[h264 @ 0x55b45f423f40] ct_type:0 pic_struct:0
[h264 @ 0x55b45f2febc0] nal_unit_type: 9(AUD), nal_ref_idc: 0
[h264 @ 0x55b45f2febc0] nal_unit_type: 6(SEI), nal_ref_idc: 0
[h264 @ 0x55b45f2febc0] nal_unit_type: 1(Coded slice of a non-IDR picture), nal_ref_idc: 0
[h264 @ 0x55b45f2febc0] nal_unit_type: 1(Coded slice of a non-IDR picture), nal_ref_idc: 0
[h264 @ 0x55b45f2febc0] ct_type:0 pic_struct:0
[h264 @ 0x55b45f38be80] nal_unit_type: 9(AUD), nal_ref_idc: 0
[h264 @ 0x55b45f38be80] nal_unit_type: 6(SEI), nal_ref_idc: 0
[h264 @ 0x55b45f38be80] nal_unit_type: 1(Coded slice of a non-IDR picture), nal_ref_idc: 1
[h264 @ 0x55b45f38be80] nal_unit_type: 1(Coded slice of a non-IDR picture), nal_ref_idc: 1
[h264 @ 0x55b45f38be80] ct_type:0 pic_struct:0
[h264 @ 0x55b45f394b40] nal_unit_type: 9(AUD), nal_ref_idc: 0
[h264 @ 0x55b45f394b40] nal_unit_type: 6(SEI), nal_ref_idc: 0
[h264 @ 0x55b45f394b40] nal_unit_type: 1(Coded slice of a non-IDR picture), nal_ref_idc: 1
[h264 @ 0x55b45f394b40] nal_unit_type: 1(Coded slice of a non-IDR picture), nal_ref_idc: 1
[h264 @ 0x55b45f394b40] ct_type:0 pic_struct:0
[h264 @ 0x55b45f308fc0] nal_unit_type: 9(AUD), nal_ref_idc: 0
[h264 @ 0x55b45f308fc0] nal_unit_type: 6(SEI), nal_ref_idc: 0
[h264 @ 0x55b45f308fc0] nal_unit_type: 1(Coded slice of a non-IDR picture), nal_ref_idc: 0
[h264 @ 0x55b45f308fc0] nal_unit_type: 1(Coded slice of a non-IDR picture), nal_ref_idc: 0
[h264 @ 0x55b45f308fc0] ct_type:0 pic_struct:0
[h264 @ 0x55b45f423f40] nal_unit_type: 9(AUD), nal_ref_idc: 0
[h264 @ 0x55b45f423f40] nal_unit_type: 6(SEI), nal_ref_idc: 0
[h264 @ 0x55b45f423f40] nal_unit_type: 1(Coded slice of a non-IDR picture), nal_ref_idc: 0
[h264 @ 0x55b45f423f40] nal_unit_type: 1(Coded slice of a non-IDR picture), nal_ref_idc: 0
[h264 @ 0x55b45f423f40] ct_type:0 pic_struct:0
[h264 @ 0x55b45f2febc0] nal_unit_type: 9(AUD), nal_ref_idc: 0
[h264 @ 0x55b45f2febc0] nal_unit_type: 6(SEI), nal_ref_idc: 0
[h264 @ 0x55b45f2febc0] nal_unit_type: 1(Coded slice of a non-IDR picture), nal_ref_idc: 1
[h264 @ 0x55b45f2febc0] nal_unit_type: 1(Coded slice of a non-IDR picture), nal_ref_idc: 1
[h264 @ 0x55b45f2febc0] ct_type:0 pic_struct:0
[h264 @ 0x55b45f38be80] nal_unit_type: 9(AUD), nal_ref_idc: 0
[h264 @ 0x55b45f38be80] nal_unit_type: 6(SEI), nal_ref_idc: 0
[h264 @ 0x55b45f38be80] nal_unit_type: 1(Coded slice of a non-IDR picture), nal_ref_idc: 1
[h264 @ 0x55b45f38be80] nal_unit_type: 1(Coded slice of a non-IDR picture), nal_ref_idc: 1
[h264 @ 0x55b45f38be80] ct_type:0 pic_struct:0
[h264 @ 0x55b45f394b40] nal_unit_type: 9(AUD), nal_ref_idc: 0
[h264 @ 0x55b45f394b40] nal_unit_type: 6(SEI), nal_ref_idc: 0
[h264 @ 0x55b45f394b40] nal_unit_type: 1(Coded slice of a non-IDR picture), nal_ref_idc: 0
[h264 @ 0x55b45f394b40] nal_unit_type: 1(Coded slice of a non-IDR picture), nal_ref_idc: 0
[h264 @ 0x55b45f394b40] ct_type:0 pic_struct:0
[h264 @ 0x55b45f308fc0] nal_unit_type: 9(AUD), nal_ref_idc: 0
[h264 @ 0x55b45f308fc0] nal_unit_type: 6(SEI), nal_ref_idc: 0
[h264 @ 0x55b45f308fc0] nal_unit_type: 1(Coded slice of a non-IDR picture), nal_ref_idc: 0
[h264 @ 0x55b45f308fc0] nal_unit_type: 1(Coded slice of a non-IDR picture), nal_ref_idc: 0
[h264 @ 0x55b45f308fc0] ct_type:0 pic_struct:0
[h264 @ 0x55b45f423f40] nal_unit_type: 9(AUD), nal_ref_idc: 0
[h264 @ 0x55b45f423f40] nal_unit_type: 6(SEI), nal_ref_idc: 0
[h264 @ 0x55b45f423f40] nal_unit_type: 1(Coded slice of a non-IDR picture), nal_ref_idc: 1
[h264 @ 0x55b45f423f40] nal_unit_type: 1(Coded slice of a non-IDR picture), nal_ref_idc: 1
[h264 @ 0x55b45f423f40] ct_type:0 pic_struct:0
[h264 @ 0x55b45f2febc0] nal_unit_type: 9(AUD), nal_ref_idc: 0
[h264 @ 0x55b45f2febc0] nal_unit_type: 6(SEI), nal_ref_idc: 0
[h264 @ 0x55b45f2febc0] nal_unit_type: 1(Coded slice of a non-IDR picture), nal_ref_idc: 1
[h264 @ 0x55b45f2febc0] nal_unit_type: 1(Coded slice of a non-IDR picture), nal_ref_idc: 1
[h264 @ 0x55b45f2febc0] ct_type:0 pic_struct:0
[h264 @ 0x55b45f38be80] nal_unit_type: 9(AUD), nal_ref_idc: 0
[h264 @ 0x55b45f38be80] nal_unit_type: 6(SEI), nal_ref_idc: 0
[h264 @ 0x55b45f38be80] nal_unit_type: 1(Coded slice of a non-IDR picture), nal_ref_idc: 0
[h264 @ 0x55b45f38be80] nal_unit_type: 1(Coded slice of a non-IDR picture), nal_ref_idc: 0
[h264 @ 0x55b45f38be80] ct_type:0 pic_struct:0
[NULL @ 0x55b45f2de1c0] ct_type:0 pic_struct:0
[h264 @ 0x55b45f394b40] nal_unit_type: 9(AUD), nal_ref_idc: 0
[h264 @ 0x55b45f394b40] nal_unit_type: 6(SEI), nal_ref_idc: 0
[h264 @ 0x55b45f394b40] nal_unit_type: 1(Coded slice of a non-IDR picture), nal_ref_idc: 0
[h264 @ 0x55b45f394b40] nal_unit_type: 1(Coded slice of a non-IDR picture), nal_ref_idc: 0
[h264 @ 0x55b45f394b40] ct_type:0 pic_struct:0
[NULL @ 0x55b45f2de1c0] ct_type:0 pic_struct:0
[h264 @ 0x55b45f308fc0] nal_unit_type: 9(AUD), nal_ref_idc: 0
[h264 @ 0x55b45f308fc0] nal_unit_type: 6(SEI), nal_ref_idc: 0
[h264 @ 0x55b45f308fc0] nal_unit_type: 1(Coded slice of a non-IDR picture), nal_ref_idc: 1
[h264 @ 0x55b45f308fc0] nal_unit_type: 1(Coded slice of a non-IDR picture), nal_ref_idc: 1
[h264 @ 0x55b45f308fc0] ct_type:0 pic_struct:0
[NULL @ 0x55b45f2de1c0] ct_type:0 pic_struct:0
[h264 @ 0x55b45f423f40] nal_unit_type: 9(AUD), nal_ref_idc: 0
[h264 @ 0x55b45f423f40] nal_unit_type: 6(SEI), nal_ref_idc: 0
[h264 @ 0x55b45f423f40] nal_unit_type: 1(Coded slice of a non-IDR picture), nal_ref_idc: 1
[h264 @ 0x55b45f423f40] nal_unit_type: 1(Coded slice of a non-IDR picture), nal_ref_idc: 1
[NULL @ 0x55b45f2de1c0] ct_type:0 pic_struct:0
[h264 @ 0x55b45f423f40] ct_type:0 pic_struct:0
[h264 @ 0x55b45f2febc0] nal_unit_type: 9(AUD), nal_ref_idc: 0
[h264 @ 0x55b45f2febc0] nal_unit_type: 6(SEI), nal_ref_idc: 0
[h264 @ 0x55b45f2febc0] nal_unit_type: 1(Coded slice of a non-IDR picture), nal_ref_idc: 0
[h264 @ 0x55b45f2febc0] nal_unit_type: 1(Coded slice of a non-IDR picture), nal_ref_idc: 0
[NULL @ 0x55b45f2de1c0] ct_type:0 pic_struct:0
[h264 @ 0x55b45f2febc0] ct_type:0 pic_struct:0
[h264 @ 0x55b45f38be80] nal_unit_type: 9(AUD), nal_ref_idc: 0
[h264 @ 0x55b45f38be80] nal_unit_type: 6(SEI), nal_ref_idc: 0
[h264 @ 0x55b45f38be80] nal_unit_type: 1(Coded slice of a non-IDR picture), nal_ref_idc: 0
[h264 @ 0x55b45f38be80] nal_unit_type: 1(Coded slice of a non-IDR picture), nal_ref_idc: 0
[NULL @ 0x55b45f2de1c0] ct_type:0 pic_struct:0
[h264 @ 0x55b45f38be80] ct_type:0 pic_struct:0
[h264 @ 0x55b45f394b40] nal_unit_type: 9(AUD), nal_ref_idc: 0
[h264 @ 0x55b45f394b40] nal_unit_type: 6(SEI), nal_ref_idc: 0
[h264 @ 0x55b45f394b40] nal_unit_type: 1(Coded slice of a non-IDR picture), nal_ref_idc: 1
[h264 @ 0x55b45f394b40] nal_unit_type: 1(Coded slice of a non-IDR picture), nal_ref_idc: 1
[h264 @ 0x55b45f394b40] ct_type:0 pic_struct:0
[NULL @ 0x55b45f2de1c0] ct_type:0 pic_struct:0
[h264 @ 0x55b45f308fc0] nal_unit_type: 9(AUD), nal_ref_idc: 0
[h264 @ 0x55b45f308fc0] nal_unit_type: 6(SEI), nal_ref_idc: 0
[h264 @ 0x55b45f308fc0] nal_unit_type: 1(Coded slice of a non-IDR picture), nal_ref_idc: 1
[h264 @ 0x55b45f308fc0] nal_unit_type: 1(Coded slice of a non-IDR picture), nal_ref_idc: 1
[h264 @ 0x55b45f308fc0] ct_type:0 pic_struct:0
[NULL @ 0x55b45f2de1c0] ct_type:0 pic_struct:0
[h264 @ 0x55b45f423f40] nal_unit_type: 9(AUD), nal_ref_idc: 0
[h264 @ 0x55b45f423f40] nal_unit_type: 6(SEI), nal_ref_idc: 0
[h264 @ 0x55b45f423f40] nal_unit_type: 1(Coded slice of a non-IDR picture), nal_ref_idc: 0
[h264 @ 0x55b45f423f40] nal_unit_type: 1(Coded slice of a non-IDR picture), nal_ref_idc: 0
[NULL @ 0x55b45f2de1c0] ct_type:0 pic_struct:0
[h264 @ 0x55b45f423f40] ct_type:0 pic_struct:0
[h264 @ 0x55b45f2febc0] nal_unit_type: 9(AUD), nal_ref_idc: 0
[h264 @ 0x55b45f2febc0] nal_unit_type: 6(SEI), nal_ref_idc: 0
[h264 @ 0x55b45f2febc0] nal_unit_type: 1(Coded slice of a non-IDR picture), nal_ref_idc: 0
[h264 @ 0x55b45f2febc0] nal_unit_type: 1(Coded slice of a non-IDR picture), nal_ref_idc: 0
[h264 @ 0x55b45f2febc0] ct_type:0 pic_struct:0
[NULL @ 0x55b45f2de1c0] ct_type:0 pic_struct:0
[h264 @ 0x55b45f38be80] nal_unit_type: 9(AUD), nal_ref_idc: 0
[h264 @ 0x55b45f38be80] nal_unit_type: 6(SEI), nal_ref_idc: 0
[h264 @ 0x55b45f38be80] nal_unit_type: 1(Coded slice of a non-IDR picture), nal_ref_idc: 1
[h264 @ 0x55b45f38be80] nal_unit_type: 1(Coded slice of a non-IDR picture), nal_ref_idc: 1
[h264 @ 0x55b45f38be80] ct_type:0 pic_struct:0
[NULL @ 0x55b45f2de1c0] ct_type:0 pic_struct:0
[NULL @ 0x55b45f2de1c0] ct_type:0 pic_struct:0
[h264 @ 0x55b45f394b40] nal_unit_type: 9(AUD), nal_ref_idc: 0
[h264 @ 0x55b45f394b40] nal_unit_type: 6(SEI), nal_ref_idc: 0
[h264 @ 0x55b45f394b40] nal_unit_type: 1(Coded slice of a non-IDR picture), nal_ref_idc: 1
[h264 @ 0x55b45f394b40] nal_unit_type: 1(Coded slice of a non-IDR picture), nal_ref_idc: 1
[h264 @ 0x55b45f394b40] ct_type:0 pic_struct:0
[h264 @ 0x55b45f308fc0] nal_unit_type: 9(AUD), nal_ref_idc: 0
[h264 @ 0x55b45f308fc0] nal_unit_type: 6(SEI), nal_ref_idc: 0
[h264 @ 0x55b45f308fc0] nal_unit_type: 1(Coded slice of a non-IDR picture), nal_ref_idc: 0
[h264 @ 0x55b45f308fc0] nal_unit_type: 1(Coded slice of a non-IDR picture), nal_ref_idc: 0
[h264 @ 0x55b45f308fc0] ct_type:0 pic_struct:0
[NULL @ 0x55b45f2de1c0] ct_type:0 pic_struct:0
[h264 @ 0x55b45f423f40] nal_unit_type: 9(AUD), nal_ref_idc: 0
[h264 @ 0x55b45f423f40] nal_unit_type: 6(SEI), nal_ref_idc: 0
[h264 @ 0x55b45f423f40] nal_unit_type: 1(Coded slice of a non-IDR picture), nal_ref_idc: 0
[h264 @ 0x55b45f423f40] nal_unit_type: 1(Coded slice of a non-IDR picture), nal_ref_idc: 0
[h264 @ 0x55b45f423f40] ct_type:0 pic_struct:0
[NULL @ 0x55b45f2de1c0] ct_type:0 pic_struct:0
[h264 @ 0x55b45f2febc0] nal_unit_type: 9(AUD), nal_ref_idc: 0
[h264 @ 0x55b45f2febc0] nal_unit_type: 6(SEI), nal_ref_idc: 0
[h264 @ 0x55b45f2febc0] nal_unit_type: 1(Coded slice of a non-IDR picture), nal_ref_idc: 1
[h264 @ 0x55b45f2febc0] nal_unit_type: 1(Coded slice of a non-IDR picture), nal_ref_idc: 1
[h264 @ 0x55b45f2febc0] ct_type:0 pic_struct:0
[NULL @ 0x55b45f2de1c0] ct_type:0 pic_struct:0
[h264 @ 0x55b45f38be80] nal_unit_type: 9(AUD), nal_ref_idc: 0
[h264 @ 0x55b45f38be80] nal_unit_type: 6(SEI), nal_ref_idc: 0
[h264 @ 0x55b45f38be80] nal_unit_type: 1(Coded slice of a non-IDR picture), nal_ref_idc: 1
[h264 @ 0x55b45f38be80] nal_unit_type: 1(Coded slice of a non-IDR picture), nal_ref_idc: 1
[h264 @ 0x55b45f38be80] ct_type:0 pic_struct:0
[NULL @ 0x55b45f2de1c0] ct_type:0 pic_struct:0
[h264 @ 0x55b45f394b40] nal_unit_type: 9(AUD), nal_ref_idc: 0
[h264 @ 0x55b45f394b40] nal_unit_type: 6(SEI), nal_ref_idc: 0
[h264 @ 0x55b45f394b40] nal_unit_type: 1(Coded slice of a non-IDR picture), nal_ref_idc: 0
[h264 @ 0x55b45f394b40] nal_unit_type: 1(Coded slice of a non-IDR picture), nal_ref_idc: 0
[h264 @ 0x55b45f394b40] ct_type:0 pic_struct:0
[NULL @ 0x55b45f2de1c0] ct_type:0 pic_struct:0
[NULL @ 0x55b45f2de1c0] ct_type:0 pic_struct:0
[h264 @ 0x55b45f308fc0] nal_unit_type: 9(AUD), nal_ref_idc: 0
[h264 @ 0x55b45f308fc0] nal_unit_type: 6(SEI), nal_ref_idc: 0
[h264 @ 0x55b45f308fc0] nal_unit_type: 1(Coded slice of a non-IDR picture), nal_ref_idc: 0
[h264 @ 0x55b45f308fc0] nal_unit_type: 1(Coded slice of a non-IDR picture), nal_ref_idc: 0
[h264 @ 0x55b45f308fc0] ct_type:0 pic_struct:0
[h264 @ 0x55b45f423f40] nal_unit_type: 9(AUD), nal_ref_idc: 0
[h264 @ 0x55b45f423f40] nal_unit_type: 6(SEI), nal_ref_idc: 0
[h264 @ 0x55b45f423f40] nal_unit_type: 1(Coded slice of a non-IDR picture), nal_ref_idc: 1
[h264 @ 0x55b45f423f40] nal_unit_type: 1(Coded slice of a non-IDR picture), nal_ref_idc: 1
[NULL @ 0x55b45f2de1c0] ct_type:0 pic_struct:0
[h264 @ 0x55b45f423f40] ct_type:0 pic_struct:0
[h264 @ 0x55b45f2febc0] nal_unit_type: 9(AUD), nal_ref_idc: 0
[h264 @ 0x55b45f2febc0] nal_unit_type: 6(SEI), nal_ref_idc: 0
[h264 @ 0x55b45f2febc0] nal_unit_type: 1(Coded slice of a non-IDR picture), nal_ref_idc: 1
[h264 @ 0x55b45f2febc0] nal_unit_type: 1(Coded slice of a non-IDR picture), nal_ref_idc: 1
[h264 @ 0x55b45f2febc0] ct_type:0 pic_struct:0
[NULL @ 0x55b45f2de1c0] ct_type:0 pic_struct:0
[h264 @ 0x55b45f38be80] nal_unit_type: 9(AUD), nal_ref_idc: 0
[h264 @ 0x55b45f38be80] nal_unit_type: 6(SEI), nal_ref_idc: 0
[h264 @ 0x55b45f38be80] nal_unit_type: 1(Coded slice of a non-IDR picture), nal_ref_idc: 0
[h264 @ 0x55b45f38be80] nal_unit_type: 1(Coded slice of a non-IDR picture), nal_ref_idc: 0
[h264 @ 0x55b45f38be80] ct_type:0 pic_struct:0
[h264 @ 0x55b45f394b40] nal_unit_type: 9(AUD), nal_ref_idc: 0
[h264 @ 0x55b45f394b40] nal_unit_type: 6(SEI), nal_ref_idc: 0
[h264 @ 0x55b45f394b40] nal_unit_type: 1(Coded slice of a non-IDR picture), nal_ref_idc: 0
[h264 @ 0x55b45f394b40] nal_unit_type: 1(Coded slice of a non-IDR picture), nal_ref_idc: 0
[h264 @ 0x55b45f394b40] ct_type:0 pic_struct:0
[NULL @ 0x55b45f2de1c0] ct_type:0 pic_struct:0
[NULL @ 0x55b45f2de1c0] ct_type:0 pic_struct:0
[h264 @ 0x55b45f308fc0] nal_unit_type: 9(AUD), nal_ref_idc: 0
[h264 @ 0x55b45f308fc0] nal_unit_type: 6(SEI), nal_ref_idc: 0
[h264 @ 0x55b45f308fc0] nal_unit_type: 1(Coded slice of a non-IDR picture), nal_ref_idc: 1
[h264 @ 0x55b45f308fc0] nal_unit_type: 1(Coded slice of a non-IDR picture), nal_ref_idc: 1
[h264 @ 0x55b45f308fc0] ct_type:0 pic_struct:0
[NULL @ 0x55b45f2de1c0] ct_type:0 pic_struct:0
[h264 @ 0x55b45f423f40] nal_unit_type: 9(AUD), nal_ref_idc: 0
[h264 @ 0x55b45f423f40] nal_unit_type: 6(SEI), nal_ref_idc: 0
[h264 @ 0x55b45f423f40] nal_unit_type: 1(Coded slice of a non-IDR picture), nal_ref_idc: 1
[h264 @ 0x55b45f423f40] nal_unit_type: 1(Coded slice of a non-IDR picture), nal_ref_idc: 1
[h264 @ 0x55b45f423f40] ct_type:0 pic_struct:0
[NULL @ 0x55b45f2de1c0] ct_type:0 pic_struct:0
[h264 @ 0x55b45f2febc0] nal_unit_type: 9(AUD), nal_ref_idc: 0
[h264 @ 0x55b45f2febc0] nal_unit_type: 6(SEI), nal_ref_idc: 0
[h264 @ 0x55b45f2febc0] nal_unit_type: 1(Coded slice of a non-IDR picture), nal_ref_idc: 0
[h264 @ 0x55b45f2febc0] nal_unit_type: 1(Coded slice of a non-IDR picture), nal_ref_idc: 0
[h264 @ 0x55b45f2febc0] ct_type:0 pic_struct:0
[NULL @ 0x55b45f2de1c0] ct_type:0 pic_struct:0
[h264 @ 0x55b45f38be80] nal_unit_type: 9(AUD), nal_ref_idc: 0
[h264 @ 0x55b45f38be80] nal_unit_type: 6(SEI), nal_ref_idc: 0
[h264 @ 0x55b45f38be80] nal_unit_type: 1(Coded slice of a non-IDR picture), nal_ref_idc: 0
[h264 @ 0x55b45f38be80] nal_unit_type: 1(Coded slice of a non-IDR picture), nal_ref_idc: 0
[h264 @ 0x55b45f38be80] ct_type:0 pic_struct:0
[NULL @ 0x55b45f2de1c0] ct_type:0 pic_struct:0
[h264 @ 0x55b45f394b40] nal_unit_type: 9(AUD), nal_ref_idc: 0
[h264 @ 0x55b45f394b40] nal_unit_type: 6(SEI), nal_ref_idc: 0
[h264 @ 0x55b45f394b40] nal_unit_type: 1(Coded slice of a non-IDR picture), nal_ref_idc: 1
[h264 @ 0x55b45f394b40] nal_unit_type: 1(Coded slice of a non-IDR picture), nal_ref_idc: 1
[h264 @ 0x55b45f394b40] ct_type:0 pic_struct:0
[h264 @ 0x55b45f308fc0] nal_unit_type: 9(AUD), nal_ref_idc: 0
[h264 @ 0x55b45f308fc0] nal_unit_type: 6(SEI), nal_ref_idc: 0
[h264 @ 0x55b45f308fc0] nal_unit_type: 1(Coded slice of a non-IDR picture), nal_ref_idc: 1
[h264 @ 0x55b45f308fc0] nal_unit_type: 1(Coded slice of a non-IDR picture), nal_ref_idc: 1
[h264 @ 0x55b45f308fc0] ct_type:0 pic_struct:0
[NULL @ 0x55b45f2de1c0] ct_type:0 pic_struct:0
[NULL @ 0x55b45f2de1c0] ct_type:0 pic_struct:0
[h264 @ 0x55b45f423f40] nal_unit_type: 9(AUD), nal_ref_idc: 0
[h264 @ 0x55b45f423f40] nal_unit_type: 6(SEI), nal_ref_idc: 0
[h264 @ 0x55b45f423f40] nal_unit_type: 1(Coded slice of a non-IDR picture), nal_ref_idc: 0
[h264 @ 0x55b45f423f40] nal_unit_type: 1(Coded slice of a non-IDR picture), nal_ref_idc: 0
[h264 @ 0x55b45f423f40] ct_type:0 pic_struct:0
[NULL @ 0x55b45f2de1c0] ct_type:0 pic_struct:0
[h264 @ 0x55b45f2febc0] nal_unit_type: 9(AUD), nal_ref_idc: 0
[h264 @ 0x55b45f2febc0] nal_unit_type: 6(SEI), nal_ref_idc: 0
[h264 @ 0x55b45f2febc0] nal_unit_type: 1(Coded slice of a non-IDR picture), nal_ref_idc: 0
[h264 @ 0x55b45f2febc0] nal_unit_type: 1(Coded slice of a non-IDR picture), nal_ref_idc: 0
[h264 @ 0x55b45f2febc0] ct_type:0 pic_struct:0
[NULL @ 0x55b45f2de1c0] ct_type:0 pic_struct:0
[h264 @ 0x55b45f38be80] nal_unit_type: 9(AUD), nal_ref_idc: 0
[h264 @ 0x55b45f38be80] nal_unit_type: 6(SEI), nal_ref_idc: 0
[h264 @ 0x55b45f38be80] nal_unit_type: 1(Coded slice of a non-IDR picture), nal_ref_idc: 1
[h264 @ 0x55b45f38be80] nal_unit_type: 1(Coded slice of a non-IDR picture), nal_ref_idc: 1
[h264 @ 0x55b45f38be80] ct_type:0 pic_struct:0
[NULL @ 0x55b45f2de1c0] ct_type:0 pic_struct:0
[h264 @ 0x55b45f394b40] nal_unit_type: 9(AUD), nal_ref_idc: 0
[h264 @ 0x55b45f394b40] nal_unit_type: 6(SEI), nal_ref_idc: 0
[h264 @ 0x55b45f394b40] nal_unit_type: 1(Coded slice of a non-IDR picture), nal_ref_idc: 1
[h264 @ 0x55b45f394b40] nal_unit_type: 1(Coded slice of a non-IDR picture), nal_ref_idc: 1
[NULL @ 0x55b45f2de1c0] ct_type:0 pic_struct:0
[h264 @ 0x55b45f394b40] ct_type:0 pic_struct:0
[h264 @ 0x55b45f308fc0] nal_unit_type: 9(AUD), nal_ref_idc: 0
[h264 @ 0x55b45f308fc0] nal_unit_type: 6(SEI), nal_ref_idc: 0
[h264 @ 0x55b45f308fc0] nal_unit_type: 1(Coded slice of a non-IDR picture), nal_ref_idc: 0
[h264 @ 0x55b45f308fc0] nal_unit_type: 1(Coded slice of a non-IDR picture), nal_ref_idc: 0
[NULL @ 0x55b45f2de1c0] ct_type:0 pic_struct:0
[h264 @ 0x55b45f308fc0] ct_type:0 pic_struct:0
[NULL @ 0x55b45f2de1c0] ct_type:0 pic_struct:0
[h264 @ 0x55b45f423f40] nal_unit_type: 9(AUD), nal_ref_idc: 0
[h264 @ 0x55b45f423f40] nal_unit_type: 6(SEI), nal_ref_idc: 0
[h264 @ 0x55b45f423f40] nal_unit_type: 1(Coded slice of a non-IDR picture), nal_ref_idc: 0
[h264 @ 0x55b45f423f40] nal_unit_type: 1(Coded slice of a non-IDR picture), nal_ref_idc: 0
[h264 @ 0x55b45f423f40] ct_type:0 pic_struct:0
[h264 @ 0x55b45f2febc0] nal_unit_type: 9(AUD), nal_ref_idc: 0
[h264 @ 0x55b45f2febc0] nal_unit_type: 6(SEI), nal_ref_idc: 0
[h264 @ 0x55b45f2febc0] nal_unit_type: 1(Coded slice of a non-IDR picture), nal_ref_idc: 1
[h264 @ 0x55b45f2febc0] nal_unit_type: 1(Coded slice of a non-IDR picture), nal_ref_idc: 1
[NULL @ 0x55b45f2de1c0] ct_type:0 pic_struct:0
[h264 @ 0x55b45f2febc0] ct_type:0 pic_struct:0
[h264 @ 0x55b45f38be80] nal_unit_type: 9(AUD), nal_ref_idc: 0
[h264 @ 0x55b45f38be80] nal_unit_type: 6(SEI), nal_ref_idc: 0
[h264 @ 0x55b45f38be80] nal_unit_type: 1(Coded slice of a non-IDR picture), nal_ref_idc: 1
[h264 @ 0x55b45f38be80] nal_unit_type: 1(Coded slice of a non-IDR picture), nal_ref_idc: 1
[h264 @ 0x55b45f38be80] ct_type:0 pic_struct:0
[NULL @ 0x55b45f2de1c0] ct_type:0 pic_struct:0
[h264 @ 0x55b45f394b40] nal_unit_type: 9(AUD), nal_ref_idc: 0
[h264 @ 0x55b45f394b40] nal_unit_type: 6(SEI), nal_ref_idc: 0
[h264 @ 0x55b45f394b40] nal_unit_type: 1(Coded slice of a non-IDR picture), nal_ref_idc: 0
[h264 @ 0x55b45f394b40] nal_unit_type: 1(Coded slice of a non-IDR picture), nal_ref_idc: 0
[NULL @ 0x55b45f2de1c0] ct_type:0 pic_struct:0
[h264 @ 0x55b45f394b40] ct_type:0 pic_struct:0
[h264 @ 0x55b45f308fc0] nal_unit_type: 9(AUD), nal_ref_idc: 0
[h264 @ 0x55b45f308fc0] nal_unit_type: 6(SEI), nal_ref_idc: 0
[h264 @ 0x55b45f308fc0] nal_unit_type: 1(Coded slice of a non-IDR picture), nal_ref_idc: 0
[h264 @ 0x55b45f308fc0] nal_unit_type: 1(Coded slice of a non-IDR picture), nal_ref_idc: 0
[h264 @ 0x55b45f308fc0] ct_type:0 pic_struct:0
[NULL @ 0x55b45f2de1c0] ct_type:0 pic_struct:0
[NULL @ 0x55b45f2de1c0] ct_type:0 pic_struct:0
[h264 @ 0x55b45f423f40] nal_unit_type: 9(AUD), nal_ref_idc: 0
[h264 @ 0x55b45f423f40] nal_unit_type: 6(SEI), nal_ref_idc: 0
[h264 @ 0x55b45f423f40] nal_unit_type: 1(Coded slice of a non-IDR picture), nal_ref_idc: 1
[h264 @ 0x55b45f423f40] nal_unit_type: 1(Coded slice of a non-IDR picture), nal_ref_idc: 1
[h264 @ 0x55b45f423f40] ct_type:0 pic_struct:0
[h264 @ 0x55b45f2febc0] nal_unit_type: 9(AUD), nal_ref_idc: 0
[h264 @ 0x55b45f2febc0] nal_unit_type: 6(SEI), nal_ref_idc: 0
[h264 @ 0x55b45f2febc0] nal_unit_type: 1(Coded slice of a non-IDR picture), nal_ref_idc: 1
[h264 @ 0x55b45f2febc0] nal_unit_type: 1(Coded slice of a non-IDR picture), nal_ref_idc: 1
[h264 @ 0x55b45f2febc0] ct_type:0 pic_struct:0
[NULL @ 0x55b45f2de1c0] ct_type:0 pic_struct:0
[h264 @ 0x55b45f38be80] nal_unit_type: 9(AUD), nal_ref_idc: 0
[h264 @ 0x55b45f38be80] nal_unit_type: 6(SEI), nal_ref_idc: 0
[h264 @ 0x55b45f38be80] nal_unit_type: 1(Coded slice of a non-IDR picture), nal_ref_idc: 0
[h264 @ 0x55b45f38be80] nal_unit_type: 1(Coded slice of a non-IDR picture), nal_ref_idc: 0
[h264 @ 0x55b45f38be80] ct_type:0 pic_struct:0
[NULL @ 0x55b45f2de1c0] ct_type:0 pic_struct:0
[NULL @ 0x55b45f2de1c0] ct_type:0 pic_struct:0
[h264 @ 0x55b45f394b40] nal_unit_type: 9(AUD), nal_ref_idc: 0
[h264 @ 0x55b45f394b40] nal_unit_type: 6(SEI), nal_ref_idc: 0
[h264 @ 0x55b45f394b40] nal_unit_type: 1(Coded slice of a non-IDR picture), nal_ref_idc: 0
[h264 @ 0x55b45f394b40] nal_unit_type: 1(Coded slice of a non-IDR picture), nal_ref_idc: 0
[h264 @ 0x55b45f394b40] ct_type:0 pic_struct:0
[NULL @ 0x55b45f2de1c0] ct_type:0 pic_struct:0
[h264 @ 0x55b45f308fc0] nal_unit_type: 9(AUD), nal_ref_idc: 0
[h264 @ 0x55b45f308fc0] nal_unit_type: 6(SEI), nal_ref_idc: 0
[h264 @ 0x55b45f308fc0] nal_unit_type: 1(Coded slice of a non-IDR picture), nal_ref_idc: 1
[h264 @ 0x55b45f308fc0] nal_unit_type: 1(Coded slice of a non-IDR picture), nal_ref_idc: 1
[h264 @ 0x55b45f308fc0] ct_type:0 pic_struct:0
[h264 @ 0x55b45f423f40] nal_unit_type: 9(AUD), nal_ref_idc: 0
[h264 @ 0x55b45f423f40] nal_unit_type: 6(SEI), nal_ref_idc: 0
[h264 @ 0x55b45f423f40] nal_unit_type: 1(Coded slice of a non-IDR picture), nal_ref_idc: 1
[h264 @ 0x55b45f423f40] nal_unit_type: 1(Coded slice of a non-IDR picture), nal_ref_idc: 1
[h264 @ 0x55b45f423f40] ct_type:0 pic_struct:0
[h264 @ 0x55b45f2febc0] nal_unit_type: 9(AUD), nal_ref_idc: 0
[h264 @ 0x55b45f2febc0] nal_unit_type: 6(SEI), nal_ref_idc: 0
[h264 @ 0x55b45f2febc0] nal_unit_type: 1(Coded slice of a non-IDR picture), nal_ref_idc: 0
[h264 @ 0x55b45f2febc0] nal_unit_type: 1(Coded slice of a non-IDR picture), nal_ref_idc: 0
[h264 @ 0x55b45f2febc0] ct_type:0 pic_struct:0
[NULL @ 0x55b45f2de1c0] ct_type:0 pic_struct:0
[NULL @ 0x55b45f2de1c0] ct_type:0 pic_struct:0
[NULL @ 0x55b45f2de1c0] ct_type:0 pic_struct:0
[h264 @ 0x55b45f38be80] nal_unit_type: 9(AUD), nal_ref_idc: 0
[h264 @ 0x55b45f38be80] nal_unit_type: 6(SEI), nal_ref_idc: 0
[h264 @ 0x55b45f38be80] nal_unit_type: 1(Coded slice of a non-IDR picture), nal_ref_idc: 0
[h264 @ 0x55b45f38be80] nal_unit_type: 1(Coded slice of a non-IDR picture), nal_ref_idc: 0
[h264 @ 0x55b45f38be80] ct_type:0 pic_struct:0
[h264 @ 0x55b45f394b40] nal_unit_type: 9(AUD), nal_ref_idc: 0
[h264 @ 0x55b45f394b40] nal_unit_type: 6(SEI), nal_ref_idc: 0
[h264 @ 0x55b45f394b40] nal_unit_type: 1(Coded slice of a non-IDR picture), nal_ref_idc: 1
[h264 @ 0x55b45f394b40] nal_unit_type: 1(Coded slice of a non-IDR picture), nal_ref_idc: 1
[h264 @ 0x55b45f394b40] ct_type:0 pic_struct:0
[NULL @ 0x55b45f2de1c0] ct_type:0 pic_struct:0
[h264 @ 0x55b45f308fc0] nal_unit_type: 9(AUD), nal_ref_idc: 0
[h264 @ 0x55b45f308fc0] nal_unit_type: 6(SEI), nal_ref_idc: 0
[h264 @ 0x55b45f308fc0] nal_unit_type: 1(Coded slice of a non-IDR picture), nal_ref_idc: 1
[h264 @ 0x55b45f308fc0] nal_unit_type: 1(Coded slice of a non-IDR picture), nal_ref_idc: 1
[h264 @ 0x55b45f308fc0] ct_type:0 pic_struct:0
[NULL @ 0x55b45f2de1c0] ct_type:0 pic_struct:0
[h264 @ 0x55b45f423f40] nal_unit_type: 9(AUD), nal_ref_idc: 0
[h264 @ 0x55b45f423f40] nal_unit_type: 6(SEI), nal_ref_idc: 0
[h264 @ 0x55b45f423f40] nal_unit_type: 1(Coded slice of a non-IDR picture), nal_ref_idc: 0
[h264 @ 0x55b45f423f40] nal_unit_type: 1(Coded slice of a non-IDR picture), nal_ref_idc: 0
[h264 @ 0x55b45f423f40] ct_type:0 pic_struct:0
[NULL @ 0x55b45f2de1c0] ct_type:0 pic_struct:0
[h264 @ 0x55b45f2febc0] nal_unit_type: 9(AUD), nal_ref_idc: 0
[h264 @ 0x55b45f2febc0] nal_unit_type: 6(SEI), nal_ref_idc: 0
[h264 @ 0x55b45f2febc0] nal_unit_type: 1(Coded slice of a non-IDR picture), nal_ref_idc: 0
[h264 @ 0x55b45f2febc0] nal_unit_type: 1(Coded slice of a non-IDR picture), nal_ref_idc: 0
[h264 @ 0x55b45f2febc0] ct_type:0 pic_struct:0
[h264 @ 0x55b45f38be80] nal_unit_type: 9(AUD), nal_ref_idc: 0
[h264 @ 0x55b45f38be80] nal_unit_type: 6(SEI), nal_ref_idc: 0
[h264 @ 0x55b45f38be80] nal_unit_type: 1(Coded slice of a non-IDR picture), nal_ref_idc: 1
[h264 @ 0x55b45f38be80] nal_unit_type: 1(Coded slice of a non-IDR picture), nal_ref_idc: 1
[h264 @ 0x55b45f38be80] ct_type:0 pic_struct:0
[NULL @ 0x55b45f2de1c0] ct_type:0 pic_struct:0
[NULL @ 0x55b45f2de1c0] ct_type:0 pic_struct:0
[NULL @ 0x55b45f2de1c0] ct_type:0 pic_struct:0
[h264 @ 0x55b45f394b40] nal_unit_type: 9(AUD), nal_ref_idc: 0
[h264 @ 0x55b45f394b40] nal_unit_type: 6(SEI), nal_ref_idc: 0
[h264 @ 0x55b45f394b40] nal_unit_type: 1(Coded slice of a non-IDR picture), nal_ref_idc: 1
[h264 @ 0x55b45f394b40] nal_unit_type: 1(Coded slice of a non-IDR picture), nal_ref_idc: 1
[h264 @ 0x55b45f394b40] ct_type:0 pic_struct:0
[h264 @ 0x55b45f308fc0] nal_unit_type: 9(AUD), nal_ref_idc: 0
[h264 @ 0x55b45f308fc0] nal_unit_type: 6(SEI), nal_ref_idc: 0
[h264 @ 0x55b45f308fc0] nal_unit_type: 1(Coded slice of a non-IDR picture), nal_ref_idc: 0
[h264 @ 0x55b45f308fc0] nal_unit_type: 1(Coded slice of a non-IDR picture), nal_ref_idc: 0
[h264 @ 0x55b45f308fc0] ct_type:0 pic_struct:0
[NULL @ 0x55b45f2de1c0] ct_type:0 pic_struct:0
[h264 @ 0x55b45f423f40] nal_unit_type: 9(AUD), nal_ref_idc: 0
[h264 @ 0x55b45f423f40] nal_unit_type: 6(SEI), nal_ref_idc: 0
[h264 @ 0x55b45f423f40] nal_unit_type: 1(Coded slice of a non-IDR picture), nal_ref_idc: 0
[h264 @ 0x55b45f423f40] nal_unit_type: 1(Coded slice of a non-IDR picture), nal_ref_idc: 0
[h264 @ 0x55b45f423f40] ct_type:0 pic_struct:0
[NULL @ 0x55b45f2de1c0] ct_type:0 pic_struct:0
[NULL @ 0x55b45f2de1c0] ct_type:0 pic_struct:0
[h264 @ 0x55b45f2febc0] nal_unit_type: 9(AUD), nal_ref_idc: 0
[h264 @ 0x55b45f2febc0] nal_unit_type: 6(SEI), nal_ref_idc: 0
[h264 @ 0x55b45f2febc0] nal_unit_type: 1(Coded slice of a non-IDR picture), nal_ref_idc: 1
[h264 @ 0x55b45f2febc0] nal_unit_type: 1(Coded slice of a non-IDR picture), nal_ref_idc: 1
[h264 @ 0x55b45f2febc0] ct_type:0 pic_struct:0
[h264 @ 0x55b45f38be80] nal_unit_type: 9(AUD), nal_ref_idc: 0
[h264 @ 0x55b45f38be80] nal_unit_type: 6(SEI), nal_ref_idc: 0
[h264 @ 0x55b45f38be80] nal_unit_type: 1(Coded slice of a non-IDR picture), nal_ref_idc: 1
[h264 @ 0x55b45f38be80] nal_unit_type: 1(Coded slice of a non-IDR picture), nal_ref_idc: 1
[h264 @ 0x55b45f38be80] ct_type:0 pic_struct:0
[NULL @ 0x55b45f2de1c0] ct_type:0 pic_struct:0
[NULL @ 0x55b45f2de1c0] ct_type:0 pic_struct:0
[h264 @ 0x55b45f394b40] nal_unit_type: 9(AUD), nal_ref_idc: 0
[h264 @ 0x55b45f394b40] nal_unit_type: 6(SEI), nal_ref_idc: 0
[h264 @ 0x55b45f394b40] nal_unit_type: 1(Coded slice of a non-IDR picture), nal_ref_idc: 0
[h264 @ 0x55b45f394b40] nal_unit_type: 1(Coded slice of a non-IDR picture), nal_ref_idc: 0
[h264 @ 0x55b45f394b40] ct_type:0 pic_struct:0
[h264 @ 0x55b45f308fc0] nal_unit_type: 9(AUD), nal_ref_idc: 0
[h264 @ 0x55b45f308fc0] nal_unit_type: 6(SEI), nal_ref_idc: 0
[h264 @ 0x55b45f308fc0] nal_unit_type: 1(Coded slice of a non-IDR picture), nal_ref_idc: 0
[h264 @ 0x55b45f308fc0] nal_unit_type: 1(Coded slice of a non-IDR picture), nal_ref_idc: 0
[h264 @ 0x55b45f308fc0] ct_type:0 pic_struct:0
[NULL @ 0x55b45f2de1c0] ct_type:0 pic_struct:0
[h264 @ 0x55b45f423f40] nal_unit_type: 9(AUD), nal_ref_idc: 0
[h264 @ 0x55b45f423f40] nal_unit_type: 6(SEI), nal_ref_idc: 0
[h264 @ 0x55b45f423f40] nal_unit_type: 1(Coded slice of a non-IDR picture), nal_ref_idc: 1
[h264 @ 0x55b45f423f40] nal_unit_type: 1(Coded slice of a non-IDR picture), nal_ref_idc: 1
[h264 @ 0x55b45f423f40] ct_type:0 pic_struct:0
[h264 @ 0x55b45f2febc0] nal_unit_type: 9(AUD), nal_ref_idc: 0
[h264 @ 0x55b45f2febc0] nal_unit_type: 6(SEI), nal_ref_idc: 0
[h264 @ 0x55b45f2febc0] nal_unit_type: 1(Coded slice of a non-IDR picture), nal_ref_idc: 1
[h264 @ 0x55b45f2febc0] nal_unit_type: 1(Coded slice of a non-IDR picture), nal_ref_idc: 1
[h264 @ 0x55b45f2febc0] ct_type:0 pic_struct:0
[NULL @ 0x55b45f2de1c0] ct_type:0 pic_struct:0
[NULL @ 0x55b45f2de1c0] ct_type:0 pic_struct:0
[h264 @ 0x55b45f38be80] nal_unit_type: 9(AUD), nal_ref_idc: 0
[h264 @ 0x55b45f38be80] nal_unit_type: 6(SEI), nal_ref_idc: 0
[h264 @ 0x55b45f38be80] nal_unit_type: 1(Coded slice of a non-IDR picture), nal_ref_idc: 0
[h264 @ 0x55b45f38be80] nal_unit_type: 1(Coded slice of a non-IDR picture), nal_ref_idc: 0
[h264 @ 0x55b45f38be80] ct_type:0 pic_struct:0
[NULL @ 0x55b45f2de1c0] ct_type:0 pic_struct:0
[NULL @ 0x55b45f2de1c0] ct_type:0 pic_struct:0
[NULL @ 0x55b45f2de1c0] ct_type:0 pic_struct:0
[h264 @ 0x55b45f394b40] nal_unit_type: 9(AUD), nal_ref_idc: 0
[h264 @ 0x55b45f394b40] nal_unit_type: 6(SEI), nal_ref_idc: 0
[h264 @ 0x55b45f394b40] nal_unit_type: 1(Coded slice of a non-IDR picture), nal_ref_idc: 0
[h264 @ 0x55b45f394b40] nal_unit_type: 1(Coded slice of a non-IDR picture), nal_ref_idc: 0
[h264 @ 0x55b45f394b40] ct_type:0 pic_struct:0
[h264 @ 0x55b45f308fc0] nal_unit_type: 9(AUD), nal_ref_idc: 0
[h264 @ 0x55b45f308fc0] nal_unit_type: 6(SEI), nal_ref_idc: 0
[h264 @ 0x55b45f308fc0] nal_unit_type: 1(Coded slice of a non-IDR picture), nal_ref_idc: 1
[h264 @ 0x55b45f308fc0] nal_unit_type: 1(Coded slice of a non-IDR picture), nal_ref_idc: 1
[h264 @ 0x55b45f308fc0] ct_type:0 pic_struct:0
[h264 @ 0x55b45f423f40] nal_unit_type: 9(AUD), nal_ref_idc: 0
[h264 @ 0x55b45f423f40] nal_unit_type: 6(SEI), nal_ref_idc: 0
[h264 @ 0x55b45f423f40] nal_unit_type: 1(Coded slice of a non-IDR picture), nal_ref_idc: 1
[h264 @ 0x55b45f423f40] nal_unit_type: 1(Coded slice of a non-IDR picture), nal_ref_idc: 1
[h264 @ 0x55b45f423f40] ct_type:0 pic_struct:0
[NULL @ 0x55b45f2de1c0] ct_type:0 pic_struct:0
[h264 @ 0x55b45f2febc0] nal_unit_type: 9(AUD), nal_ref_idc: 0
[h264 @ 0x55b45f2febc0] nal_unit_type: 6(SEI), nal_ref_idc: 0
[h264 @ 0x55b45f2febc0] nal_unit_type: 1(Coded slice of a non-IDR picture), nal_ref_idc: 0
[h264 @ 0x55b45f2febc0] nal_unit_type: 1(Coded slice of a non-IDR picture), nal_ref_idc: 0
[NULL @ 0x55b45f2de1c0] ct_type:0 pic_struct:0
[h264 @ 0x55b45f2febc0] ct_type:0 pic_struct:0
[NULL @ 0x55b45f2de1c0] ct_type:0 pic_struct:0
[h264 @ 0x55b45f38be80] nal_unit_type: 9(AUD), nal_ref_idc: 0
[h264 @ 0x55b45f38be80] nal_unit_type: 6(SEI), nal_ref_idc: 0
[h264 @ 0x55b45f38be80] nal_unit_type: 1(Coded slice of a non-IDR picture), nal_ref_idc: 0
[h264 @ 0x55b45f38be80] nal_unit_type: 1(Coded slice of a non-IDR picture), nal_ref_idc: 0
[h264 @ 0x55b45f38be80] ct_type:0 pic_struct:0
[h264 @ 0x55b45f394b40] nal_unit_type: 9(AUD), nal_ref_idc: 0
[h264 @ 0x55b45f394b40] nal_unit_type: 6(SEI), nal_ref_idc: 0
[h264 @ 0x55b45f394b40] nal_unit_type: 1(Coded slice of a non-IDR picture), nal_ref_idc: 1
[h264 @ 0x55b45f394b40] nal_unit_type: 1(Coded slice of a non-IDR picture), nal_ref_idc: 1
[h264 @ 0x55b45f394b40] ct_type:0 pic_struct:0
[NULL @ 0x55b45f2de1c0] ct_type:0 pic_struct:0
[h264 @ 0x55b45f308fc0] nal_unit_type: 9(AUD), nal_ref_idc: 0
[h264 @ 0x55b45f308fc0] nal_unit_type: 6(SEI), nal_ref_idc: 0
[h264 @ 0x55b45f308fc0] nal_unit_type: 1(Coded slice of a non-IDR picture), nal_ref_idc: 1
[h264 @ 0x55b45f308fc0] nal_unit_type: 1(Coded slice of a non-IDR picture), nal_ref_idc: 1
[h264 @ 0x55b45f308fc0] ct_type:0 pic_struct:0
[h264 @ 0x55b45f423f40] nal_unit_type: 9(AUD), nal_ref_idc: 0
[h264 @ 0x55b45f423f40] nal_unit_type: 6(SEI), nal_ref_idc: 0
[h264 @ 0x55b45f423f40] nal_unit_type: 1(Coded slice of a non-IDR picture), nal_ref_idc: 0
[h264 @ 0x55b45f423f40] nal_unit_type: 1(Coded slice of a non-IDR picture), nal_ref_idc: 0
[h264 @ 0x55b45f423f40] ct_type:0 pic_struct:0
[NULL @ 0x55b45f2de1c0] ct_type:0 pic_struct:0
[NULL @ 0x55b45f2de1c0] ct_type:0 pic_struct:0
[h264 @ 0x55b45f2febc0] nal_unit_type: 9(AUD), nal_ref_idc: 0
[h264 @ 0x55b45f2febc0] nal_unit_type: 6(SEI), nal_ref_idc: 0
[h264 @ 0x55b45f2febc0] nal_unit_type: 1(Coded slice of a non-IDR picture), nal_ref_idc: 0
[h264 @ 0x55b45f2febc0] nal_unit_type: 1(Coded slice of a non-IDR picture), nal_ref_idc: 0
[h264 @ 0x55b45f2febc0] ct_type:0 pic_struct:0
[h264 @ 0x55b45f38be80] nal_unit_type: 9(AUD), nal_ref_idc: 0
[h264 @ 0x55b45f38be80] nal_unit_type: 6(SEI), nal_ref_idc: 0
[h264 @ 0x55b45f38be80] nal_unit_type: 1(Coded slice of a non-IDR picture), nal_ref_idc: 1
[h264 @ 0x55b45f38be80] nal_unit_type: 1(Coded slice of a non-IDR picture), nal_ref_idc: 1
[h264 @ 0x55b45f38be80] ct_type:0 pic_struct:0
[NULL @ 0x55b45f2de1c0] ct_type:0 pic_struct:0
[NULL @ 0x55b45f2de1c0] ct_type:0 pic_struct:0
[h264 @ 0x55b45f394b40] nal_unit_type: 9(AUD), nal_ref_idc: 0
[h264 @ 0x55b45f394b40] nal_unit_type: 6(SEI), nal_ref_idc: 0
[h264 @ 0x55b45f394b40] nal_unit_type: 1(Coded slice of a non-IDR picture), nal_ref_idc: 1
[h264 @ 0x55b45f394b40] nal_unit_type: 1(Coded slice of a non-IDR picture), nal_ref_idc: 1
[h264 @ 0x55b45f394b40] ct_type:0 pic_struct:0
[NULL @ 0x55b45f2de1c0] ct_type:0 pic_struct:0
[h264 @ 0x55b45f308fc0] nal_unit_type: 9(AUD), nal_ref_idc: 0
[h264 @ 0x55b45f308fc0] nal_unit_type: 6(SEI), nal_ref_idc: 0
[h264 @ 0x55b45f308fc0] nal_unit_type: 1(Coded slice of a non-IDR picture), nal_ref_idc: 0
[h264 @ 0x55b45f308fc0] nal_unit_type: 1(Coded slice of a non-IDR picture), nal_ref_idc: 0
[h264 @ 0x55b45f308fc0] ct_type:0 pic_struct:0
[NULL @ 0x55b45f2de1c0] ct_type:0 pic_struct:0
[h264 @ 0x55b45f423f40] nal_unit_type: 9(AUD), nal_ref_idc: 0
[h264 @ 0x55b45f423f40] nal_unit_type: 6(SEI), nal_ref_idc: 0
[h264 @ 0x55b45f423f40] nal_unit_type: 1(Coded slice of a non-IDR picture), nal_ref_idc: 0
[h264 @ 0x55b45f423f40] nal_unit_type: 1(Coded slice of a non-IDR picture), nal_ref_idc: 0
[h264 @ 0x55b45f423f40] ct_type:0 pic_struct:0
[NULL @ 0x55b45f2de1c0] ct_type:0 pic_struct:0
[h264 @ 0x55b45f2febc0] nal_unit_type: 9(AUD), nal_ref_idc: 0
[h264 @ 0x55b45f2febc0] nal_unit_type: 6(SEI), nal_ref_idc: 0
[h264 @ 0x55b45f2febc0] nal_unit_type: 1(Coded slice of a non-IDR picture), nal_ref_idc: 1
[h264 @ 0x55b45f2febc0] nal_unit_type: 1(Coded slice of a non-IDR picture), nal_ref_idc: 1
[h264 @ 0x55b45f2febc0] ct_type:0 pic_struct:0
[h264 @ 0x55b45f38be80] nal_unit_type: 9(AUD), nal_ref_idc: 0
[h264 @ 0x55b45f38be80] nal_unit_type: 6(SEI), nal_ref_idc: 0
[h264 @ 0x55b45f38be80] nal_unit_type: 1(Coded slice of a non-IDR picture), nal_ref_idc: 1
[h264 @ 0x55b45f38be80] nal_unit_type: 1(Coded slice of a non-IDR picture), nal_ref_idc: 1
[h264 @ 0x55b45f38be80] ct_type:0 pic_struct:0
[NULL @ 0x55b45f2de1c0] ct_type:0 pic_struct:0
[NULL @ 0x55b45f2de1c0] Decoding VUI
[h264 @ 0x55b45f394b40] nal_unit_type: 9(AUD), nal_ref_idc: 0
[h264 @ 0x55b45f394b40] nal_unit_type: 6(SEI), nal_ref_idc: 0
[h264 @ 0x55b45f394b40] nal_unit_type: 1(Coded slice of a non-IDR picture), nal_ref_idc: 0
[h264 @ 0x55b45f394b40] nal_unit_type: 1(Coded slice of a non-IDR picture), nal_ref_idc: 0
[h264 @ 0x55b45f394b40] ct_type:0 pic_struct:0
[NULL @ 0x55b45f2de1c0] ct_type:0 pic_struct:0
[NULL @ 0x55b45f2de1c0] ct_type:0 pic_struct:0
[NULL @ 0x55b45f2de1c0] ct_type:0 pic_struct:0
[h264 @ 0x55b45f308fc0] nal_unit_type: 9(AUD), nal_ref_idc: 0
[h264 @ 0x55b45f308fc0] nal_unit_type: 7(SPS), nal_ref_idc: 3
[h264 @ 0x55b45f308fc0] nal_unit_type: 8(PPS), nal_ref_idc: 3
[h264 @ 0x55b45f308fc0] nal_unit_type: 6(SEI), nal_ref_idc: 0
[h264 @ 0x55b45f308fc0] nal_unit_type: 6(SEI), nal_ref_idc: 0
[h264 @ 0x55b45f308fc0] nal_unit_type: 5(IDR), nal_ref_idc: 1
[h264 @ 0x55b45f308fc0] nal_unit_type: 5(IDR), nal_ref_idc: 1
[h264 @ 0x55b45f308fc0] Decoding VUI
[h264 @ 0x55b45f308fc0] ct_type:0 pic_struct:0
[h264 @ 0x55b45f423f40] nal_unit_type: 9(AUD), nal_ref_idc: 0
[h264 @ 0x55b45f423f40] nal_unit_type: 6(SEI), nal_ref_idc: 0
[h264 @ 0x55b45f423f40] nal_unit_type: 1(Coded slice of a non-IDR picture), nal_ref_idc: 1
[h264 @ 0x55b45f423f40] nal_unit_type: 1(Coded slice of a non-IDR picture), nal_ref_idc: 1
[NULL @ 0x55b45f2de1c0] ct_type:0 pic_struct:0
[h264 @ 0x55b45f423f40] ct_type:0 pic_struct:0
[h264 @ 0x55b45f2febc0] nal_unit_type: 9(AUD), nal_ref_idc: 0
[h264 @ 0x55b45f2febc0] nal_unit_type: 6(SEI), nal_ref_idc: 0
[h264 @ 0x55b45f2febc0] nal_unit_type: 1(Coded slice of a non-IDR picture), nal_ref_idc: 1
[h264 @ 0x55b45f2febc0] nal_unit_type: 1(Coded slice of a non-IDR picture), nal_ref_idc: 1
[h264 @ 0x55b45f2febc0] ct_type:0 pic_struct:0
[h264 @ 0x55b45f38be80] nal_unit_type: 9(AUD), nal_ref_idc: 0
[h264 @ 0x55b45f38be80] nal_unit_type: 6(SEI), nal_ref_idc: 0
[h264 @ 0x55b45f38be80] nal_unit_type: 1(Coded slice of a non-IDR picture), nal_ref_idc: 0
[h264 @ 0x55b45f38be80] nal_unit_type: 1(Coded slice of a non-IDR picture), nal_ref_idc: 0
[h264 @ 0x55b45f38be80] ct_type:0 pic_struct:0
[NULL @ 0x55b45f2de1c0] ct_type:0 pic_struct:0
[NULL @ 0x55b45f2de1c0] ct_type:0 pic_struct:0
[h264 @ 0x55b45f394b40] nal_unit_type: 9(AUD), nal_ref_idc: 0
[h264 @ 0x55b45f394b40] nal_unit_type: 6(SEI), nal_ref_idc: 0
[h264 @ 0x55b45f394b40] nal_unit_type: 1(Coded slice of a non-IDR picture), nal_ref_idc: 0
[h264 @ 0x55b45f394b40] nal_unit_type: 1(Coded slice of a non-IDR picture), nal_ref_idc: 0
[h264 @ 0x55b45f394b40] ct_type:0 pic_struct:0
[NULL @ 0x55b45f2de1c0] ct_type:0 pic_struct:0
[h264 @ 0x55b45f308fc0] nal_unit_type: 9(AUD), nal_ref_idc: 0
[h264 @ 0x55b45f308fc0] nal_unit_type: 6(SEI), nal_ref_idc: 0
[h264 @ 0x55b45f308fc0] nal_unit_type: 1(Coded slice of a non-IDR picture), nal_ref_idc: 1
[h264 @ 0x55b45f308fc0] nal_unit_type: 1(Coded slice of a non-IDR picture), nal_ref_idc: 1
[h264 @ 0x55b45f308fc0] ct_type:0 pic_struct:0
[NULL @ 0x55b45f2de1c0] ct_type:0 pic_struct:0
[h264 @ 0x55b45f423f40] nal_unit_type: 9(AUD), nal_ref_idc: 0
[h264 @ 0x55b45f423f40] nal_unit_type: 6(SEI), nal_ref_idc: 0
[h264 @ 0x55b45f423f40] nal_unit_type: 1(Coded slice of a non-IDR picture), nal_ref_idc: 1
[h264 @ 0x55b45f423f40] nal_unit_type: 1(Coded slice of a non-IDR picture), nal_ref_idc: 1
[h264 @ 0x55b45f423f40] ct_type:0 pic_struct:0
[NULL @ 0x55b45f2de1c0] ct_type:0 pic_struct:0
[h264 @ 0x55b45f2febc0] nal_unit_type: 9(AUD), nal_ref_idc: 0
[h264 @ 0x55b45f2febc0] nal_unit_type: 6(SEI), nal_ref_idc: 0
[h264 @ 0x55b45f2febc0] nal_unit_type: 1(Coded slice of a non-IDR picture), nal_ref_idc: 0
[h264 @ 0x55b45f2febc0] nal_unit_type: 1(Coded slice of a non-IDR picture), nal_ref_idc: 0
[NULL @ 0x55b45f2de1c0] ct_type:0 pic_struct:0
[h264 @ 0x55b45f2febc0] ct_type:0 pic_struct:0
[h264 @ 0x55b45f38be80] nal_unit_type: 9(AUD), nal_ref_idc: 0
[h264 @ 0x55b45f38be80] nal_unit_type: 6(SEI), nal_ref_idc: 0
[h264 @ 0x55b45f38be80] nal_unit_type: 1(Coded slice of a non-IDR picture), nal_ref_idc: 0
[h264 @ 0x55b45f38be80] nal_unit_type: 1(Coded slice of a non-IDR picture), nal_ref_idc: 0
[h264 @ 0x55b45f38be80] ct_type:0 pic_struct:0
[NULL @ 0x55b45f2de1c0] ct_type:0 pic_struct:0
[h264 @ 0x55b45f394b40] nal_unit_type: 9(AUD), nal_ref_idc: 0
[h264 @ 0x55b45f394b40] nal_unit_type: 6(SEI), nal_ref_idc: 0
[h264 @ 0x55b45f394b40] nal_unit_type: 1(Coded slice of a non-IDR picture), nal_ref_idc: 1
[h264 @ 0x55b45f394b40] nal_unit_type: 1(Coded slice of a non-IDR picture), nal_ref_idc: 1
[h264 @ 0x55b45f394b40] ct_type:0 pic_struct:0
[NULL @ 0x55b45f2de1c0] ct_type:0 pic_struct:0
[h264 @ 0x55b45f308fc0] nal_unit_type: 9(AUD), nal_ref_idc: 0
[h264 @ 0x55b45f308fc0] nal_unit_type: 6(SEI), nal_ref_idc: 0
[h264 @ 0x55b45f308fc0] nal_unit_type: 1(Coded slice of a non-IDR picture), nal_ref_idc: 1
[h264 @ 0x55b45f308fc0] nal_unit_type: 1(Coded slice of a non-IDR picture), nal_ref_idc: 1
[h264 @ 0x55b45f308fc0] ct_type:0 pic_struct:0
[NULL @ 0x55b45f2de1c0] ct_type:0 pic_struct:0
[h264 @ 0x55b45f423f40] nal_unit_type: 9(AUD), nal_ref_idc: 0
[h264 @ 0x55b45f423f40] nal_unit_type: 6(SEI), nal_ref_idc: 0
[h264 @ 0x55b45f423f40] nal_unit_type: 1(Coded slice of a non-IDR picture), nal_ref_idc: 0
[h264 @ 0x55b45f423f40] nal_unit_type: 1(Coded slice of a non-IDR picture), nal_ref_idc: 0
[h264 @ 0x55b45f423f40] ct_type:0 pic_struct:0
[NULL @ 0x55b45f2de1c0] ct_type:0 pic_struct:0
[NULL @ 0x55b45f2de1c0] ct_type:0 pic_struct:0
[h264 @ 0x55b45f2febc0] nal_unit_type: 9(AUD), nal_ref_idc: 0
[h264 @ 0x55b45f2febc0] nal_unit_type: 6(SEI), nal_ref_idc: 0
[h264 @ 0x55b45f2febc0] nal_unit_type: 1(Coded slice of a non-IDR picture), nal_ref_idc: 0
[h264 @ 0x55b45f2febc0] nal_unit_type: 1(Coded slice of a non-IDR picture), nal_ref_idc: 0
[h264 @ 0x55b45f2febc0] ct_type:0 pic_struct:0
[h264 @ 0x55b45f38be80] nal_unit_type: 9(AUD), nal_ref_idc: 0
[h264 @ 0x55b45f38be80] nal_unit_type: 6(SEI), nal_ref_idc: 0
[h264 @ 0x55b45f38be80] nal_unit_type: 1(Coded slice of a non-IDR picture), nal_ref_idc: 1
[NULL @ 0x55b45f2de1c0] ct_type:0 pic_struct:0
[h264 @ 0x55b45f38be80] nal_unit_type: 1(Coded slice of a non-IDR picture), nal_ref_idc: 1
[h264 @ 0x55b45f38be80] ct_type:0 pic_struct:0
[NULL @ 0x55b45f2de1c0] ct_type:0 pic_struct:0
[h264 @ 0x55b45f394b40] nal_unit_type: 9(AUD), nal_ref_idc: 0
[h264 @ 0x55b45f394b40] nal_unit_type: 6(SEI), nal_ref_idc: 0
[h264 @ 0x55b45f394b40] nal_unit_type: 1(Coded slice of a non-IDR picture), nal_ref_idc: 1
[h264 @ 0x55b45f394b40] nal_unit_type: 1(Coded slice of a non-IDR picture), nal_ref_idc: 1
[h264 @ 0x55b45f394b40] ct_type:0 pic_struct:0
[h264 @ 0x55b45f308fc0] nal_unit_type: 9(AUD), nal_ref_idc: 0
[h264 @ 0x55b45f308fc0] nal_unit_type: 6(SEI), nal_ref_idc: 0
[h264 @ 0x55b45f308fc0] nal_unit_type: 1(Coded slice of a non-IDR picture), nal_ref_idc: 0
[h264 @ 0x55b45f308fc0] nal_unit_type: 1(Coded slice of a non-IDR picture), nal_ref_idc: 0
[h264 @ 0x55b45f308fc0] ct_type:0 pic_struct:0
[h264 @ 0x55b45f423f40] nal_unit_type: 9(AUD), nal_ref_idc: 0
[h264 @ 0x55b45f423f40] nal_unit_type: 6(SEI), nal_ref_idc: 0
[h264 @ 0x55b45f423f40] nal_unit_type: 1(Coded slice of a non-IDR picture), nal_ref_idc: 0
[h264 @ 0x55b45f423f40] nal_unit_type: 1(Coded slice of a non-IDR picture), nal_ref_idc: 0
[h264 @ 0x55b45f423f40] ct_type:0 pic_struct:0
[NULL @ 0x55b45f2de1c0] ct_type:0 pic_struct:0
[NULL @ 0x55b45f2de1c0] ct_type:0 pic_struct:0
[NULL @ 0x55b45f2de1c0] ct_type:0 pic_struct:0
[h264 @ 0x55b45f2febc0] nal_unit_type: 9(AUD), nal_ref_idc: 0
[h264 @ 0x55b45f2febc0] nal_unit_type: 6(SEI), nal_ref_idc: 0
[h264 @ 0x55b45f2febc0] nal_unit_type: 1(Coded slice of a non-IDR picture), nal_ref_idc: 1
[h264 @ 0x55b45f2febc0] nal_unit_type: 1(Coded slice of a non-IDR picture), nal_ref_idc: 1
[h264 @ 0x55b45f2febc0] ct_type:0 pic_struct:0
[h264 @ 0x55b45f38be80] nal_unit_type: 9(AUD), nal_ref_idc: 0
[h264 @ 0x55b45f38be80] nal_unit_type: 6(SEI), nal_ref_idc: 0
[h264 @ 0x55b45f38be80] nal_unit_type: 1(Coded slice of a non-IDR picture), nal_ref_idc: 1
[h264 @ 0x55b45f38be80] nal_unit_type: 1(Coded slice of a non-IDR picture), nal_ref_idc: 1
[h264 @ 0x55b45f38be80] ct_type:0 pic_struct:0
[NULL @ 0x55b45f2de1c0] ct_type:0 pic_struct:0
[NULL @ 0x55b45f2de1c0] ct_type:0 pic_struct:0
[h264 @ 0x55b45f394b40] nal_unit_type: 9(AUD), nal_ref_idc: 0
[h264 @ 0x55b45f394b40] nal_unit_type: 6(SEI), nal_ref_idc: 0
[h264 @ 0x55b45f394b40] nal_unit_type: 1(Coded slice of a non-IDR picture), nal_ref_idc: 0
[h264 @ 0x55b45f394b40] nal_unit_type: 1(Coded slice of a non-IDR picture), nal_ref_idc: 0
[h264 @ 0x55b45f394b40] ct_type:0 pic_struct:0
[NULL @ 0x55b45f2de1c0] ct_type:0 pic_struct:0
[h264 @ 0x55b45f308fc0] nal_unit_type: 9(AUD), nal_ref_idc: 0
[h264 @ 0x55b45f308fc0] nal_unit_type: 6(SEI), nal_ref_idc: 0
[h264 @ 0x55b45f308fc0] nal_unit_type: 1(Coded slice of a non-IDR picture), nal_ref_idc: 0
[h264 @ 0x55b45f308fc0] nal_unit_type: 1(Coded slice of a non-IDR picture), nal_ref_idc: 0
[h264 @ 0x55b45f308fc0] ct_type:0 pic_struct:0
[h264 @ 0x55b45f423f40] nal_unit_type: 9(AUD), nal_ref_idc: 0
[h264 @ 0x55b45f423f40] nal_unit_type: 6(SEI), nal_ref_idc: 0
[h264 @ 0x55b45f423f40] nal_unit_type: 1(Coded slice of a non-IDR picture), nal_ref_idc: 1
[h264 @ 0x55b45f423f40] nal_unit_type: 1(Coded slice of a non-IDR picture), nal_ref_idc: 1
[h264 @ 0x55b45f423f40] ct_type:0 pic_struct:0
[NULL @ 0x55b45f2de1c0] ct_type:0 pic_struct:0
[h264 @ 0x55b45f2febc0] nal_unit_type: 9(AUD), nal_ref_idc: 0
[h264 @ 0x55b45f2febc0] nal_unit_type: 6(SEI), nal_ref_idc: 0
[h264 @ 0x55b45f2febc0] nal_unit_type: 1(Coded slice of a non-IDR picture), nal_ref_idc: 1
[h264 @ 0x55b45f2febc0] nal_unit_type: 1(Coded slice of a non-IDR picture), nal_ref_idc: 1
[h264 @ 0x55b45f2febc0] ct_type:0 pic_struct:0
[h264 @ 0x55b45f38be80] nal_unit_type: 9(AUD), nal_ref_idc: 0
[h264 @ 0x55b45f38be80] nal_unit_type: 6(SEI), nal_ref_idc: 0
[h264 @ 0x55b45f38be80] nal_unit_type: 1(Coded slice of a non-IDR picture), nal_ref_idc: 0
[h264 @ 0x55b45f38be80] nal_unit_type: 1(Coded slice of a non-IDR picture), nal_ref_idc: 0
[h264 @ 0x55b45f38be80] ct_type:0 pic_struct:0
[NULL @ 0x55b45f2de1c0] ct_type:0 pic_struct:0
[NULL @ 0x55b45f2de1c0] ct_type:0 pic_struct:0
[h264 @ 0x55b45f394b40] nal_unit_type: 9(AUD), nal_ref_idc: 0
[h264 @ 0x55b45f394b40] nal_unit_type: 6(SEI), nal_ref_idc: 0
[h264 @ 0x55b45f394b40] nal_unit_type: 1(Coded slice of a non-IDR picture), nal_ref_idc: 0
[h264 @ 0x55b45f394b40] nal_unit_type: 1(Coded slice of a non-IDR picture), nal_ref_idc: 0
[h264 @ 0x55b45f394b40] ct_type:0 pic_struct:0
[NULL @ 0x55b45f2de1c0] ct_type:0 pic_struct:0
[h264 @ 0x55b45f308fc0] nal_unit_type: 9(AUD), nal_ref_idc: 0
[h264 @ 0x55b45f308fc0] nal_unit_type: 6(SEI), nal_ref_idc: 0
[h264 @ 0x55b45f308fc0] nal_unit_type: 1(Coded slice of a non-IDR picture), nal_ref_idc: 1
[h264 @ 0x55b45f308fc0] nal_unit_type: 1(Coded slice of a non-IDR picture), nal_ref_idc: 1
[h264 @ 0x55b45f308fc0] ct_type:0 pic_struct:0
[NULL @ 0x55b45f2de1c0] ct_type:0 pic_struct:0
[h264 @ 0x55b45f423f40] nal_unit_type: 9(AUD), nal_ref_idc: 0
[h264 @ 0x55b45f423f40] nal_unit_type: 6(SEI), nal_ref_idc: 0
[h264 @ 0x55b45f423f40] nal_unit_type: 1(Coded slice of a non-IDR picture), nal_ref_idc: 1
[h264 @ 0x55b45f423f40] nal_unit_type: 1(Coded slice of a non-IDR picture), nal_ref_idc: 1
[h264 @ 0x55b45f423f40] ct_type:0 pic_struct:0
[NULL @ 0x55b45f2de1c0] ct_type:0 pic_struct:0
[h264 @ 0x55b45f2febc0] nal_unit_type: 9(AUD), nal_ref_idc: 0
[h264 @ 0x55b45f2febc0] nal_unit_type: 6(SEI), nal_ref_idc: 0
[h264 @ 0x55b45f2febc0] nal_unit_type: 1(Coded slice of a non-IDR picture), nal_ref_idc: 0
[h264 @ 0x55b45f2febc0] nal_unit_type: 1(Coded slice of a non-IDR picture), nal_ref_idc: 0
[h264 @ 0x55b45f2febc0] ct_type:0 pic_struct:0
[NULL @ 0x55b45f2de1c0] ct_type:0 pic_struct:0
[h264 @ 0x55b45f38be80] nal_unit_type: 9(AUD), nal_ref_idc: 0
[h264 @ 0x55b45f38be80] nal_unit_type: 6(SEI), nal_ref_idc: 0
[h264 @ 0x55b45f38be80] nal_unit_type: 1(Coded slice of a non-IDR picture), nal_ref_idc: 0
[h264 @ 0x55b45f38be80] nal_unit_type: 1(Coded slice of a non-IDR picture), nal_ref_idc: 0
[h264 @ 0x55b45f38be80] ct_type:0 pic_struct:0
[NULL @ 0x55b45f2de1c0] ct_type:0 pic_struct:0
[h264 @ 0x55b45f394b40] nal_unit_type: 9(AUD), nal_ref_idc: 0
[h264 @ 0x55b45f394b40] nal_unit_type: 6(SEI), nal_ref_idc: 0
[h264 @ 0x55b45f394b40] nal_unit_type: 1(Coded slice of a non-IDR picture), nal_ref_idc: 1
[h264 @ 0x55b45f394b40] nal_unit_type: 1(Coded slice of a non-IDR picture), nal_ref_idc: 1
[h264 @ 0x55b45f394b40] ct_type:0 pic_struct:0
[NULL @ 0x55b45f2de1c0] ct_type:0 pic_struct:0
[h264 @ 0x55b45f308fc0] nal_unit_type: 9(AUD), nal_ref_idc: 0
[h264 @ 0x55b45f308fc0] nal_unit_type: 6(SEI), nal_ref_idc: 0
[h264 @ 0x55b45f308fc0] nal_unit_type: 1(Coded slice of a non-IDR picture), nal_ref_idc: 1
[h264 @ 0x55b45f308fc0] nal_unit_type: 1(Coded slice of a non-IDR picture), nal_ref_idc: 1
[NULL @ 0x55b45f2de1c0] ct_type:0 pic_struct:0
[h264 @ 0x55b45f308fc0] ct_type:0 pic_struct:0
[h264 @ 0x55b45f423f40] nal_unit_type: 9(AUD), nal_ref_idc: 0
[h264 @ 0x55b45f423f40] nal_unit_type: 6(SEI), nal_ref_idc: 0
[h264 @ 0x55b45f423f40] nal_unit_type: 1(Coded slice of a non-IDR picture), nal_ref_idc: 0
[h264 @ 0x55b45f423f40] nal_unit_type: 1(Coded slice of a non-IDR picture), nal_ref_idc: 0
[h264 @ 0x55b45f423f40] ct_type:0 pic_struct:0
[NULL @ 0x55b45f2de1c0] ct_type:0 pic_struct:0
[h264 @ 0x55b45f2febc0] nal_unit_type: 9(AUD), nal_ref_idc: 0
[h264 @ 0x55b45f2febc0] nal_unit_type: 6(SEI), nal_ref_idc: 0
[h264 @ 0x55b45f2febc0] nal_unit_type: 1(Coded slice of a non-IDR picture), nal_ref_idc: 0
[h264 @ 0x55b45f2febc0] nal_unit_type: 1(Coded slice of a non-IDR picture), nal_ref_idc: 0
[h264 @ 0x55b45f2febc0] ct_type:0 pic_struct:0
[NULL @ 0x55b45f2de1c0] ct_type:0 pic_struct:0
[h264 @ 0x55b45f38be80] nal_unit_type: 9(AUD), nal_ref_idc: 0
[h264 @ 0x55b45f38be80] nal_unit_type: 6(SEI), nal_ref_idc: 0
[h264 @ 0x55b45f38be80] nal_unit_type: 1(Coded slice of a non-IDR picture), nal_ref_idc: 1
[h264 @ 0x55b45f38be80] nal_unit_type: 1(Coded slice of a non-IDR picture), nal_ref_idc: 1
[h264 @ 0x55b45f38be80] ct_type:0 pic_struct:0
[h264 @ 0x55b45f394b40] nal_unit_type: 9(AUD), nal_ref_idc: 0
[h264 @ 0x55b45f394b40] nal_unit_type: 6(SEI), nal_ref_idc: 0
[h264 @ 0x55b45f394b40] nal_unit_type: 1(Coded slice of a non-IDR picture), nal_ref_idc: 1
[h264 @ 0x55b45f394b40] nal_unit_type: 1(Coded slice of a non-IDR picture), nal_ref_idc: 1
[h264 @ 0x55b45f394b40] ct_type:0 pic_struct:0
[NULL @ 0x55b45f2de1c0] ct_type:0 pic_struct:0
[NULL @ 0x55b45f2de1c0] ct_type:0 pic_struct:0
[h264 @ 0x55b45f308fc0] nal_unit_type: 9(AUD), nal_ref_idc: 0
[h264 @ 0x55b45f308fc0] nal_unit_type: 6(SEI), nal_ref_idc: 0
[h264 @ 0x55b45f308fc0] nal_unit_type: 1(Coded slice of a non-IDR picture), nal_ref_idc: 0
[h264 @ 0x55b45f308fc0] nal_unit_type: 1(Coded slice of a non-IDR picture), nal_ref_idc: 0
[h264 @ 0x55b45f308fc0] ct_type:0 pic_struct:0
[NULL @ 0x55b45f2de1c0] ct_type:0 pic_struct:0
[h264 @ 0x55b45f423f40] nal_unit_type: 9(AUD), nal_ref_idc: 0
[h264 @ 0x55b45f423f40] nal_unit_type: 6(SEI), nal_ref_idc: 0
[h264 @ 0x55b45f423f40] nal_unit_type: 1(Coded slice of a non-IDR picture), nal_ref_idc: 0
[h264 @ 0x55b45f423f40] nal_unit_type: 1(Coded slice of a non-IDR picture), nal_ref_idc: 0
[h264 @ 0x55b45f423f40] ct_type:0 pic_struct:0
[NULL @ 0x55b45f2de1c0] ct_type:0 pic_struct:0
[NULL @ 0x55b45f2de1c0] ct_type:0 pic_struct:0
[h264 @ 0x55b45f2febc0] nal_unit_type: 9(AUD), nal_ref_idc: 0
[h264 @ 0x55b45f2febc0] nal_unit_type: 6(SEI), nal_ref_idc: 0
[h264 @ 0x55b45f2febc0] nal_unit_type: 1(Coded slice of a non-IDR picture), nal_ref_idc: 1
[h264 @ 0x55b45f2febc0] nal_unit_type: 1(Coded slice of a non-IDR picture), nal_ref_idc: 1
[h264 @ 0x55b45f2febc0] ct_type:0 pic_struct:0
[h264 @ 0x55b45f38be80] nal_unit_type: 9(AUD), nal_ref_idc: 0
[h264 @ 0x55b45f38be80] nal_unit_type: 6(SEI), nal_ref_idc: 0
[h264 @ 0x55b45f38be80] nal_unit_type: 1(Coded slice of a non-IDR picture), nal_ref_idc: 1
[h264 @ 0x55b45f38be80] nal_unit_type: 1(Coded slice of a non-IDR picture), nal_ref_idc: 1
[h264 @ 0x55b45f38be80] ct_type:0 pic_struct:0
[NULL @ 0x55b45f2de1c0] ct_type:0 pic_struct:0
[h264 @ 0x55b45f394b40] nal_unit_type: 9(AUD), nal_ref_idc: 0
[h264 @ 0x55b45f394b40] nal_unit_type: 6(SEI), nal_ref_idc: 0
[h264 @ 0x55b45f394b40] nal_unit_type: 1(Coded slice of a non-IDR picture), nal_ref_idc: 0
[h264 @ 0x55b45f394b40] nal_unit_type: 1(Coded slice of a non-IDR picture), nal_ref_idc: 0
[h264 @ 0x55b45f394b40] ct_type:0 pic_struct:0
[NULL @ 0x55b45f2de1c0] ct_type:0 pic_struct:0
[h264 @ 0x55b45f308fc0] nal_unit_type: 9(AUD), nal_ref_idc: 0
[h264 @ 0x55b45f308fc0] nal_unit_type: 6(SEI), nal_ref_idc: 0
[h264 @ 0x55b45f308fc0] nal_unit_type: 1(Coded slice of a non-IDR picture), nal_ref_idc: 0
[h264 @ 0x55b45f308fc0] nal_unit_type: 1(Coded slice of a non-IDR picture), nal_ref_idc: 0
[h264 @ 0x55b45f308fc0] ct_type:0 pic_struct:0
[NULL @ 0x55b45f2de1c0] ct_type:0 pic_struct:0
[h264 @ 0x55b45f423f40] nal_unit_type: 9(AUD), nal_ref_idc: 0
[h264 @ 0x55b45f423f40] nal_unit_type: 6(SEI), nal_ref_idc: 0
[h264 @ 0x55b45f423f40] nal_unit_type: 1(Coded slice of a non-IDR picture), nal_ref_idc: 1
[h264 @ 0x55b45f423f40] nal_unit_type: 1(Coded slice of a non-IDR picture), nal_ref_idc: 1
[h264 @ 0x55b45f423f40] ct_type:0 pic_struct:0
[NULL @ 0x55b45f2de1c0] ct_type:0 pic_struct:0
[NULL @ 0x55b45f2de1c0] ct_type:0 pic_struct:0
[h264 @ 0x55b45f2febc0] nal_unit_type: 9(AUD), nal_ref_idc: 0
[h264 @ 0x55b45f2febc0] nal_unit_type: 6(SEI), nal_ref_idc: 0
[h264 @ 0x55b45f2febc0] nal_unit_type: 1(Coded slice of a non-IDR picture), nal_ref_idc: 1
[h264 @ 0x55b45f2febc0] nal_unit_type: 1(Coded slice of a non-IDR picture), nal_ref_idc: 1
[h264 @ 0x55b45f2febc0] ct_type:0 pic_struct:0
[h264 @ 0x55b45f38be80] nal_unit_type: 9(AUD), nal_ref_idc: 0
[h264 @ 0x55b45f38be80] nal_unit_type: 6(SEI), nal_ref_idc: 0
[h264 @ 0x55b45f38be80] nal_unit_type: 1(Coded slice of a non-IDR picture), nal_ref_idc: 0
[h264 @ 0x55b45f38be80] nal_unit_type: 1(Coded slice of a non-IDR picture), nal_ref_idc: 0
[h264 @ 0x55b45f38be80] ct_type:0 pic_struct:0
[NULL @ 0x55b45f2de1c0] ct_type:0 pic_struct:0
[h264 @ 0x55b45f394b40] nal_unit_type: 9(AUD), nal_ref_idc: 0
[h264 @ 0x55b45f394b40] nal_unit_type: 6(SEI), nal_ref_idc: 0
[h264 @ 0x55b45f394b40] nal_unit_type: 1(Coded slice of a non-IDR picture), nal_ref_idc: 0
[h264 @ 0x55b45f394b40] nal_unit_type: 1(Coded slice of a non-IDR picture), nal_ref_idc: 0
[NULL @ 0x55b45f2de1c0] ct_type:0 pic_struct:0
[h264 @ 0x55b45f394b40] ct_type:0 pic_struct:0
[h264 @ 0x55b45f308fc0] nal_unit_type: 9(AUD), nal_ref_idc: 0
[h264 @ 0x55b45f308fc0] nal_unit_type: 6(SEI), nal_ref_idc: 0
[h264 @ 0x55b45f308fc0] nal_unit_type: 1(Coded slice of a non-IDR picture), nal_ref_idc: 1
[h264 @ 0x55b45f308fc0] nal_unit_type: 1(Coded slice of a non-IDR picture), nal_ref_idc: 1
[h264 @ 0x55b45f308fc0] ct_type:0 pic_struct:0
[NULL @ 0x55b45f2de1c0] ct_type:0 pic_struct:0
[h264 @ 0x55b45f423f40] nal_unit_type: 9(AUD), nal_ref_idc: 0
[h264 @ 0x55b45f423f40] nal_unit_type: 6(SEI), nal_ref_idc: 0
[h264 @ 0x55b45f423f40] nal_unit_type: 1(Coded slice of a non-IDR picture), nal_ref_idc: 1
[h264 @ 0x55b45f423f40] nal_unit_type: 1(Coded slice of a non-IDR picture), nal_ref_idc: 1
[NULL @ 0x55b45f2de1c0] ct_type:0 pic_struct:0
[h264 @ 0x55b45f423f40] ct_type:0 pic_struct:0
[h264 @ 0x55b45f2febc0] nal_unit_type: 9(AUD), nal_ref_idc: 0
[h264 @ 0x55b45f2febc0] nal_unit_type: 6(SEI), nal_ref_idc: 0
[h264 @ 0x55b45f2febc0] nal_unit_type: 1(Coded slice of a non-IDR picture), nal_ref_idc: 0
[h264 @ 0x55b45f2febc0] nal_unit_type: 1(Coded slice of a non-IDR picture), nal_ref_idc: 0
[h264 @ 0x55b45f2febc0] ct_type:0 pic_struct:0
[NULL @ 0x55b45f2de1c0] ct_type:0 pic_struct:0
[h264 @ 0x55b45f38be80] nal_unit_type: 9(AUD), nal_ref_idc: 0
[h264 @ 0x55b45f38be80] nal_unit_type: 6(SEI), nal_ref_idc: 0
[h264 @ 0x55b45f38be80] nal_unit_type: 1(Coded slice of a non-IDR picture), nal_ref_idc: 0
[h264 @ 0x55b45f38be80] nal_unit_type: 1(Coded slice of a non-IDR picture), nal_ref_idc: 0
[h264 @ 0x55b45f38be80] ct_type:0 pic_struct:0
[NULL @ 0x55b45f2de1c0] ct_type:0 pic_struct:0
[NULL @ 0x55b45f2de1c0] ct_type:0 pic_struct:0
[h264 @ 0x55b45f394b40] nal_unit_type: 9(AUD), nal_ref_idc: 0
[h264 @ 0x55b45f394b40] nal_unit_type: 6(SEI), nal_ref_idc: 0
[h264 @ 0x55b45f394b40] nal_unit_type: 1(Coded slice of a non-IDR picture), nal_ref_idc: 1
[h264 @ 0x55b45f394b40] nal_unit_type: 1(Coded slice of a non-IDR picture), nal_ref_idc: 1
[h264 @ 0x55b45f394b40] ct_type:0 pic_struct:0
[h264 @ 0x55b45f308fc0] nal_unit_type: 9(AUD), nal_ref_idc: 0
[h264 @ 0x55b45f308fc0] nal_unit_type: 6(SEI), nal_ref_idc: 0
[h264 @ 0x55b45f308fc0] nal_unit_type: 1(Coded slice of a non-IDR picture), nal_ref_idc: 1
[h264 @ 0x55b45f308fc0] nal_unit_type: 1(Coded slice of a non-IDR picture), nal_ref_idc: 1
[h264 @ 0x55b45f308fc0] ct_type:0 pic_struct:0
[NULL @ 0x55b45f2de1c0] ct_type:0 pic_struct:0
[h264 @ 0x55b45f423f40] nal_unit_type: 9(AUD), nal_ref_idc: 0
[h264 @ 0x55b45f423f40] nal_unit_type: 6(SEI), nal_ref_idc: 0
[h264 @ 0x55b45f423f40] nal_unit_type: 1(Coded slice of a non-IDR picture), nal_ref_idc: 0
[h264 @ 0x55b45f423f40] nal_unit_type: 1(Coded slice of a non-IDR picture), nal_ref_idc: 0
[h264 @ 0x55b45f423f40] ct_type:0 pic_struct:0
[NULL @ 0x55b45f2de1c0] ct_type:0 pic_struct:0
[h264 @ 0x55b45f2febc0] nal_unit_type: 9(AUD), nal_ref_idc: 0
[h264 @ 0x55b45f2febc0] nal_unit_type: 6(SEI), nal_ref_idc: 0
[h264 @ 0x55b45f2febc0] nal_unit_type: 1(Coded slice of a non-IDR picture), nal_ref_idc: 0
[h264 @ 0x55b45f2febc0] nal_unit_type: 1(Coded slice of a non-IDR picture), nal_ref_idc: 0
[h264 @ 0x55b45f2febc0] ct_type:0 pic_struct:0
[h264 @ 0x55b45f38be80] nal_unit_type: 9(AUD), nal_ref_idc: 0
[h264 @ 0x55b45f38be80] nal_unit_type: 6(SEI), nal_ref_idc: 0
[h264 @ 0x55b45f38be80] nal_unit_type: 1(Coded slice of a non-IDR picture), nal_ref_idc: 1
[h264 @ 0x55b45f38be80] nal_unit_type: 1(Coded slice of a non-IDR picture), nal_ref_idc: 1
[h264 @ 0x55b45f38be80] ct_type:0 pic_struct:0
[NULL @ 0x55b45f2de1c0] ct_type:0 pic_struct:0
[h264 @ 0x55b45f394b40] nal_unit_type: 9(AUD), nal_ref_idc: 0
[h264 @ 0x55b45f394b40] nal_unit_type: 6(SEI), nal_ref_idc: 0
[h264 @ 0x55b45f394b40] nal_unit_type: 1(Coded slice of a non-IDR picture), nal_ref_idc: 1
[h264 @ 0x55b45f394b40] nal_unit_type: 1(Coded slice of a non-IDR picture), nal_ref_idc: 1
[h264 @ 0x55b45f394b40] ct_type:0 pic_struct:0
[NULL @ 0x55b45f2de1c0] ct_type:0 pic_struct:0
[NULL @ 0x55b45f2de1c0] Decoding VUI
[h264 @ 0x55b45f308fc0] nal_unit_type: 9(AUD), nal_ref_idc: 0
[h264 @ 0x55b45f308fc0] nal_unit_type: 6(SEI), nal_ref_idc: 0
[h264 @ 0x55b45f308fc0] nal_unit_type: 1(Coded slice of a non-IDR picture), nal_ref_idc: 0
[h264 @ 0x55b45f308fc0] nal_unit_type: 1(Coded slice of a non-IDR picture), nal_ref_idc: 0
[h264 @ 0x55b45f308fc0] ct_type:0 pic_struct:0
[NULL @ 0x55b45f2de1c0] ct_type:0 pic_struct:0
[NULL @ 0x55b45f2de1c0] ct_type:0 pic_struct:0
[h264 @ 0x55b45f423f40] nal_unit_type: 9(AUD), nal_ref_idc: 0
[h264 @ 0x55b45f423f40] nal_unit_type: 7(SPS), nal_ref_idc: 3
[h264 @ 0x55b45f423f40] nal_unit_type: 8(PPS), nal_ref_idc: 3
[h264 @ 0x55b45f423f40] nal_unit_type: 6(SEI), nal_ref_idc: 0
[h264 @ 0x55b45f423f40] nal_unit_type: 6(SEI), nal_ref_idc: 0
[h264 @ 0x55b45f423f40] nal_unit_type: 1(Coded slice of a non-IDR picture), nal_ref_idc: 1
[h264 @ 0x55b45f423f40] nal_unit_type: 1(Coded slice of a non-IDR picture), nal_ref_idc: 1
[h264 @ 0x55b45f423f40] Decoding VUI
[h264 @ 0x55b45f423f40] ct_type:0 pic_struct:0
[h264 @ 0x55b45f2febc0] nal_unit_type: 9(AUD), nal_ref_idc: 0
[h264 @ 0x55b45f2febc0] nal_unit_type: 6(SEI), nal_ref_idc: 0
[h264 @ 0x55b45f2febc0] nal_unit_type: 1(Coded slice of a non-IDR picture), nal_ref_idc: 1
[h264 @ 0x55b45f2febc0] nal_unit_type: 1(Coded slice of a non-IDR picture), nal_ref_idc: 1
[h264 @ 0x55b45f2febc0] ct_type:0 pic_struct:0
[NULL @ 0x55b45f2de1c0] ct_type:0 pic_struct:0
[NULL @ 0x55b45f2de1c0] ct_type:0 pic_struct:0
[NULL @ 0x55b45f2de1c0] ct_type:0 pic_struct:0
[h264 @ 0x55b45f38be80] nal_unit_type: 9(AUD), nal_ref_idc: 0
[h264 @ 0x55b45f38be80] nal_unit_type: 6(SEI), nal_ref_idc: 0
[h264 @ 0x55b45f38be80] nal_unit_type: 1(Coded slice of a non-IDR picture), nal_ref_idc: 1
[h264 @ 0x55b45f38be80] nal_unit_type: 1(Coded slice of a non-IDR picture), nal_ref_idc: 1
[h264 @ 0x55b45f38be80] ct_type:0 pic_struct:0
[h264 @ 0x55b45f394b40] nal_unit_type: 9(AUD), nal_ref_idc: 0
[h264 @ 0x55b45f394b40] nal_unit_type: 6(SEI), nal_ref_idc: 0
[h264 @ 0x55b45f394b40] nal_unit_type: 1(Coded slice of a non-IDR picture), nal_ref_idc: 0
[h264 @ 0x55b45f394b40] nal_unit_type: 1(Coded slice of a non-IDR picture), nal_ref_idc: 0
[h264 @ 0x55b45f394b40] ct_type:0 pic_struct:0
[NULL @ 0x55b45f2de1c0] ct_type:0 pic_struct:0
[h264 @ 0x55b45f308fc0] nal_unit_type: 9(AUD), nal_ref_idc: 0
[h264 @ 0x55b45f308fc0] nal_unit_type: 6(SEI), nal_ref_idc: 0
[h264 @ 0x55b45f308fc0] nal_unit_type: 1(Coded slice of a non-IDR picture), nal_ref_idc: 0
[h264 @ 0x55b45f308fc0] nal_unit_type: 1(Coded slice of a non-IDR picture), nal_ref_idc: 0
[h264 @ 0x55b45f308fc0] ct_type:0 pic_struct:0
[h264 @ 0x55b45f423f40] nal_unit_type: 9(AUD), nal_ref_idc: 0
[h264 @ 0x55b45f423f40] nal_unit_type: 6(SEI), nal_ref_idc: 0
[h264 @ 0x55b45f423f40] nal_unit_type: 1(Coded slice of a non-IDR picture), nal_ref_idc: 1
[h264 @ 0x55b45f423f40] nal_unit_type: 1(Coded slice of a non-IDR picture), nal_ref_idc: 1
[h264 @ 0x55b45f423f40] ct_type:0 pic_struct:0
[NULL @ 0x55b45f2de1c0] ct_type:0 pic_struct:0
[NULL @ 0x55b45f2de1c0] ct_type:0 pic_struct:0
[h264 @ 0x55b45f2febc0] nal_unit_type: 9(AUD), nal_ref_idc: 0
[h264 @ 0x55b45f2febc0] nal_unit_type: 6(SEI), nal_ref_idc: 0
[h264 @ 0x55b45f2febc0] nal_unit_type: 1(Coded slice of a non-IDR picture), nal_ref_idc: 1
[h264 @ 0x55b45f2febc0] nal_unit_type: 1(Coded slice of a non-IDR picture), nal_ref_idc: 1
[h264 @ 0x55b45f2febc0] ct_type:0 pic_struct:0
[NULL @ 0x55b45f2de1c0] ct_type:0 pic_struct:0
[h264 @ 0x55b45f38be80] nal_unit_type: 9(AUD), nal_ref_idc: 0
[h264 @ 0x55b45f38be80] nal_unit_type: 6(SEI), nal_ref_idc: 0
[h264 @ 0x55b45f38be80] nal_unit_type: 1(Coded slice of a non-IDR picture), nal_ref_idc: 0
[h264 @ 0x55b45f38be80] nal_unit_type: 1(Coded slice of a non-IDR picture), nal_ref_idc: 0
[h264 @ 0x55b45f38be80] ct_type:0 pic_struct:0
[NULL @ 0x55b45f2de1c0] ct_type:0 pic_struct:0
[NULL @ 0x55b45f2de1c0] ct_type:0 pic_struct:0
[h264 @ 0x55b45f394b40] nal_unit_type: 9(AUD), nal_ref_idc: 0
[h264 @ 0x55b45f394b40] nal_unit_type: 6(SEI), nal_ref_idc: 0
[h264 @ 0x55b45f394b40] nal_unit_type: 1(Coded slice of a non-IDR picture), nal_ref_idc: 0
[h264 @ 0x55b45f394b40] nal_unit_type: 1(Coded slice of a non-IDR picture), nal_ref_idc: 0
[h264 @ 0x55b45f394b40] ct_type:0 pic_struct:0
[h264 @ 0x55b45f308fc0] nal_unit_type: 9(AUD), nal_ref_idc: 0
[h264 @ 0x55b45f308fc0] nal_unit_type: 6(SEI), nal_ref_idc: 0
[h264 @ 0x55b45f308fc0] nal_unit_type: 1(Coded slice of a non-IDR picture), nal_ref_idc: 1
[h264 @ 0x55b45f308fc0] nal_unit_type: 1(Coded slice of a non-IDR picture), nal_ref_idc: 1
[h264 @ 0x55b45f308fc0] ct_type:0 pic_struct:0
[h264 @ 0x55b45f423f40] nal_unit_type: 9(AUD), nal_ref_idc: 0
[h264 @ 0x55b45f423f40] nal_unit_type: 6(SEI), nal_ref_idc: 0
[h264 @ 0x55b45f423f40] nal_unit_type: 1(Coded slice of a non-IDR picture), nal_ref_idc: 1
[h264 @ 0x55b45f423f40] nal_unit_type: 1(Coded slice of a non-IDR picture), nal_ref_idc: 1
[h264 @ 0x55b45f423f40] ct_type:0 pic_struct:0
[NULL @ 0x55b45f2de1c0] ct_type:0 pic_struct:0
[NULL @ 0x55b45f2de1c0] ct_type:0 pic_struct:0
[h264 @ 0x55b45f2febc0] nal_unit_type: 9(AUD), nal_ref_idc: 0
[h264 @ 0x55b45f2febc0] nal_unit_type: 6(SEI), nal_ref_idc: 0
[h264 @ 0x55b45f2febc0] nal_unit_type: 1(Coded slice of a non-IDR picture), nal_ref_idc: 0
[h264 @ 0x55b45f2febc0] nal_unit_type: 1(Coded slice of a non-IDR picture), nal_ref_idc: 0
[h264 @ 0x55b45f2febc0] ct_type:0 pic_struct:0
[h264 @ 0x55b45f38be80] nal_unit_type: 9(AUD), nal_ref_idc: 0
[h264 @ 0x55b45f38be80] nal_unit_type: 6(SEI), nal_ref_idc: 0
[h264 @ 0x55b45f38be80] nal_unit_type: 1(Coded slice of a non-IDR picture), nal_ref_idc: 0
[h264 @ 0x55b45f38be80] nal_unit_type: 1(Coded slice of a non-IDR picture), nal_ref_idc: 0
[h264 @ 0x55b45f38be80] ct_type:0 pic_struct:0
[NULL @ 0x55b45f2de1c0] ct_type:0 pic_struct:0
[NULL @ 0x55b45f2de1c0] ct_type:0 pic_struct:0
[h264 @ 0x55b45f394b40] nal_unit_type: 9(AUD), nal_ref_idc: 0
[h264 @ 0x55b45f394b40] nal_unit_type: 6(SEI), nal_ref_idc: 0
[h264 @ 0x55b45f394b40] nal_unit_type: 1(Coded slice of a non-IDR picture), nal_ref_idc: 1
[h264 @ 0x55b45f394b40] nal_unit_type: 1(Coded slice of a non-IDR picture), nal_ref_idc: 1
[h264 @ 0x55b45f394b40] ct_type:0 pic_struct:0
[h264 @ 0x55b45f308fc0] nal_unit_type: 9(AUD), nal_ref_idc: 0
[h264 @ 0x55b45f308fc0] nal_unit_type: 6(SEI), nal_ref_idc: 0
[h264 @ 0x55b45f308fc0] nal_unit_type: 1(Coded slice of a non-IDR picture), nal_ref_idc: 1
[h264 @ 0x55b45f308fc0] nal_unit_type: 1(Coded slice of a non-IDR picture), nal_ref_idc: 1
[h264 @ 0x55b45f308fc0] ct_type:0 pic_struct:0
[NULL @ 0x55b45f2de1c0] ct_type:0 pic_struct:0
[NULL @ 0x55b45f2de1c0] ct_type:0 pic_struct:0
[h264 @ 0x55b45f423f40] nal_unit_type: 9(AUD), nal_ref_idc: 0
[h264 @ 0x55b45f423f40] nal_unit_type: 6(SEI), nal_ref_idc: 0
[h264 @ 0x55b45f423f40] nal_unit_type: 1(Coded slice of a non-IDR picture), nal_ref_idc: 0
[h264 @ 0x55b45f423f40] nal_unit_type: 1(Coded slice of a non-IDR picture), nal_ref_idc: 0
[h264 @ 0x55b45f423f40] ct_type:0 pic_struct:0
[NULL @ 0x55b45f2de1c0] ct_type:0 pic_struct:0
[NULL @ 0x55b45f2de1c0] ct_type:0 pic_struct:0
[h264 @ 0x55b45f2febc0] nal_unit_type: 9(AUD), nal_ref_idc: 0
[h264 @ 0x55b45f2febc0] nal_unit_type: 6(SEI), nal_ref_idc: 0
[h264 @ 0x55b45f2febc0] nal_unit_type: 1(Coded slice of a non-IDR picture), nal_ref_idc: 0
[h264 @ 0x55b45f2febc0] nal_unit_type: 1(Coded slice of a non-IDR picture), nal_ref_idc: 0
[h264 @ 0x55b45f2febc0] ct_type:0 pic_struct:0
[h264 @ 0x55b45f38be80] nal_unit_type: 9(AUD), nal_ref_idc: 0
[h264 @ 0x55b45f38be80] nal_unit_type: 6(SEI), nal_ref_idc: 0
[h264 @ 0x55b45f38be80] nal_unit_type: 1(Coded slice of a non-IDR picture), nal_ref_idc: 1
[h264 @ 0x55b45f38be80] nal_unit_type: 1(Coded slice of a non-IDR picture), nal_ref_idc: 1
[h264 @ 0x55b45f38be80] ct_type:0 pic_struct:0
[h264 @ 0x55b45f394b40] nal_unit_type: 9(AUD), nal_ref_idc: 0
[h264 @ 0x55b45f394b40] nal_unit_type: 6(SEI), nal_ref_idc: 0
[h264 @ 0x55b45f394b40] nal_unit_type: 1(Coded slice of a non-IDR picture), nal_ref_idc: 1
[h264 @ 0x55b45f394b40] nal_unit_type: 1(Coded slice of a non-IDR picture), nal_ref_idc: 1
[h264 @ 0x55b45f394b40] ct_type:0 pic_struct:0
[NULL @ 0x55b45f2de1c0] ct_type:0 pic_struct:0
[h264 @ 0x55b45f308fc0] nal_unit_type: 9(AUD), nal_ref_idc: 0
[h264 @ 0x55b45f308fc0] nal_unit_type: 6(SEI), nal_ref_idc: 0
[h264 @ 0x55b45f308fc0] nal_unit_type: 1(Coded slice of a non-IDR picture), nal_ref_idc: 0
[h264 @ 0x55b45f308fc0] nal_unit_type: 1(Coded slice of a non-IDR picture), nal_ref_idc: 0
[h264 @ 0x55b45f308fc0] ct_type:0 pic_struct:0
[NULL @ 0x55b45f2de1c0] ct_type:0 pic_struct:0
[NULL @ 0x55b45f2de1c0] ct_type:0 pic_struct:0
[h264 @ 0x55b45f423f40] nal_unit_type: 9(AUD), nal_ref_idc: 0
[h264 @ 0x55b45f423f40] nal_unit_type: 6(SEI), nal_ref_idc: 0
[h264 @ 0x55b45f423f40] nal_unit_type: 1(Coded slice of a non-IDR picture), nal_ref_idc: 0
[h264 @ 0x55b45f423f40] nal_unit_type: 1(Coded slice of a non-IDR picture), nal_ref_idc: 0
[NULL @ 0x55b45f2de1c0] ct_type:0 pic_struct:0
[h264 @ 0x55b45f423f40] ct_type:0 pic_struct:0
[h264 @ 0x55b45f2febc0] nal_unit_type: 9(AUD), nal_ref_idc: 0
[h264 @ 0x55b45f2febc0] nal_unit_type: 6(SEI), nal_ref_idc: 0
[h264 @ 0x55b45f2febc0] nal_unit_type: 1(Coded slice of a non-IDR picture), nal_ref_idc: 1
[h264 @ 0x55b45f2febc0] nal_unit_type: 1(Coded slice of a non-IDR picture), nal_ref_idc: 1
[h264 @ 0x55b45f2febc0] ct_type:0 pic_struct:0
[NULL @ 0x55b45f2de1c0] ct_type:0 pic_struct:0
[h264 @ 0x55b45f38be80] nal_unit_type: 9(AUD), nal_ref_idc: 0
[h264 @ 0x55b45f38be80] nal_unit_type: 6(SEI), nal_ref_idc: 0
[h264 @ 0x55b45f38be80] nal_unit_type: 1(Coded slice of a non-IDR picture), nal_ref_idc: 1
[h264 @ 0x55b45f38be80] nal_unit_type: 1(Coded slice of a non-IDR picture), nal_ref_idc: 1
[h264 @ 0x55b45f38be80] ct_type:0 pic_struct:0
[NULL @ 0x55b45f2de1c0] ct_type:0 pic_struct:0
[h264 @ 0x55b45f394b40] nal_unit_type: 9(AUD), nal_ref_idc: 0
[h264 @ 0x55b45f394b40] nal_unit_type: 6(SEI), nal_ref_idc: 0
[h264 @ 0x55b45f394b40] nal_unit_type: 1(Coded slice of a non-IDR picture), nal_ref_idc: 0
[h264 @ 0x55b45f394b40] nal_unit_type: 1(Coded slice of a non-IDR picture), nal_ref_idc: 0
[NULL @ 0x55b45f2de1c0] ct_type:0 pic_struct:0
[h264 @ 0x55b45f394b40] ct_type:0 pic_struct:0
[h264 @ 0x55b45f308fc0] nal_unit_type: 9(AUD), nal_ref_idc: 0
[h264 @ 0x55b45f308fc0] nal_unit_type: 6(SEI), nal_ref_idc: 0
[h264 @ 0x55b45f308fc0] nal_unit_type: 1(Coded slice of a non-IDR picture), nal_ref_idc: 0
[h264 @ 0x55b45f308fc0] nal_unit_type: 1(Coded slice of a non-IDR picture), nal_ref_idc: 0
[h264 @ 0x55b45f308fc0] ct_type:0 pic_struct:0
[NULL @ 0x55b45f2de1c0] ct_type:0 pic_struct:0
[NULL @ 0x55b45f2de1c0] ct_type:0 pic_struct:0
[h264 @ 0x55b45f423f40] nal_unit_type: 9(AUD), nal_ref_idc: 0
[h264 @ 0x55b45f423f40] nal_unit_type: 6(SEI), nal_ref_idc: 0
[h264 @ 0x55b45f423f40] nal_unit_type: 1(Coded slice of a non-IDR picture), nal_ref_idc: 1
[h264 @ 0x55b45f423f40] nal_unit_type: 1(Coded slice of a non-IDR picture), nal_ref_idc: 1
[h264 @ 0x55b45f423f40] ct_type:0 pic_struct:0
[h264 @ 0x55b45f2febc0] nal_unit_type: 9(AUD), nal_ref_idc: 0
[h264 @ 0x55b45f2febc0] nal_unit_type: 6(SEI), nal_ref_idc: 0
[h264 @ 0x55b45f2febc0] nal_unit_type: 1(Coded slice of a non-IDR picture), nal_ref_idc: 1
[h264 @ 0x55b45f2febc0] nal_unit_type: 1(Coded slice of a non-IDR picture), nal_ref_idc: 1
[h264 @ 0x55b45f2febc0] ct_type:0 pic_struct:0
[h264 @ 0x55b45f38be80] nal_unit_type: 9(AUD), nal_ref_idc: 0
[h264 @ 0x55b45f38be80] nal_unit_type: 6(SEI), nal_ref_idc: 0
[h264 @ 0x55b45f38be80] nal_unit_type: 1(Coded slice of a non-IDR picture), nal_ref_idc: 0
[h264 @ 0x55b45f38be80] nal_unit_type: 1(Coded slice of a non-IDR picture), nal_ref_idc: 0
[h264 @ 0x55b45f38be80] ct_type:0 pic_struct:0
[NULL @ 0x55b45f2de1c0] ct_type:0 pic_struct:0
[NULL @ 0x55b45f2de1c0] ct_type:0 pic_struct:0
[h264 @ 0x55b45f394b40] nal_unit_type: 9(AUD), nal_ref_idc: 0
[h264 @ 0x55b45f394b40] nal_unit_type: 6(SEI), nal_ref_idc: 0
[h264 @ 0x55b45f394b40] nal_unit_type: 1(Coded slice of a non-IDR picture), nal_ref_idc: 0
[h264 @ 0x55b45f394b40] nal_unit_type: 1(Coded slice of a non-IDR picture), nal_ref_idc: 0
[h264 @ 0x55b45f394b40] ct_type:0 pic_struct:0
[NULL @ 0x55b45f2de1c0] ct_type:0 pic_struct:0
[h264 @ 0x55b45f308fc0] nal_unit_type: 9(AUD), nal_ref_idc: 0
[h264 @ 0x55b45f308fc0] nal_unit_type: 6(SEI), nal_ref_idc: 0
[h264 @ 0x55b45f308fc0] nal_unit_type: 1(Coded slice of a non-IDR picture), nal_ref_idc: 1
[h264 @ 0x55b45f308fc0] nal_unit_type: 1(Coded slice of a non-IDR picture), nal_ref_idc: 1
[h264 @ 0x55b45f308fc0] ct_type:0 pic_struct:0
[NULL @ 0x55b45f2de1c0] ct_type:0 pic_struct:0
[h264 @ 0x55b45f423f40] nal_unit_type: 9(AUD), nal_ref_idc: 0
[h264 @ 0x55b45f423f40] nal_unit_type: 6(SEI), nal_ref_idc: 0
[h264 @ 0x55b45f423f40] nal_unit_type: 1(Coded slice of a non-IDR picture), nal_ref_idc: 1
[h264 @ 0x55b45f423f40] nal_unit_type: 1(Coded slice of a non-IDR picture), nal_ref_idc: 1
[h264 @ 0x55b45f423f40] ct_type:0 pic_struct:0
[NULL @ 0x55b45f2de1c0] ct_type:0 pic_struct:0
[h264 @ 0x55b45f2febc0] nal_unit_type: 9(AUD), nal_ref_idc: 0
[h264 @ 0x55b45f2febc0] nal_unit_type: 6(SEI), nal_ref_idc: 0
[h264 @ 0x55b45f2febc0] nal_unit_type: 1(Coded slice of a non-IDR picture), nal_ref_idc: 0
[h264 @ 0x55b45f2febc0] nal_unit_type: 1(Coded slice of a non-IDR picture), nal_ref_idc: 0
[h264 @ 0x55b45f2febc0] ct_type:0 pic_struct:0
[NULL @ 0x55b45f2de1c0] ct_type:0 pic_struct:0
[h264 @ 0x55b45f38be80] nal_unit_type: 9(AUD), nal_ref_idc: 0
[h264 @ 0x55b45f38be80] nal_unit_type: 6(SEI), nal_ref_idc: 0
[h264 @ 0x55b45f38be80] nal_unit_type: 1(Coded slice of a non-IDR picture), nal_ref_idc: 0
[h264 @ 0x55b45f38be80] nal_unit_type: 1(Coded slice of a non-IDR picture), nal_ref_idc: 0
[h264 @ 0x55b45f38be80] ct_type:0 pic_struct:0
[NULL @ 0x55b45f2de1c0] ct_type:0 pic_struct:0
[h264 @ 0x55b45f394b40] nal_unit_type: 9(AUD), nal_ref_idc: 0
[h264 @ 0x55b45f394b40] nal_unit_type: 6(SEI), nal_ref_idc: 0
[h264 @ 0x55b45f394b40] nal_unit_type: 1(Coded slice of a non-IDR picture), nal_ref_idc: 1
[h264 @ 0x55b45f394b40] nal_unit_type: 1(Coded slice of a non-IDR picture), nal_ref_idc: 1
[h264 @ 0x55b45f394b40] ct_type:0 pic_struct:0
[NULL @ 0x55b45f2de1c0] ct_type:0 pic_struct:0
[h264 @ 0x55b45f308fc0] nal_unit_type: 9(AUD), nal_ref_idc: 0
[h264 @ 0x55b45f308fc0] nal_unit_type: 6(SEI), nal_ref_idc: 0
[h264 @ 0x55b45f308fc0] nal_unit_type: 1(Coded slice of a non-IDR picture), nal_ref_idc: 1
[h264 @ 0x55b45f308fc0] nal_unit_type: 1(Coded slice of a non-IDR picture), nal_ref_idc: 1
[h264 @ 0x55b45f308fc0] ct_type:0 pic_struct:0
[NULL @ 0x55b45f2de1c0] ct_type:0 pic_struct:0
[h264 @ 0x55b45f423f40] nal_unit_type: 9(AUD), nal_ref_idc: 0
[h264 @ 0x55b45f423f40] nal_unit_type: 6(SEI), nal_ref_idc: 0
[h264 @ 0x55b45f423f40] nal_unit_type: 1(Coded slice of a non-IDR picture), nal_ref_idc: 0
[h264 @ 0x55b45f423f40] nal_unit_type: 1(Coded slice of a non-IDR picture), nal_ref_idc: 0
[h264 @ 0x55b45f423f40] ct_type:0 pic_struct:0
[NULL @ 0x55b45f2de1c0] ct_type:0 pic_struct:0
[h264 @ 0x55b45f2febc0] nal_unit_type: 9(AUD), nal_ref_idc: 0
[h264 @ 0x55b45f2febc0] nal_unit_type: 6(SEI), nal_ref_idc: 0
[NULL @ 0x55b45f2de1c0] ct_type:0 pic_struct:0
[h264 @ 0x55b45f2febc0] nal_unit_type: 1(Coded slice of a non-IDR picture), nal_ref_idc: 0
[h264 @ 0x55b45f2febc0] nal_unit_type: 1(Coded slice of a non-IDR picture), nal_ref_idc: 0
[h264 @ 0x55b45f2febc0] ct_type:0 pic_struct:0
[h264 @ 0x55b45f38be80] nal_unit_type: 9(AUD), nal_ref_idc: 0
[h264 @ 0x55b45f38be80] nal_unit_type: 6(SEI), nal_ref_idc: 0
[h264 @ 0x55b45f38be80] nal_unit_type: 1(Coded slice of a non-IDR picture), nal_ref_idc: 1
[h264 @ 0x55b45f38be80] nal_unit_type: 1(Coded slice of a non-IDR picture), nal_ref_idc: 1
[h264 @ 0x55b45f38be80] ct_type:0 pic_struct:0
[h264 @ 0x55b45f394b40] nal_unit_type: 9(AUD), nal_ref_idc: 0
[h264 @ 0x55b45f394b40] nal_unit_type: 6(SEI), nal_ref_idc: 0
[h264 @ 0x55b45f394b40] nal_unit_type: 1(Coded slice of a non-IDR picture), nal_ref_idc: 1
[h264 @ 0x55b45f394b40] nal_unit_type: 1(Coded slice of a non-IDR picture), nal_ref_idc: 1
[h264 @ 0x55b45f394b40] ct_type:0 pic_struct:0
[NULL @ 0x55b45f2de1c0] ct_type:0 pic_struct:0
[NULL @ 0x55b45f2de1c0] Decoding VUI
[h264 @ 0x55b45f308fc0] nal_unit_type: 9(AUD), nal_ref_idc: 0
[h264 @ 0x55b45f308fc0] nal_unit_type: 6(SEI), nal_ref_idc: 0
[h264 @ 0x55b45f308fc0] nal_unit_type: 1(Coded slice of a non-IDR picture), nal_ref_idc: 0
[h264 @ 0x55b45f308fc0] nal_unit_type: 1(Coded slice of a non-IDR picture), nal_ref_idc: 0
[h264 @ 0x55b45f308fc0] ct_type:0 pic_struct:0
[NULL @ 0x55b45f2de1c0] ct_type:0 pic_struct:0
[NULL @ 0x55b45f2de1c0] ct_type:0 pic_struct:0
[NULL @ 0x55b45f2de1c0] ct_type:0 pic_struct:0
[h264 @ 0x55b45f423f40] nal_unit_type: 9(AUD), nal_ref_idc: 0
[h264 @ 0x55b45f423f40] nal_unit_type: 7(SPS), nal_ref_idc: 3
[h264 @ 0x55b45f423f40] nal_unit_type: 8(PPS), nal_ref_idc: 3
[h264 @ 0x55b45f423f40] nal_unit_type: 6(SEI), nal_ref_idc: 0
[h264 @ 0x55b45f423f40] nal_unit_type: 6(SEI), nal_ref_idc: 0
[h264 @ 0x55b45f423f40] nal_unit_type: 5(IDR), nal_ref_idc: 1
[h264 @ 0x55b45f423f40] nal_unit_type: 5(IDR), nal_ref_idc: 1
[h264 @ 0x55b45f423f40] Decoding VUI
[h264 @ 0x55b45f423f40] ct_type:0 pic_struct:0
[h264 @ 0x55b45f2febc0] nal_unit_type: 9(AUD), nal_ref_idc: 0
[h264 @ 0x55b45f2febc0] nal_unit_type: 6(SEI), nal_ref_idc: 0
[h264 @ 0x55b45f2febc0] nal_unit_type: 1(Coded slice of a non-IDR picture), nal_ref_idc: 1
[h264 @ 0x55b45f2febc0] nal_unit_type: 1(Coded slice of a non-IDR picture), nal_ref_idc: 1
[NULL @ 0x55b45f2de1c0] ct_type:0 pic_struct:0
[h264 @ 0x55b45f2febc0] ct_type:0 pic_struct:0
[h264 @ 0x55b45f38be80] nal_unit_type: 9(AUD), nal_ref_idc: 0
[h264 @ 0x55b45f38be80] nal_unit_type: 6(SEI), nal_ref_idc: 0
[h264 @ 0x55b45f38be80] nal_unit_type: 1(Coded slice of a non-IDR picture), nal_ref_idc: 1
[h264 @ 0x55b45f38be80] nal_unit_type: 1(Coded slice of a non-IDR picture), nal_ref_idc: 1
[h264 @ 0x55b45f38be80] ct_type:0 pic_struct:0
[NULL @ 0x55b45f2de1c0] ct_type:0 pic_struct:0
[h264 @ 0x55b45f394b40] nal_unit_type: 9(AUD), nal_ref_idc: 0
[h264 @ 0x55b45f394b40] nal_unit_type: 6(SEI), nal_ref_idc: 0
[h264 @ 0x55b45f394b40] nal_unit_type: 1(Coded slice of a non-IDR picture), nal_ref_idc: 0
[h264 @ 0x55b45f394b40] nal_unit_type: 1(Coded slice of a non-IDR picture), nal_ref_idc: 0
[h264 @ 0x55b45f394b40] ct_type:0 pic_struct:0
[h264 @ 0x55b45f308fc0] nal_unit_type: 9(AUD), nal_ref_idc: 0
[h264 @ 0x55b45f308fc0] nal_unit_type: 6(SEI), nal_ref_idc: 0
[h264 @ 0x55b45f308fc0] nal_unit_type: 1(Coded slice of a non-IDR picture), nal_ref_idc: 0
[h264 @ 0x55b45f308fc0] nal_unit_type: 1(Coded slice of a non-IDR picture), nal_ref_idc: 0
[h264 @ 0x55b45f308fc0] ct_type:0 pic_struct:0
[NULL @ 0x55b45f2de1c0] ct_type:0 pic_struct:0
[NULL @ 0x55b45f2de1c0] ct_type:0 pic_struct:0
[h264 @ 0x55b45f423f40] nal_unit_type: 9(AUD), nal_ref_idc: 0
[h264 @ 0x55b45f423f40] nal_unit_type: 6(SEI), nal_ref_idc: 0
[h264 @ 0x55b45f423f40] nal_unit_type: 1(Coded slice of a non-IDR picture), nal_ref_idc: 1
[h264 @ 0x55b45f423f40] nal_unit_type: 1(Coded slice of a non-IDR picture), nal_ref_idc: 1
[NULL @ 0x55b45f2de1c0] ct_type:0 pic_struct:0
[h264 @ 0x55b45f423f40] ct_type:0 pic_struct:0
[h264 @ 0x55b45f2febc0] nal_unit_type: 9(AUD), nal_ref_idc: 0
[h264 @ 0x55b45f2febc0] nal_unit_type: 6(SEI), nal_ref_idc: 0
[h264 @ 0x55b45f2febc0] nal_unit_type: 1(Coded slice of a non-IDR picture), nal_ref_idc: 1
[h264 @ 0x55b45f2febc0] nal_unit_type: 1(Coded slice of a non-IDR picture), nal_ref_idc: 1
[h264 @ 0x55b45f2febc0] ct_type:0 pic_struct:0
[NULL @ 0x55b45f2de1c0] ct_type:0 pic_struct:0
[h264 @ 0x55b45f38be80] nal_unit_type: 9(AUD), nal_ref_idc: 0
[h264 @ 0x55b45f38be80] nal_unit_type: 6(SEI), nal_ref_idc: 0
[h264 @ 0x55b45f38be80] nal_unit_type: 1(Coded slice of a non-IDR picture), nal_ref_idc: 0
[h264 @ 0x55b45f38be80] nal_unit_type: 1(Coded slice of a non-IDR picture), nal_ref_idc: 0
[NULL @ 0x55b45f2de1c0] ct_type:0 pic_struct:0
[h264 @ 0x55b45f38be80] ct_type:0 pic_struct:0
[h264 @ 0x55b45f394b40] nal_unit_type: 9(AUD), nal_ref_idc: 0
[h264 @ 0x55b45f394b40] nal_unit_type: 6(SEI), nal_ref_idc: 0
[h264 @ 0x55b45f394b40] nal_unit_type: 1(Coded slice of a non-IDR picture), nal_ref_idc: 0
[h264 @ 0x55b45f394b40] nal_unit_type: 1(Coded slice of a non-IDR picture), nal_ref_idc: 0
[h264 @ 0x55b45f394b40] ct_type:0 pic_struct:0
[NULL @ 0x55b45f2de1c0] ct_type:0 pic_struct:0
[h264 @ 0x55b45f308fc0] nal_unit_type: 9(AUD), nal_ref_idc: 0
[h264 @ 0x55b45f308fc0] nal_unit_type: 6(SEI), nal_ref_idc: 0
[h264 @ 0x55b45f308fc0] nal_unit_type: 1(Coded slice of a non-IDR picture), nal_ref_idc: 1
[h264 @ 0x55b45f308fc0] nal_unit_type: 1(Coded slice of a non-IDR picture), nal_ref_idc: 1
[h264 @ 0x55b45f308fc0] ct_type:0 pic_struct:0
[NULL @ 0x55b45f2de1c0] ct_type:0 pic_struct:0
[h264 @ 0x55b45f423f40] nal_unit_type: 9(AUD), nal_ref_idc: 0
[h264 @ 0x55b45f423f40] nal_unit_type: 6(SEI), nal_ref_idc: 0
[h264 @ 0x55b45f423f40] nal_unit_type: 1(Coded slice of a non-IDR picture), nal_ref_idc: 1
[h264 @ 0x55b45f423f40] nal_unit_type: 1(Coded slice of a non-IDR picture), nal_ref_idc: 1
[h264 @ 0x55b45f423f40] ct_type:0 pic_struct:0
[NULL @ 0x55b45f2de1c0] ct_type:0 pic_struct:0
[h264 @ 0x55b45f2febc0] nal_unit_type: 9(AUD), nal_ref_idc: 0
[h264 @ 0x55b45f2febc0] nal_unit_type: 6(SEI), nal_ref_idc: 0
[h264 @ 0x55b45f2febc0] nal_unit_type: 1(Coded slice of a non-IDR picture), nal_ref_idc: 0
[h264 @ 0x55b45f2febc0] nal_unit_type: 1(Coded slice of a non-IDR picture), nal_ref_idc: 0
[h264 @ 0x55b45f2febc0] ct_type:0 pic_struct:0
[NULL @ 0x55b45f2de1c0] ct_type:0 pic_struct:0
[h264 @ 0x55b45f38be80] nal_unit_type: 9(AUD), nal_ref_idc: 0
[h264 @ 0x55b45f38be80] nal_unit_type: 6(SEI), nal_ref_idc: 0
[h264 @ 0x55b45f38be80] nal_unit_type: 1(Coded slice of a non-IDR picture), nal_ref_idc: 0
[h264 @ 0x55b45f38be80] nal_unit_type: 1(Coded slice of a non-IDR picture), nal_ref_idc: 0
[NULL @ 0x55b45f2de1c0] ct_type:0 pic_struct:0
[h264 @ 0x55b45f38be80] ct_type:0 pic_struct:0
[h264 @ 0x55b45f394b40] nal_unit_type: 9(AUD), nal_ref_idc: 0
[h264 @ 0x55b45f394b40] nal_unit_type: 6(SEI), nal_ref_idc: 0
[h264 @ 0x55b45f394b40] nal_unit_type: 1(Coded slice of a non-IDR picture), nal_ref_idc: 1
[h264 @ 0x55b45f394b40] nal_unit_type: 1(Coded slice of a non-IDR picture), nal_ref_idc: 1
[h264 @ 0x55b45f394b40] ct_type:0 pic_struct:0
[NULL @ 0x55b45f2de1c0] ct_type:0 pic_struct:0
[h264 @ 0x55b45f308fc0] nal_unit_type: 9(AUD), nal_ref_idc: 0
[h264 @ 0x55b45f308fc0] nal_unit_type: 6(SEI), nal_ref_idc: 0
[h264 @ 0x55b45f308fc0] nal_unit_type: 1(Coded slice of a non-IDR picture), nal_ref_idc: 1
[h264 @ 0x55b45f308fc0] nal_unit_type: 1(Coded slice of a non-IDR picture), nal_ref_idc: 1
[h264 @ 0x55b45f308fc0] ct_type:0 pic_struct:0
[h264 @ 0x55b45f423f40] nal_unit_type: 9(AUD), nal_ref_idc: 0
[h264 @ 0x55b45f423f40] nal_unit_type: 6(SEI), nal_ref_idc: 0
[h264 @ 0x55b45f423f40] nal_unit_type: 1(Coded slice of a non-IDR picture), nal_ref_idc: 0
[h264 @ 0x55b45f423f40] nal_unit_type: 1(Coded slice of a non-IDR picture), nal_ref_idc: 0
[h264 @ 0x55b45f423f40] ct_type:0 pic_struct:0
[NULL @ 0x55b45f2de1c0] ct_type:0 pic_struct:0
[NULL @ 0x55b45f2de1c0] ct_type:0 pic_struct:0
[h264 @ 0x55b45f2febc0] nal_unit_type: 9(AUD), nal_ref_idc: 0
[h264 @ 0x55b45f2febc0] nal_unit_type: 6(SEI), nal_ref_idc: 0
[h264 @ 0x55b45f2febc0] nal_unit_type: 1(Coded slice of a non-IDR picture), nal_ref_idc: 0
[h264 @ 0x55b45f2febc0] nal_unit_type: 1(Coded slice of a non-IDR picture), nal_ref_idc: 0
[h264 @ 0x55b45f2febc0] ct_type:0 pic_struct:0
[NULL @ 0x55b45f2de1c0] ct_type:0 pic_struct:0
[NULL @ 0x55b45f2de1c0] ct_type:0 pic_struct:0
[h264 @ 0x55b45f38be80] nal_unit_type: 9(AUD), nal_ref_idc: 0
[h264 @ 0x55b45f38be80] nal_unit_type: 6(SEI), nal_ref_idc: 0
[h264 @ 0x55b45f38be80] nal_unit_type: 1(Coded slice of a non-IDR picture), nal_ref_idc: 1
[h264 @ 0x55b45f38be80] nal_unit_type: 1(Coded slice of a non-IDR picture), nal_ref_idc: 1
[h264 @ 0x55b45f38be80] ct_type:0 pic_struct:0
[h264 @ 0x55b45f394b40] nal_unit_type: 9(AUD), nal_ref_idc: 0
[h264 @ 0x55b45f394b40] nal_unit_type: 6(SEI), nal_ref_idc: 0
[h264 @ 0x55b45f394b40] nal_unit_type: 1(Coded slice of a non-IDR picture), nal_ref_idc: 1
[h264 @ 0x55b45f394b40] nal_unit_type: 1(Coded slice of a non-IDR picture), nal_ref_idc: 1
[h264 @ 0x55b45f394b40] ct_type:0 pic_struct:0
[NULL @ 0x55b45f2de1c0] ct_type:0 pic_struct:0
[h264 @ 0x55b45f308fc0] nal_unit_type: 9(AUD), nal_ref_idc: 0
[h264 @ 0x55b45f308fc0] nal_unit_type: 6(SEI), nal_ref_idc: 0
[h264 @ 0x55b45f308fc0] nal_unit_type: 1(Coded slice of a non-IDR picture), nal_ref_idc: 0
[h264 @ 0x55b45f308fc0] nal_unit_type: 1(Coded slice of a non-IDR picture), nal_ref_idc: 0
[h264 @ 0x55b45f308fc0] ct_type:0 pic_struct:0
[NULL @ 0x55b45f2de1c0] ct_type:0 pic_struct:0
[h264 @ 0x55b45f423f40] nal_unit_type: 9(AUD), nal_ref_idc: 0
[h264 @ 0x55b45f423f40] nal_unit_type: 6(SEI), nal_ref_idc: 0
[h264 @ 0x55b45f423f40] nal_unit_type: 1(Coded slice of a non-IDR picture), nal_ref_idc: 0
[h264 @ 0x55b45f423f40] nal_unit_type: 1(Coded slice of a non-IDR picture), nal_ref_idc: 0
[h264 @ 0x55b45f423f40] ct_type:0 pic_struct:0
[NULL @ 0x55b45f2de1c0] ct_type:0 pic_struct:0
[NULL @ 0x55b45f2de1c0] ct_type:0 pic_struct:0
[h264 @ 0x55b45f2febc0] nal_unit_type: 9(AUD), nal_ref_idc: 0
[h264 @ 0x55b45f2febc0] nal_unit_type: 6(SEI), nal_ref_idc: 0
[h264 @ 0x55b45f2febc0] nal_unit_type: 1(Coded slice of a non-IDR picture), nal_ref_idc: 1
[h264 @ 0x55b45f2febc0] nal_unit_type: 1(Coded slice of a non-IDR picture), nal_ref_idc: 1
[h264 @ 0x55b45f2febc0] ct_type:0 pic_struct:0
[h264 @ 0x55b45f38be80] nal_unit_type: 9(AUD), nal_ref_idc: 0
[h264 @ 0x55b45f38be80] nal_unit_type: 6(SEI), nal_ref_idc: 0
[h264 @ 0x55b45f38be80] nal_unit_type: 1(Coded slice of a non-IDR picture), nal_ref_idc: 1
[h264 @ 0x55b45f38be80] nal_unit_type: 1(Coded slice of a non-IDR picture), nal_ref_idc: 1
[h264 @ 0x55b45f38be80] ct_type:0 pic_struct:0
[NULL @ 0x55b45f2de1c0] ct_type:0 pic_struct:0
[h264 @ 0x55b45f394b40] nal_unit_type: 9(AUD), nal_ref_idc: 0
[h264 @ 0x55b45f394b40] nal_unit_type: 6(SEI), nal_ref_idc: 0
[h264 @ 0x55b45f394b40] nal_unit_type: 1(Coded slice of a non-IDR picture), nal_ref_idc: 0
[h264 @ 0x55b45f394b40] nal_unit_type: 1(Coded slice of a non-IDR picture), nal_ref_idc: 0
[h264 @ 0x55b45f394b40] ct_type:0 pic_struct:0
[NULL @ 0x55b45f2de1c0] ct_type:0 pic_struct:0
[h264 @ 0x55b45f308fc0] nal_unit_type: 9(AUD), nal_ref_idc: 0
[h264 @ 0x55b45f308fc0] nal_unit_type: 6(SEI), nal_ref_idc: 0
[h264 @ 0x55b45f308fc0] nal_unit_type: 1(Coded slice of a non-IDR picture), nal_ref_idc: 0
[h264 @ 0x55b45f308fc0] nal_unit_type: 1(Coded slice of a non-IDR picture), nal_ref_idc: 0
[h264 @ 0x55b45f308fc0] ct_type:0 pic_struct:0
[NULL @ 0x55b45f2de1c0] ct_type:0 pic_struct:0
[h264 @ 0x55b45f423f40] nal_unit_type: 9(AUD), nal_ref_idc: 0
[h264 @ 0x55b45f423f40] nal_unit_type: 6(SEI), nal_ref_idc: 0
[h264 @ 0x55b45f423f40] nal_unit_type: 1(Coded slice of a non-IDR picture), nal_ref_idc: 1
[h264 @ 0x55b45f423f40] nal_unit_type: 1(Coded slice of a non-IDR picture), nal_ref_idc: 1
[h264 @ 0x55b45f423f40] ct_type:0 pic_struct:0
[NULL @ 0x55b45f2de1c0] ct_type:0 pic_struct:0
[h264 @ 0x55b45f2febc0] nal_unit_type: 9(AUD), nal_ref_idc: 0
[h264 @ 0x55b45f2febc0] nal_unit_type: 6(SEI), nal_ref_idc: 0
[h264 @ 0x55b45f2febc0] nal_unit_type: 1(Coded slice of a non-IDR picture), nal_ref_idc: 1
[h264 @ 0x55b45f2febc0] nal_unit_type: 1(Coded slice of a non-IDR picture), nal_ref_idc: 1
[h264 @ 0x55b45f2febc0] ct_type:0 pic_struct:0
[h264 @ 0x55b45f38be80] nal_unit_type: 9(AUD), nal_ref_idc: 0
[h264 @ 0x55b45f38be80] nal_unit_type: 6(SEI), nal_ref_idc: 0
[h264 @ 0x55b45f38be80] nal_unit_type: 1(Coded slice of a non-IDR picture), nal_ref_idc: 0
[h264 @ 0x55b45f38be80] nal_unit_type: 1(Coded slice of a non-IDR picture), nal_ref_idc: 0
[h264 @ 0x55b45f38be80] ct_type:0 pic_struct:0
[NULL @ 0x55b45f2de1c0] ct_type:0 pic_struct:0
[NULL @ 0x55b45f2de1c0] ct_type:0 pic_struct:0
[h264 @ 0x55b45f394b40] nal_unit_type: 9(AUD), nal_ref_idc: 0
[h264 @ 0x55b45f394b40] nal_unit_type: 6(SEI), nal_ref_idc: 0
[h264 @ 0x55b45f394b40] nal_unit_type: 1(Coded slice of a non-IDR picture), nal_ref_idc: 0
[h264 @ 0x55b45f394b40] nal_unit_type: 1(Coded slice of a non-IDR picture), nal_ref_idc: 0
[h264 @ 0x55b45f394b40] ct_type:0 pic_struct:0
[NULL @ 0x55b45f2de1c0] ct_type:0 pic_struct:0
[h264 @ 0x55b45f308fc0] nal_unit_type: 9(AUD), nal_ref_idc: 0
[h264 @ 0x55b45f308fc0] nal_unit_type: 6(SEI), nal_ref_idc: 0
[h264 @ 0x55b45f308fc0] nal_unit_type: 1(Coded slice of a non-IDR picture), nal_ref_idc: 1
[h264 @ 0x55b45f308fc0] nal_unit_type: 1(Coded slice of a non-IDR picture), nal_ref_idc: 1
[h264 @ 0x55b45f308fc0] ct_type:0 pic_struct:0
[NULL @ 0x55b45f2de1c0] ct_type:0 pic_struct:0
[h264 @ 0x55b45f423f40] nal_unit_type: 9(AUD), nal_ref_idc: 0
[h264 @ 0x55b45f423f40] nal_unit_type: 6(SEI), nal_ref_idc: 0
[h264 @ 0x55b45f423f40] nal_unit_type: 1(Coded slice of a non-IDR picture), nal_ref_idc: 1
[h264 @ 0x55b45f423f40] nal_unit_type: 1(Coded slice of a non-IDR picture), nal_ref_idc: 1
[h264 @ 0x55b45f423f40] ct_type:0 pic_struct:0
[NULL @ 0x55b45f2de1c0] ct_type:0 pic_struct:0
[h264 @ 0x55b45f2febc0] nal_unit_type: 9(AUD), nal_ref_idc: 0
[h264 @ 0x55b45f2febc0] nal_unit_type: 6(SEI), nal_ref_idc: 0
[h264 @ 0x55b45f2febc0] nal_unit_type: 1(Coded slice of a non-IDR picture), nal_ref_idc: 0
[h264 @ 0x55b45f2febc0] nal_unit_type: 1(Coded slice of a non-IDR picture), nal_ref_idc: 0
[h264 @ 0x55b45f2febc0] ct_type:0 pic_struct:0
[NULL @ 0x55b45f2de1c0] ct_type:0 pic_struct:0
[h264 @ 0x55b45f38be80] nal_unit_type: 9(AUD), nal_ref_idc: 0
[h264 @ 0x55b45f38be80] nal_unit_type: 6(SEI), nal_ref_idc: 0
[h264 @ 0x55b45f38be80] nal_unit_type: 1(Coded slice of a non-IDR picture), nal_ref_idc: 0
[h264 @ 0x55b45f38be80] nal_unit_type: 1(Coded slice of a non-IDR picture), nal_ref_idc: 0
[h264 @ 0x55b45f38be80] ct_type:0 pic_struct:0
[NULL @ 0x55b45f2de1c0] ct_type:0 pic_struct:0
[h264 @ 0x55b45f394b40] nal_unit_type: 9(AUD), nal_ref_idc: 0
[h264 @ 0x55b45f394b40] nal_unit_type: 6(SEI), nal_ref_idc: 0
[h264 @ 0x55b45f394b40] nal_unit_type: 1(Coded slice of a non-IDR picture), nal_ref_idc: 1
[h264 @ 0x55b45f394b40] nal_unit_type: 1(Coded slice of a non-IDR picture), nal_ref_idc: 1
[h264 @ 0x55b45f394b40] ct_type:0 pic_struct:0
[NULL @ 0x55b45f2de1c0] ct_type:0 pic_struct:0
[NULL @ 0x55b45f2de1c0] ct_type:0 pic_struct:0
[h264 @ 0x55b45f308fc0] nal_unit_type: 9(AUD), nal_ref_idc: 0
[h264 @ 0x55b45f308fc0] nal_unit_type: 6(SEI), nal_ref_idc: 0
[h264 @ 0x55b45f308fc0] nal_unit_type: 1(Coded slice of a non-IDR picture), nal_ref_idc: 1
[h264 @ 0x55b45f308fc0] nal_unit_type: 1(Coded slice of a non-IDR picture), nal_ref_idc: 1
[h264 @ 0x55b45f308fc0] ct_type:0 pic_struct:0
[h264 @ 0x55b45f423f40] nal_unit_type: 9(AUD), nal_ref_idc: 0
[h264 @ 0x55b45f423f40] nal_unit_type: 6(SEI), nal_ref_idc: 0
[h264 @ 0x55b45f423f40] nal_unit_type: 1(Coded slice of a non-IDR picture), nal_ref_idc: 0
[h264 @ 0x55b45f423f40] nal_unit_type: 1(Coded slice of a non-IDR picture), nal_ref_idc: 0
[h264 @ 0x55b45f423f40] ct_type:0 pic_struct:0
[h264 @ 0x55b45f2febc0] nal_unit_type: 9(AUD), nal_ref_idc: 0
[h264 @ 0x55b45f2febc0] nal_unit_type: 6(SEI), nal_ref_idc: 0
[h264 @ 0x55b45f2febc0] nal_unit_type: 1(Coded slice of a non-IDR picture), nal_ref_idc: 0
[h264 @ 0x55b45f2febc0] nal_unit_type: 1(Coded slice of a non-IDR picture), nal_ref_idc: 0
[h264 @ 0x55b45f2febc0] ct_type:0 pic_struct:0
[NULL @ 0x55b45f2de1c0] ct_type:0 pic_struct:0
[NULL @ 0x55b45f2de1c0] ct_type:0 pic_struct:0
[h264 @ 0x55b45f38be80] nal_unit_type: 9(AUD), nal_ref_idc: 0
[h264 @ 0x55b45f38be80] nal_unit_type: 6(SEI), nal_ref_idc: 0
[h264 @ 0x55b45f38be80] nal_unit_type: 1(Coded slice of a non-IDR picture), nal_ref_idc: 1
[h264 @ 0x55b45f38be80] nal_unit_type: 1(Coded slice of a non-IDR picture), nal_ref_idc: 1
[h264 @ 0x55b45f38be80] ct_type:0 pic_struct:0
[h264 @ 0x55b45f394b40] nal_unit_type: 9(AUD), nal_ref_idc: 0
[h264 @ 0x55b45f394b40] nal_unit_type: 6(SEI), nal_ref_idc: 0
[h264 @ 0x55b45f394b40] nal_unit_type: 1(Coded slice of a non-IDR picture), nal_ref_idc: 1
[h264 @ 0x55b45f394b40] nal_unit_type: 1(Coded slice of a non-IDR picture), nal_ref_idc: 1
[h264 @ 0x55b45f394b40] ct_type:0 pic_struct:0
[NULL @ 0x55b45f2de1c0] ct_type:0 pic_struct:0
[NULL @ 0x55b45f2de1c0] ct_type:0 pic_struct:0
[h264 @ 0x55b45f308fc0] nal_unit_type: 9(AUD), nal_ref_idc: 0
[h264 @ 0x55b45f308fc0] nal_unit_type: 6(SEI), nal_ref_idc: 0
[h264 @ 0x55b45f308fc0] nal_unit_type: 1(Coded slice of a non-IDR picture), nal_ref_idc: 0
[h264 @ 0x55b45f308fc0] nal_unit_type: 1(Coded slice of a non-IDR picture), nal_ref_idc: 0
[h264 @ 0x55b45f308fc0] ct_type:0 pic_struct:0
[NULL @ 0x55b45f2de1c0] ct_type:0 pic_struct:0
[NULL @ 0x55b45f2de1c0] ct_type:0 pic_struct:0
[h264 @ 0x55b45f423f40] nal_unit_type: 9(AUD), nal_ref_idc: 0
[h264 @ 0x55b45f423f40] nal_unit_type: 6(SEI), nal_ref_idc: 0
[h264 @ 0x55b45f423f40] nal_unit_type: 1(Coded slice of a non-IDR picture), nal_ref_idc: 0
[h264 @ 0x55b45f423f40] nal_unit_type: 1(Coded slice of a non-IDR picture), nal_ref_idc: 0
[h264 @ 0x55b45f423f40] ct_type:0 pic_struct:0
[h264 @ 0x55b45f2febc0] nal_unit_type: 9(AUD), nal_ref_idc: 0
[h264 @ 0x55b45f2febc0] nal_unit_type: 6(SEI), nal_ref_idc: 0
[h264 @ 0x55b45f2febc0] nal_unit_type: 1(Coded slice of a non-IDR picture), nal_ref_idc: 1
[h264 @ 0x55b45f2febc0] nal_unit_type: 1(Coded slice of a non-IDR picture), nal_ref_idc: 1
[h264 @ 0x55b45f2febc0] ct_type:0 pic_struct:0
[NULL @ 0x55b45f2de1c0] ct_type:0 pic_struct:0
[h264 @ 0x55b45f38be80] nal_unit_type: 9(AUD), nal_ref_idc: 0
[h264 @ 0x55b45f38be80] nal_unit_type: 6(SEI), nal_ref_idc: 0
[h264 @ 0x55b45f38be80] nal_unit_type: 1(Coded slice of a non-IDR picture), nal_ref_idc: 1
[h264 @ 0x55b45f38be80] nal_unit_type: 1(Coded slice of a non-IDR picture), nal_ref_idc: 1
[h264 @ 0x55b45f38be80] ct_type:0 pic_struct:0
frame=  228 fps=0.0 q=-0.0 size=N/A time=00:00:04.65 bitrate=N/A speed=9.09x    [NULL @ 0x55b45f2de1c0] ct_type:0 pic_struct:0
[h264 @ 0x55b45f394b40] nal_unit_type: 9(AUD), nal_ref_idc: 0
[h264 @ 0x55b45f394b40] nal_unit_type: 6(SEI), nal_ref_idc: 0
[h264 @ 0x55b45f394b40] nal_unit_type: 1(Coded slice of a non-IDR picture), nal_ref_idc: 0
[h264 @ 0x55b45f394b40] nal_unit_type: 1(Coded slice of a non-IDR picture), nal_ref_idc: 0
[h264 @ 0x55b45f394b40] ct_type:0 pic_struct:0
[NULL @ 0x55b45f2de1c0] ct_type:0 pic_struct:0
[h264 @ 0x55b45f308fc0] nal_unit_type: 9(AUD), nal_ref_idc: 0
[h264 @ 0x55b45f308fc0] nal_unit_type: 6(SEI), nal_ref_idc: 0
[h264 @ 0x55b45f308fc0] nal_unit_type: 1(Coded slice of a non-IDR picture), nal_ref_idc: 0
[h264 @ 0x55b45f308fc0] nal_unit_type: 1(Coded slice of a non-IDR picture), nal_ref_idc: 0
[h264 @ 0x55b45f308fc0] ct_type:0 pic_struct:0
[NULL @ 0x55b45f2de1c0] ct_type:0 pic_struct:0
[h264 @ 0x55b45f423f40] nal_unit_type: 9(AUD), nal_ref_idc: 0
[h264 @ 0x55b45f423f40] nal_unit_type: 6(SEI), nal_ref_idc: 0
[h264 @ 0x55b45f423f40] nal_unit_type: 1(Coded slice of a non-IDR picture), nal_ref_idc: 1
[h264 @ 0x55b45f423f40] nal_unit_type: 1(Coded slice of a non-IDR picture), nal_ref_idc: 1
[h264 @ 0x55b45f423f40] ct_type:0 pic_struct:0
[h264 @ 0x55b45f2febc0] nal_unit_type: 9(AUD), nal_ref_idc: 0
[h264 @ 0x55b45f2febc0] nal_unit_type: 6(SEI), nal_ref_idc: 0
[h264 @ 0x55b45f2febc0] nal_unit_type: 1(Coded slice of a non-IDR picture), nal_ref_idc: 1
[h264 @ 0x55b45f2febc0] nal_unit_type: 1(Coded slice of a non-IDR picture), nal_ref_idc: 1
[h264 @ 0x55b45f2febc0] ct_type:0 pic_struct:0
[NULL @ 0x55b45f2de1c0] ct_type:0 pic_struct:0
[NULL @ 0x55b45f2de1c0] ct_type:0 pic_struct:0
[h264 @ 0x55b45f38be80] nal_unit_type: 9(AUD), nal_ref_idc: 0
[h264 @ 0x55b45f38be80] nal_unit_type: 6(SEI), nal_ref_idc: 0
[h264 @ 0x55b45f38be80] nal_unit_type: 1(Coded slice of a non-IDR picture), nal_ref_idc: 0
[h264 @ 0x55b45f38be80] nal_unit_type: 1(Coded slice of a non-IDR picture), nal_ref_idc: 0
[h264 @ 0x55b45f38be80] ct_type:0 pic_struct:0
[h264 @ 0x55b45f394b40] nal_unit_type: 9(AUD), nal_ref_idc: 0
[h264 @ 0x55b45f394b40] nal_unit_type: 6(SEI), nal_ref_idc: 0
[h264 @ 0x55b45f394b40] nal_unit_type: 1(Coded slice of a non-IDR picture), nal_ref_idc: 0
[h264 @ 0x55b45f394b40] nal_unit_type: 1(Coded slice of a non-IDR picture), nal_ref_idc: 0
[h264 @ 0x55b45f394b40] ct_type:0 pic_struct:0
[NULL @ 0x55b45f2de1c0] ct_type:0 pic_struct:0
[NULL @ 0x55b45f2de1c0] ct_type:0 pic_struct:0
[NULL @ 0x55b45f2de1c0] ct_type:0 pic_struct:0
[h264 @ 0x55b45f308fc0] nal_unit_type: 9(AUD), nal_ref_idc: 0
[h264 @ 0x55b45f308fc0] nal_unit_type: 6(SEI), nal_ref_idc: 0
[h264 @ 0x55b45f308fc0] nal_unit_type: 1(Coded slice of a non-IDR picture), nal_ref_idc: 1
[h264 @ 0x55b45f308fc0] nal_unit_type: 1(Coded slice of a non-IDR picture), nal_ref_idc: 1
[h264 @ 0x55b45f308fc0] ct_type:0 pic_struct:0
[h264 @ 0x55b45f423f40] nal_unit_type: 9(AUD), nal_ref_idc: 0
[h264 @ 0x55b45f423f40] nal_unit_type: 6(SEI), nal_ref_idc: 0
[h264 @ 0x55b45f423f40] nal_unit_type: 1(Coded slice of a non-IDR picture), nal_ref_idc: 1
[h264 @ 0x55b45f423f40] nal_unit_type: 1(Coded slice of a non-IDR picture), nal_ref_idc: 1
[h264 @ 0x55b45f423f40] ct_type:0 pic_struct:0
[h264 @ 0x55b45f2febc0] nal_unit_type: 9(AUD), nal_ref_idc: 0
[h264 @ 0x55b45f2febc0] nal_unit_type: 6(SEI), nal_ref_idc: 0
[h264 @ 0x55b45f2febc0] nal_unit_type: 1(Coded slice of a non-IDR picture), nal_ref_idc: 0
[h264 @ 0x55b45f2febc0] nal_unit_type: 1(Coded slice of a non-IDR picture), nal_ref_idc: 0
[h264 @ 0x55b45f2febc0] ct_type:0 pic_struct:0
[NULL @ 0x55b45f2de1c0] ct_type:0 pic_struct:0
[NULL @ 0x55b45f2de1c0] ct_type:0 pic_struct:0
[NULL @ 0x55b45f2de1c0] ct_type:0 pic_struct:0
[h264 @ 0x55b45f38be80] nal_unit_type: 9(AUD), nal_ref_idc: 0
[h264 @ 0x55b45f38be80] nal_unit_type: 6(SEI), nal_ref_idc: 0
[h264 @ 0x55b45f38be80] nal_unit_type: 1(Coded slice of a non-IDR picture), nal_ref_idc: 0
[h264 @ 0x55b45f38be80] nal_unit_type: 1(Coded slice of a non-IDR picture), nal_ref_idc: 0
[h264 @ 0x55b45f38be80] ct_type:0 pic_struct:0
[h264 @ 0x55b45f394b40] nal_unit_type: 9(AUD), nal_ref_idc: 0
[h264 @ 0x55b45f394b40] nal_unit_type: 6(SEI), nal_ref_idc: 0
[h264 @ 0x55b45f394b40] nal_unit_type: 1(Coded slice of a non-IDR picture), nal_ref_idc: 1
[h264 @ 0x55b45f394b40] nal_unit_type: 1(Coded slice of a non-IDR picture), nal_ref_idc: 1
[h264 @ 0x55b45f394b40] ct_type:0 pic_struct:0
[NULL @ 0x55b45f2de1c0] ct_type:0 pic_struct:0
[h264 @ 0x55b45f308fc0] nal_unit_type: 9(AUD), nal_ref_idc: 0
[h264 @ 0x55b45f308fc0] nal_unit_type: 6(SEI), nal_ref_idc: 0
[h264 @ 0x55b45f308fc0] nal_unit_type: 1(Coded slice of a non-IDR picture), nal_ref_idc: 1
[h264 @ 0x55b45f308fc0] nal_unit_type: 1(Coded slice of a non-IDR picture), nal_ref_idc: 1
[h264 @ 0x55b45f308fc0] ct_type:0 pic_struct:0
[h264 @ 0x55b45f423f40] nal_unit_type: 9(AUD), nal_ref_idc: 0
[h264 @ 0x55b45f423f40] nal_unit_type: 6(SEI), nal_ref_idc: 0
[h264 @ 0x55b45f423f40] nal_unit_type: 1(Coded slice of a non-IDR picture), nal_ref_idc: 0
[h264 @ 0x55b45f423f40] nal_unit_type: 1(Coded slice of a non-IDR picture), nal_ref_idc: 0
[h264 @ 0x55b45f423f40] ct_type:0 pic_struct:0
[NULL @ 0x55b45f2de1c0] ct_type:0 pic_struct:0
[NULL @ 0x55b45f2de1c0] ct_type:0 pic_struct:0
[h264 @ 0x55b45f2febc0] nal_unit_type: 9(AUD), nal_ref_idc: 0
[h264 @ 0x55b45f2febc0] nal_unit_type: 6(SEI), nal_ref_idc: 0
[h264 @ 0x55b45f2febc0] nal_unit_type: 1(Coded slice of a non-IDR picture), nal_ref_idc: 0
[h264 @ 0x55b45f2febc0] nal_unit_type: 1(Coded slice of a non-IDR picture), nal_ref_idc: 0
[h264 @ 0x55b45f2febc0] ct_type:0 pic_struct:0
[NULL @ 0x55b45f2de1c0] ct_type:0 pic_struct:0
[h264 @ 0x55b45f38be80] nal_unit_type: 9(AUD), nal_ref_idc: 0
[h264 @ 0x55b45f38be80] nal_unit_type: 6(SEI), nal_ref_idc: 0
[h264 @ 0x55b45f38be80] nal_unit_type: 1(Coded slice of a non-IDR picture), nal_ref_idc: 1
[h264 @ 0x55b45f38be80] nal_unit_type: 1(Coded slice of a non-IDR picture), nal_ref_idc: 1
[h264 @ 0x55b45f38be80] ct_type:0 pic_struct:0
[NULL @ 0x55b45f2de1c0] ct_type:0 pic_struct:0
[NULL @ 0x55b45f2de1c0] ct_type:0 pic_struct:0
[h264 @ 0x55b45f394b40] nal_unit_type: 9(AUD), nal_ref_idc: 0
[h264 @ 0x55b45f394b40] nal_unit_type: 6(SEI), nal_ref_idc: 0
[h264 @ 0x55b45f394b40] nal_unit_type: 1(Coded slice of a non-IDR picture), nal_ref_idc: 1
[h264 @ 0x55b45f394b40] nal_unit_type: 1(Coded slice of a non-IDR picture), nal_ref_idc: 1
[h264 @ 0x55b45f394b40] ct_type:0 pic_struct:0
[h264 @ 0x55b45f308fc0] nal_unit_type: 9(AUD), nal_ref_idc: 0
[h264 @ 0x55b45f308fc0] nal_unit_type: 6(SEI), nal_ref_idc: 0
[h264 @ 0x55b45f308fc0] nal_unit_type: 1(Coded slice of a non-IDR picture), nal_ref_idc: 0
[h264 @ 0x55b45f308fc0] nal_unit_type: 1(Coded slice of a non-IDR picture), nal_ref_idc: 0
[NULL @ 0x55b45f2de1c0] ct_type:0 pic_struct:0
[h264 @ 0x55b45f308fc0] ct_type:0 pic_struct:0
[h264 @ 0x55b45f423f40] nal_unit_type: 9(AUD), nal_ref_idc: 0
[h264 @ 0x55b45f423f40] nal_unit_type: 6(SEI), nal_ref_idc: 0
[h264 @ 0x55b45f423f40] nal_unit_type: 1(Coded slice of a non-IDR picture), nal_ref_idc: 0
[h264 @ 0x55b45f423f40] nal_unit_type: 1(Coded slice of a non-IDR picture), nal_ref_idc: 0
[h264 @ 0x55b45f423f40] ct_type:0 pic_struct:0
[NULL @ 0x55b45f2de1c0] ct_type:0 pic_struct:0
[h264 @ 0x55b45f2febc0] nal_unit_type: 9(AUD), nal_ref_idc: 0
[h264 @ 0x55b45f2febc0] nal_unit_type: 6(SEI), nal_ref_idc: 0
[h264 @ 0x55b45f2febc0] nal_unit_type: 1(Coded slice of a non-IDR picture), nal_ref_idc: 1
[h264 @ 0x55b45f2febc0] nal_unit_type: 1(Coded slice of a non-IDR picture), nal_ref_idc: 1
[h264 @ 0x55b45f2febc0] ct_type:0 pic_struct:0
[NULL @ 0x55b45f2de1c0] ct_type:0 pic_struct:0
[h264 @ 0x55b45f38be80] nal_unit_type: 9(AUD), nal_ref_idc: 0
[h264 @ 0x55b45f38be80] nal_unit_type: 6(SEI), nal_ref_idc: 0
[h264 @ 0x55b45f38be80] nal_unit_type: 1(Coded slice of a non-IDR picture), nal_ref_idc: 1
[h264 @ 0x55b45f38be80] nal_unit_type: 1(Coded slice of a non-IDR picture), nal_ref_idc: 1
[h264 @ 0x55b45f38be80] ct_type:0 pic_struct:0
[h264 @ 0x55b45f394b40] nal_unit_type: 9(AUD), nal_ref_idc: 0
[h264 @ 0x55b45f394b40] nal_unit_type: 6(SEI), nal_ref_idc: 0
[h264 @ 0x55b45f394b40] nal_unit_type: 1(Coded slice of a non-IDR picture), nal_ref_idc: 0
[h264 @ 0x55b45f394b40] nal_unit_type: 1(Coded slice of a non-IDR picture), nal_ref_idc: 0
[NULL @ 0x55b45f2de1c0] ct_type:0 pic_struct:0
[h264 @ 0x55b45f394b40] ct_type:0 pic_struct:0
[NULL @ 0x55b45f2de1c0] ct_type:0 pic_struct:0
[NULL @ 0x55b45f2de1c0] ct_type:0 pic_struct:0
[h264 @ 0x55b45f308fc0] nal_unit_type: 9(AUD), nal_ref_idc: 0
[h264 @ 0x55b45f308fc0] nal_unit_type: 6(SEI), nal_ref_idc: 0
[h264 @ 0x55b45f308fc0] nal_unit_type: 1(Coded slice of a non-IDR picture), nal_ref_idc: 0
[h264 @ 0x55b45f308fc0] nal_unit_type: 1(Coded slice of a non-IDR picture), nal_ref_idc: 0
[h264 @ 0x55b45f308fc0] ct_type:0 pic_struct:0
[h264 @ 0x55b45f423f40] nal_unit_type: 9(AUD), nal_ref_idc: 0
[h264 @ 0x55b45f423f40] nal_unit_type: 6(SEI), nal_ref_idc: 0
[h264 @ 0x55b45f423f40] nal_unit_type: 1(Coded slice of a non-IDR picture), nal_ref_idc: 1
[h264 @ 0x55b45f423f40] nal_unit_type: 1(Coded slice of a non-IDR picture), nal_ref_idc: 1
[h264 @ 0x55b45f423f40] ct_type:0 pic_struct:0
[h264 @ 0x55b45f2febc0] nal_unit_type: 9(AUD), nal_ref_idc: 0
[h264 @ 0x55b45f2febc0] nal_unit_type: 6(SEI), nal_ref_idc: 0
[h264 @ 0x55b45f2febc0] nal_unit_type: 1(Coded slice of a non-IDR picture), nal_ref_idc: 1
[h264 @ 0x55b45f2febc0] nal_unit_type: 1(Coded slice of a non-IDR picture), nal_ref_idc: 1
[h264 @ 0x55b45f2febc0] ct_type:0 pic_struct:0
[NULL @ 0x55b45f2de1c0] ct_type:0 pic_struct:0
[NULL @ 0x55b45f2de1c0] ct_type:0 pic_struct:0
[h264 @ 0x55b45f38be80] nal_unit_type: 9(AUD), nal_ref_idc: 0
[h264 @ 0x55b45f38be80] nal_unit_type: 6(SEI), nal_ref_idc: 0
[h264 @ 0x55b45f38be80] nal_unit_type: 1(Coded slice of a non-IDR picture), nal_ref_idc: 0
[h264 @ 0x55b45f38be80] nal_unit_type: 1(Coded slice of a non-IDR picture), nal_ref_idc: 0
[h264 @ 0x55b45f38be80] ct_type:0 pic_struct:0
[NULL @ 0x55b45f2de1c0] ct_type:0 pic_struct:0
[h264 @ 0x55b45f394b40] nal_unit_type: 9(AUD), nal_ref_idc: 0
[h264 @ 0x55b45f394b40] nal_unit_type: 6(SEI), nal_ref_idc: 0
[h264 @ 0x55b45f394b40] nal_unit_type: 1(Coded slice of a non-IDR picture), nal_ref_idc: 0
[h264 @ 0x55b45f394b40] nal_unit_type: 1(Coded slice of a non-IDR picture), nal_ref_idc: 0
[h264 @ 0x55b45f394b40] ct_type:0 pic_struct:0
[NULL @ 0x55b45f2de1c0] ct_type:0 pic_struct:0
[h264 @ 0x55b45f308fc0] nal_unit_type: 9(AUD), nal_ref_idc: 0
[h264 @ 0x55b45f308fc0] nal_unit_type: 6(SEI), nal_ref_idc: 0
[h264 @ 0x55b45f308fc0] nal_unit_type: 1(Coded slice of a non-IDR picture), nal_ref_idc: 1
[h264 @ 0x55b45f308fc0] nal_unit_type: 1(Coded slice of a non-IDR picture), nal_ref_idc: 1
[NULL @ 0x55b45f2de1c0] ct_type:0 pic_struct:0
[h264 @ 0x55b45f308fc0] ct_type:0 pic_struct:0
[h264 @ 0x55b45f423f40] nal_unit_type: 9(AUD), nal_ref_idc: 0
[h264 @ 0x55b45f423f40] nal_unit_type: 6(SEI), nal_ref_idc: 0
[h264 @ 0x55b45f423f40] nal_unit_type: 1(Coded slice of a non-IDR picture), nal_ref_idc: 1
[h264 @ 0x55b45f423f40] nal_unit_type: 1(Coded slice of a non-IDR picture), nal_ref_idc: 1
[h264 @ 0x55b45f423f40] ct_type:0 pic_struct:0
[NULL @ 0x55b45f2de1c0] ct_type:0 pic_struct:0
[h264 @ 0x55b45f2febc0] nal_unit_type: 9(AUD), nal_ref_idc: 0
[h264 @ 0x55b45f2febc0] nal_unit_type: 6(SEI), nal_ref_idc: 0
[h264 @ 0x55b45f2febc0] nal_unit_type: 1(Coded slice of a non-IDR picture), nal_ref_idc: 0
[h264 @ 0x55b45f2febc0] nal_unit_type: 1(Coded slice of a non-IDR picture), nal_ref_idc: 0
[h264 @ 0x55b45f2febc0] ct_type:0 pic_struct:0
[NULL @ 0x55b45f2de1c0] ct_type:0 pic_struct:0
[h264 @ 0x55b45f38be80] nal_unit_type: 9(AUD), nal_ref_idc: 0
[h264 @ 0x55b45f38be80] nal_unit_type: 6(SEI), nal_ref_idc: 0
[h264 @ 0x55b45f38be80] nal_unit_type: 1(Coded slice of a non-IDR picture), nal_ref_idc: 0
[h264 @ 0x55b45f38be80] nal_unit_type: 1(Coded slice of a non-IDR picture), nal_ref_idc: 0
[h264 @ 0x55b45f38be80] ct_type:0 pic_struct:0
[NULL @ 0x55b45f2de1c0] ct_type:0 pic_struct:0
[h264 @ 0x55b45f394b40] nal_unit_type: 9(AUD), nal_ref_idc: 0
[h264 @ 0x55b45f394b40] nal_unit_type: 6(SEI), nal_ref_idc: 0
[h264 @ 0x55b45f394b40] nal_unit_type: 1(Coded slice of a non-IDR picture), nal_ref_idc: 1
[h264 @ 0x55b45f394b40] nal_unit_type: 1(Coded slice of a non-IDR picture), nal_ref_idc: 1
[h264 @ 0x55b45f394b40] ct_type:0 pic_struct:0
[NULL @ 0x55b45f2de1c0] ct_type:0 pic_struct:0
[h264 @ 0x55b45f308fc0] nal_unit_type: 9(AUD), nal_ref_idc: 0
[h264 @ 0x55b45f308fc0] nal_unit_type: 6(SEI), nal_ref_idc: 0
[h264 @ 0x55b45f308fc0] nal_unit_type: 1(Coded slice of a non-IDR picture), nal_ref_idc: 1
[h264 @ 0x55b45f308fc0] nal_unit_type: 1(Coded slice of a non-IDR picture), nal_ref_idc: 1
[h264 @ 0x55b45f308fc0] ct_type:0 pic_struct:0
[NULL @ 0x55b45f2de1c0] ct_type:0 pic_struct:0
[h264 @ 0x55b45f423f40] nal_unit_type: 9(AUD), nal_ref_idc: 0
[h264 @ 0x55b45f423f40] nal_unit_type: 6(SEI), nal_ref_idc: 0
[h264 @ 0x55b45f423f40] nal_unit_type: 1(Coded slice of a non-IDR picture), nal_ref_idc: 0
[h264 @ 0x55b45f423f40] nal_unit_type: 1(Coded slice of a non-IDR picture), nal_ref_idc: 0
[h264 @ 0x55b45f423f40] ct_type:0 pic_struct:0
[NULL @ 0x55b45f2de1c0] ct_type:0 pic_struct:0
[h264 @ 0x55b45f2febc0] nal_unit_type: 9(AUD), nal_ref_idc: 0
[h264 @ 0x55b45f2febc0] nal_unit_type: 6(SEI), nal_ref_idc: 0
[h264 @ 0x55b45f2febc0] nal_unit_type: 1(Coded slice of a non-IDR picture), nal_ref_idc: 0
[h264 @ 0x55b45f2febc0] nal_unit_type: 1(Coded slice of a non-IDR picture), nal_ref_idc: 0
[h264 @ 0x55b45f2febc0] ct_type:0 pic_struct:0
[NULL @ 0x55b45f2de1c0] ct_type:0 pic_struct:0
[h264 @ 0x55b45f38be80] nal_unit_type: 9(AUD), nal_ref_idc: 0
[h264 @ 0x55b45f38be80] nal_unit_type: 6(SEI), nal_ref_idc: 0
[h264 @ 0x55b45f38be80] nal_unit_type: 1(Coded slice of a non-IDR picture), nal_ref_idc: 1
[h264 @ 0x55b45f38be80] nal_unit_type: 1(Coded slice of a non-IDR picture), nal_ref_idc: 1
[NULL @ 0x55b45f2de1c0] ct_type:0 pic_struct:0
[h264 @ 0x55b45f38be80] ct_type:0 pic_struct:0
[h264 @ 0x55b45f394b40] nal_unit_type: 9(AUD), nal_ref_idc: 0
[h264 @ 0x55b45f394b40] nal_unit_type: 6(SEI), nal_ref_idc: 0
[h264 @ 0x55b45f394b40] nal_unit_type: 1(Coded slice of a non-IDR picture), nal_ref_idc: 1
[h264 @ 0x55b45f394b40] nal_unit_type: 1(Coded slice of a non-IDR picture), nal_ref_idc: 1
[NULL @ 0x55b45f2de1c0] ct_type:0 pic_struct:0
[h264 @ 0x55b45f394b40] ct_type:0 pic_struct:0
[h264 @ 0x55b45f308fc0] nal_unit_type: 9(AUD), nal_ref_idc: 0
[h264 @ 0x55b45f308fc0] nal_unit_type: 6(SEI), nal_ref_idc: 0
[h264 @ 0x55b45f308fc0] nal_unit_type: 1(Coded slice of a non-IDR picture), nal_ref_idc: 0
[h264 @ 0x55b45f308fc0] nal_unit_type: 1(Coded slice of a non-IDR picture), nal_ref_idc: 0
[h264 @ 0x55b45f308fc0] ct_type:0 pic_struct:0
[NULL @ 0x55b45f2de1c0] ct_type:0 pic_struct:0
[h264 @ 0x55b45f423f40] nal_unit_type: 9(AUD), nal_ref_idc: 0
[h264 @ 0x55b45f423f40] nal_unit_type: 6(SEI), nal_ref_idc: 0
[h264 @ 0x55b45f423f40] nal_unit_type: 1(Coded slice of a non-IDR picture), nal_ref_idc: 0
[h264 @ 0x55b45f423f40] nal_unit_type: 1(Coded slice of a non-IDR picture), nal_ref_idc: 0
[h264 @ 0x55b45f423f40] ct_type:0 pic_struct:0
[NULL @ 0x55b45f2de1c0] ct_type:0 pic_struct:0
[NULL @ 0x55b45f2de1c0] ct_type:0 pic_struct:0
[h264 @ 0x55b45f2febc0] nal_unit_type: 9(AUD), nal_ref_idc: 0
[h264 @ 0x55b45f2febc0] nal_unit_type: 6(SEI), nal_ref_idc: 0
[h264 @ 0x55b45f2febc0] nal_unit_type: 1(Coded slice of a non-IDR picture), nal_ref_idc: 1
[h264 @ 0x55b45f2febc0] nal_unit_type: 1(Coded slice of a non-IDR picture), nal_ref_idc: 1
[h264 @ 0x55b45f2febc0] ct_type:0 pic_struct:0
[h264 @ 0x55b45f38be80] nal_unit_type: 9(AUD), nal_ref_idc: 0
[h264 @ 0x55b45f38be80] nal_unit_type: 6(SEI), nal_ref_idc: 0
[h264 @ 0x55b45f38be80] nal_unit_type: 1(Coded slice of a non-IDR picture), nal_ref_idc: 1
[h264 @ 0x55b45f38be80] nal_unit_type: 1(Coded slice of a non-IDR picture), nal_ref_idc: 1
[NULL @ 0x55b45f2de1c0] ct_type:0 pic_struct:0
[h264 @ 0x55b45f38be80] ct_type:0 pic_struct:0
[h264 @ 0x55b45f394b40] nal_unit_type: 9(AUD), nal_ref_idc: 0
[h264 @ 0x55b45f394b40] nal_unit_type: 6(SEI), nal_ref_idc: 0
[h264 @ 0x55b45f394b40] nal_unit_type: 1(Coded slice of a non-IDR picture), nal_ref_idc: 0
[h264 @ 0x55b45f394b40] nal_unit_type: 1(Coded slice of a non-IDR picture), nal_ref_idc: 0
[NULL @ 0x55b45f2de1c0] ct_type:0 pic_struct:0
[h264 @ 0x55b45f394b40] ct_type:0 pic_struct:0
[NULL @ 0x55b45f2de1c0] ct_type:0 pic_struct:0
[h264 @ 0x55b45f308fc0] nal_unit_type: 9(AUD), nal_ref_idc: 0
[h264 @ 0x55b45f308fc0] nal_unit_type: 6(SEI), nal_ref_idc: 0
[h264 @ 0x55b45f308fc0] nal_unit_type: 1(Coded slice of a non-IDR picture), nal_ref_idc: 0
[h264 @ 0x55b45f308fc0] nal_unit_type: 1(Coded slice of a non-IDR picture), nal_ref_idc: 0
[h264 @ 0x55b45f308fc0] ct_type:0 pic_struct:0
[h264 @ 0x55b45f423f40] nal_unit_type: 9(AUD), nal_ref_idc: 0
[h264 @ 0x55b45f423f40] nal_unit_type: 6(SEI), nal_ref_idc: 0
[h264 @ 0x55b45f423f40] nal_unit_type: 1(Coded slice of a non-IDR picture), nal_ref_idc: 1
[h264 @ 0x55b45f423f40] nal_unit_type: 1(Coded slice of a non-IDR picture), nal_ref_idc: 1
[h264 @ 0x55b45f423f40] ct_type:0 pic_struct:0
[NULL @ 0x55b45f2de1c0] ct_type:0 pic_struct:0
[NULL @ 0x55b45f2de1c0] ct_type:0 pic_struct:0
[h264 @ 0x55b45f2febc0] nal_unit_type: 9(AUD), nal_ref_idc: 0
[h264 @ 0x55b45f2febc0] nal_unit_type: 6(SEI), nal_ref_idc: 0
[h264 @ 0x55b45f2febc0] nal_unit_type: 1(Coded slice of a non-IDR picture), nal_ref_idc: 1
[h264 @ 0x55b45f2febc0] nal_unit_type: 1(Coded slice of a non-IDR picture), nal_ref_idc: 1
[h264 @ 0x55b45f2febc0] ct_type:0 pic_struct:0
[h264 @ 0x55b45f38be80] nal_unit_type: 9(AUD), nal_ref_idc: 0
[h264 @ 0x55b45f38be80] nal_unit_type: 6(SEI), nal_ref_idc: 0
[h264 @ 0x55b45f38be80] nal_unit_type: 1(Coded slice of a non-IDR picture), nal_ref_idc: 0
[h264 @ 0x55b45f38be80] nal_unit_type: 1(Coded slice of a non-IDR picture), nal_ref_idc: 0
[h264 @ 0x55b45f38be80] ct_type:0 pic_struct:0
[NULL @ 0x55b45f2de1c0] ct_type:0 pic_struct:0
[h264 @ 0x55b45f394b40] nal_unit_type: 9(AUD), nal_ref_idc: 0
[h264 @ 0x55b45f394b40] nal_unit_type: 6(SEI), nal_ref_idc: 0
[h264 @ 0x55b45f394b40] nal_unit_type: 1(Coded slice of a non-IDR picture), nal_ref_idc: 0
[h264 @ 0x55b45f394b40] nal_unit_type: 1(Coded slice of a non-IDR picture), nal_ref_idc: 0
[h264 @ 0x55b45f394b40] ct_type:0 pic_struct:0
[NULL @ 0x55b45f2de1c0] ct_type:0 pic_struct:0
[h264 @ 0x55b45f308fc0] nal_unit_type: 9(AUD), nal_ref_idc: 0
[h264 @ 0x55b45f308fc0] nal_unit_type: 6(SEI), nal_ref_idc: 0
[h264 @ 0x55b45f308fc0] nal_unit_type: 1(Coded slice of a non-IDR picture), nal_ref_idc: 1
[h264 @ 0x55b45f308fc0] nal_unit_type: 1(Coded slice of a non-IDR picture), nal_ref_idc: 1
[h264 @ 0x55b45f308fc0] ct_type:0 pic_struct:0
[NULL @ 0x55b45f2de1c0] ct_type:0 pic_struct:0
[h264 @ 0x55b45f423f40] nal_unit_type: 9(AUD), nal_ref_idc: 0
[h264 @ 0x55b45f423f40] nal_unit_type: 6(SEI), nal_ref_idc: 0
[h264 @ 0x55b45f423f40] nal_unit_type: 1(Coded slice of a non-IDR picture), nal_ref_idc: 1
[h264 @ 0x55b45f423f40] nal_unit_type: 1(Coded slice of a non-IDR picture), nal_ref_idc: 1
[h264 @ 0x55b45f423f40] ct_type:0 pic_struct:0
[h264 @ 0x55b45f2febc0] nal_unit_type: 9(AUD), nal_ref_idc: 0
[h264 @ 0x55b45f2febc0] nal_unit_type: 6(SEI), nal_ref_idc: 0
[h264 @ 0x55b45f2febc0] nal_unit_type: 1(Coded slice of a non-IDR picture), nal_ref_idc: 0
[h264 @ 0x55b45f2febc0] nal_unit_type: 1(Coded slice of a non-IDR picture), nal_ref_idc: 0
[h264 @ 0x55b45f2febc0] ct_type:0 pic_struct:0
[NULL @ 0x55b45f2de1c0] ct_type:0 pic_struct:0
[NULL @ 0x55b45f2de1c0] ct_type:0 pic_struct:0
[h264 @ 0x55b45f38be80] nal_unit_type: 9(AUD), nal_ref_idc: 0
[h264 @ 0x55b45f38be80] nal_unit_type: 6(SEI), nal_ref_idc: 0
[h264 @ 0x55b45f38be80] nal_unit_type: 1(Coded slice of a non-IDR picture), nal_ref_idc: 0
[h264 @ 0x55b45f38be80] nal_unit_type: 1(Coded slice of a non-IDR picture), nal_ref_idc: 0
[h264 @ 0x55b45f38be80] ct_type:0 pic_struct:0
[NULL @ 0x55b45f2de1c0] ct_type:0 pic_struct:0
[h264 @ 0x55b45f394b40] nal_unit_type: 9(AUD), nal_ref_idc: 0
[h264 @ 0x55b45f394b40] nal_unit_type: 6(SEI), nal_ref_idc: 0
[h264 @ 0x55b45f394b40] nal_unit_type: 1(Coded slice of a non-IDR picture), nal_ref_idc: 1
[h264 @ 0x55b45f394b40] nal_unit_type: 1(Coded slice of a non-IDR picture), nal_ref_idc: 1
[h264 @ 0x55b45f394b40] ct_type:0 pic_struct:0
[hls @ 0x55b45f2a0e80] HLS request for url 'http://151.80.18.177:86/TF1_HD/tracks-v1a1/2026/07/09/03/35/49-05680.ts', offset 0, playlist 0
[http @ 0x55b45f2c4380] Opening 'http://151.80.18.177:86/TF1_HD/tracks-v1a1/2026/07/09/03/35/49-05680.ts' for reading
[http @ 0x55b45f2aa6c0] request: GET /TF1_HD/tracks-v1a1/2026/07/09/03/35/49-05680.ts HTTP/1.1
User-Agent: Lavf/60.16.100
Accept: */*
Range: bytes=0-
Connection: keep-alive
Host: 151.80.18.177:86
Icy-MetaData: 1


[h264 @ 0x55b45f308fc0] nal_unit_type: 9(AUD), nal_ref_idc: 0
[h264 @ 0x55b45f308fc0] nal_unit_type: 6(SEI), nal_ref_idc: 0
[h264 @ 0x55b45f308fc0] nal_unit_type: 1(Coded slice of a non-IDR picture), nal_ref_idc: 1
[h264 @ 0x55b45f308fc0] nal_unit_type: 1(Coded slice of a non-IDR picture), nal_ref_idc: 1
[h264 @ 0x55b45f308fc0] ct_type:0 pic_struct:0
[NULL @ 0x55b45f2de1c0] ct_type:0 pic_struct:0
[NULL @ 0x55b45f2de1c0] Decoding VUI
[NULL @ 0x55b45f2de1c0] ct_type:0 pic_struct:0
[h264 @ 0x55b45f423f40] nal_unit_type: 9(AUD), nal_ref_idc: 0
[h264 @ 0x55b45f423f40] nal_unit_type: 6(SEI), nal_ref_idc: 0
[h264 @ 0x55b45f423f40] nal_unit_type: 1(Coded slice of a non-IDR picture), nal_ref_idc: 0
[h264 @ 0x55b45f423f40] nal_unit_type: 1(Coded slice of a non-IDR picture), nal_ref_idc: 0
[h264 @ 0x55b45f423f40] ct_type:0 pic_struct:0
[NULL @ 0x55b45f2de1c0] ct_type:0 pic_struct:0
[NULL @ 0x55b45f2de1c0] ct_type:0 pic_struct:0
[h264 @ 0x55b45f2febc0] nal_unit_type: 9(AUD), nal_ref_idc: 0
[h264 @ 0x55b45f2febc0] nal_unit_type: 7(SPS), nal_ref_idc: 3
[h264 @ 0x55b45f2febc0] nal_unit_type: 8(PPS), nal_ref_idc: 3
[h264 @ 0x55b45f2febc0] nal_unit_type: 6(SEI), nal_ref_idc: 0
[h264 @ 0x55b45f2febc0] nal_unit_type: 6(SEI), nal_ref_idc: 0
[h264 @ 0x55b45f2febc0] nal_unit_type: 5(IDR), nal_ref_idc: 1
[h264 @ 0x55b45f2febc0] nal_unit_type: 5(IDR), nal_ref_idc: 1
[h264 @ 0x55b45f2febc0] Decoding VUI
[h264 @ 0x55b45f2febc0] ct_type:0 pic_struct:0
[h264 @ 0x55b45f38be80] nal_unit_type: 9(AUD), nal_ref_idc: 0
[h264 @ 0x55b45f38be80] nal_unit_type: 6(SEI), nal_ref_idc: 0
[h264 @ 0x55b45f38be80] nal_unit_type: 1(Coded slice of a non-IDR picture), nal_ref_idc: 1
[h264 @ 0x55b45f38be80] nal_unit_type: 1(Coded slice of a non-IDR picture), nal_ref_idc: 1
[h264 @ 0x55b45f38be80] ct_type:0 pic_struct:0
[NULL @ 0x55b45f2de1c0] ct_type:0 pic_struct:0
[h264 @ 0x55b45f394b40] nal_unit_type: 9(AUD), nal_ref_idc: 0
[h264 @ 0x55b45f394b40] nal_unit_type: 6(SEI), nal_ref_idc: 0
[h264 @ 0x55b45f394b40] nal_unit_type: 1(Coded slice of a non-IDR picture), nal_ref_idc: 1
[h264 @ 0x55b45f394b40] nal_unit_type: 1(Coded slice of a non-IDR picture), nal_ref_idc: 1
[h264 @ 0x55b45f394b40] ct_type:0 pic_struct:0
[NULL @ 0x55b45f2de1c0] ct_type:0 pic_struct:0
[h264 @ 0x55b45f308fc0] nal_unit_type: 9(AUD), nal_ref_idc: 0
[h264 @ 0x55b45f308fc0] nal_unit_type: 6(SEI), nal_ref_idc: 0
[h264 @ 0x55b45f308fc0] nal_unit_type: 1(Coded slice of a non-IDR picture), nal_ref_idc: 0
[h264 @ 0x55b45f308fc0] nal_unit_type: 1(Coded slice of a non-IDR picture), nal_ref_idc: 0
[h264 @ 0x55b45f308fc0] ct_type:0 pic_struct:0
[NULL @ 0x55b45f2de1c0] ct_type:0 pic_struct:0
[h264 @ 0x55b45f423f40] nal_unit_type: 9(AUD), nal_ref_idc: 0
[h264 @ 0x55b45f423f40] nal_unit_type: 6(SEI), nal_ref_idc: 0
[h264 @ 0x55b45f423f40] nal_unit_type: 1(Coded slice of a non-IDR picture), nal_ref_idc: 0
[h264 @ 0x55b45f423f40] nal_unit_type: 1(Coded slice of a non-IDR picture), nal_ref_idc: 0
[h264 @ 0x55b45f423f40] ct_type:0 pic_struct:0
[NULL @ 0x55b45f2de1c0] ct_type:0 pic_struct:0
[h264 @ 0x55b45f2febc0] nal_unit_type: 9(AUD), nal_ref_idc: 0
[h264 @ 0x55b45f2febc0] nal_unit_type: 6(SEI), nal_ref_idc: 0
[h264 @ 0x55b45f2febc0] nal_unit_type: 1(Coded slice of a non-IDR picture), nal_ref_idc: 1
[h264 @ 0x55b45f2febc0] nal_unit_type: 1(Coded slice of a non-IDR picture), nal_ref_idc: 1
[h264 @ 0x55b45f2febc0] ct_type:0 pic_struct:0
[h264 @ 0x55b45f38be80] nal_unit_type: 9(AUD), nal_ref_idc: 0
[h264 @ 0x55b45f38be80] nal_unit_type: 6(SEI), nal_ref_idc: 0
[h264 @ 0x55b45f38be80] nal_unit_type: 1(Coded slice of a non-IDR picture), nal_ref_idc: 1
[h264 @ 0x55b45f38be80] nal_unit_type: 1(Coded slice of a non-IDR picture), nal_ref_idc: 1
[h264 @ 0x55b45f38be80] ct_type:0 pic_struct:0
[NULL @ 0x55b45f2de1c0] ct_type:0 pic_struct:0
[h264 @ 0x55b45f394b40] nal_unit_type: 9(AUD), nal_ref_idc: 0
[h264 @ 0x55b45f394b40] nal_unit_type: 6(SEI), nal_ref_idc: 0
[h264 @ 0x55b45f394b40] nal_unit_type: 1(Coded slice of a non-IDR picture), nal_ref_idc: 0
[h264 @ 0x55b45f394b40] nal_unit_type: 1(Coded slice of a non-IDR picture), nal_ref_idc: 0
[h264 @ 0x55b45f394b40] ct_type:0 pic_struct:0
[NULL @ 0x55b45f2de1c0] ct_type:0 pic_struct:0
[NULL @ 0x55b45f2de1c0] ct_type:0 pic_struct:0
[h264 @ 0x55b45f308fc0] nal_unit_type: 9(AUD), nal_ref_idc: 0
[h264 @ 0x55b45f308fc0] nal_unit_type: 6(SEI), nal_ref_idc: 0
[h264 @ 0x55b45f308fc0] nal_unit_type: 1(Coded slice of a non-IDR picture), nal_ref_idc: 0
[h264 @ 0x55b45f308fc0] nal_unit_type: 1(Coded slice of a non-IDR picture), nal_ref_idc: 0
[h264 @ 0x55b45f308fc0] ct_type:0 pic_struct:0
[NULL @ 0x55b45f2de1c0] ct_type:0 pic_struct:0
frame=  291 fps=206 q=-0.0 size=N/A time=00:00:05.93 bitrate=N/A speed= 4.2x    [h264 @ 0x55b45f423f40] nal_unit_type: 9(AUD), nal_ref_idc: 0
[h264 @ 0x55b45f423f40] nal_unit_type: 6(SEI), nal_ref_idc: 0
[h264 @ 0x55b45f423f40] nal_unit_type: 1(Coded slice of a non-IDR picture), nal_ref_idc: 1
[h264 @ 0x55b45f423f40] nal_unit_type: 1(Coded slice of a non-IDR picture), nal_ref_idc: 1
[h264 @ 0x55b45f423f40] ct_type:0 pic_struct:0
[NULL @ 0x55b45f2de1c0] ct_type:0 pic_struct:0
[h264 @ 0x55b45f2febc0] nal_unit_type: 9(AUD), nal_ref_idc: 0
[h264 @ 0x55b45f2febc0] nal_unit_type: 6(SEI), nal_ref_idc: 0
[NULL @ 0x55b45f2de1c0] ct_type:0 pic_struct:0
[h264 @ 0x55b45f2febc0] nal_unit_type: 1(Coded slice of a non-IDR picture), nal_ref_idc: 1
[h264 @ 0x55b45f2febc0] nal_unit_type: 1(Coded slice of a non-IDR picture), nal_ref_idc: 1
[h264 @ 0x55b45f2febc0] ct_type:0 pic_struct:0
[NULL @ 0x55b45f2de1c0] ct_type:0 pic_struct:0
[h264 @ 0x55b45f38be80] nal_unit_type: 9(AUD), nal_ref_idc: 0
[h264 @ 0x55b45f38be80] nal_unit_type: 6(SEI), nal_ref_idc: 0
[h264 @ 0x55b45f38be80] nal_unit_type: 1(Coded slice of a non-IDR picture), nal_ref_idc: 0
[h264 @ 0x55b45f38be80] nal_unit_type: 1(Coded slice of a non-IDR picture), nal_ref_idc: 0
[h264 @ 0x55b45f38be80] ct_type:0 pic_struct:0
[NULL @ 0x55b45f2de1c0] ct_type:0 pic_struct:0
[h264 @ 0x55b45f394b40] nal_unit_type: 9(AUD), nal_ref_idc: 0
[h264 @ 0x55b45f394b40] nal_unit_type: 6(SEI), nal_ref_idc: 0
[h264 @ 0x55b45f394b40] nal_unit_type: 1(Coded slice of a non-IDR picture), nal_ref_idc: 0
[h264 @ 0x55b45f394b40] nal_unit_type: 1(Coded slice of a non-IDR picture), nal_ref_idc: 0
[h264 @ 0x55b45f394b40] ct_type:0 pic_struct:0
[h264 @ 0x55b45f308fc0] nal_unit_type: 9(AUD), nal_ref_idc: 0
[h264 @ 0x55b45f308fc0] nal_unit_type: 6(SEI), nal_ref_idc: 0
[h264 @ 0x55b45f308fc0] nal_unit_type: 1(Coded slice of a non-IDR picture), nal_ref_idc: 1
[h264 @ 0x55b45f308fc0] nal_unit_type: 1(Coded slice of a non-IDR picture), nal_ref_idc: 1
[h264 @ 0x55b45f308fc0] ct_type:0 pic_struct:0
[NULL @ 0x55b45f2de1c0] ct_type:0 pic_struct:0
[h264 @ 0x55b45f423f40] nal_unit_type: 9(AUD), nal_ref_idc: 0
[h264 @ 0x55b45f423f40] nal_unit_type: 6(SEI), nal_ref_idc: 0
[h264 @ 0x55b45f423f40] nal_unit_type: 1(Coded slice of a non-IDR picture), nal_ref_idc: 1
[h264 @ 0x55b45f423f40] nal_unit_type: 1(Coded slice of a non-IDR picture), nal_ref_idc: 1
[h264 @ 0x55b45f423f40] ct_type:0 pic_struct:0
[NULL @ 0x55b45f2de1c0] ct_type:0 pic_struct:0
[h264 @ 0x55b45f2febc0] nal_unit_type: 9(AUD), nal_ref_idc: 0
[h264 @ 0x55b45f2febc0] nal_unit_type: 6(SEI), nal_ref_idc: 0
[h264 @ 0x55b45f2febc0] nal_unit_type: 1(Coded slice of a non-IDR picture), nal_ref_idc: 0
[h264 @ 0x55b45f2febc0] nal_unit_type: 1(Coded slice of a non-IDR picture), nal_ref_idc: 0
[h264 @ 0x55b45f2febc0] ct_type:0 pic_struct:0
[NULL @ 0x55b45f2de1c0] ct_type:0 pic_struct:0
[h264 @ 0x55b45f38be80] nal_unit_type: 9(AUD), nal_ref_idc: 0
[h264 @ 0x55b45f38be80] nal_unit_type: 6(SEI), nal_ref_idc: 0
[h264 @ 0x55b45f38be80] nal_unit_type: 1(Coded slice of a non-IDR picture), nal_ref_idc: 0
[h264 @ 0x55b45f38be80] nal_unit_type: 1(Coded slice of a non-IDR picture), nal_ref_idc: 0
[h264 @ 0x55b45f38be80] ct_type:0 pic_struct:0
[NULL @ 0x55b45f2de1c0] ct_type:0 pic_struct:0
[NULL @ 0x55b45f2de1c0] ct_type:0 pic_struct:0
[h264 @ 0x55b45f394b40] nal_unit_type: 9(AUD), nal_ref_idc: 0
[h264 @ 0x55b45f394b40] nal_unit_type: 6(SEI), nal_ref_idc: 0
[h264 @ 0x55b45f394b40] nal_unit_type: 1(Coded slice of a non-IDR picture), nal_ref_idc: 1
[h264 @ 0x55b45f394b40] nal_unit_type: 1(Coded slice of a non-IDR picture), nal_ref_idc: 1
[h264 @ 0x55b45f394b40] ct_type:0 pic_struct:0
[h264 @ 0x55b45f308fc0] nal_unit_type: 9(AUD), nal_ref_idc: 0
[h264 @ 0x55b45f308fc0] nal_unit_type: 6(SEI), nal_ref_idc: 0
[h264 @ 0x55b45f308fc0] nal_unit_type: 1(Coded slice of a non-IDR picture), nal_ref_idc: 1
[h264 @ 0x55b45f308fc0] nal_unit_type: 1(Coded slice of a non-IDR picture), nal_ref_idc: 1
[h264 @ 0x55b45f308fc0] ct_type:0 pic_struct:0
[h264 @ 0x55b45f423f40] nal_unit_type: 9(AUD), nal_ref_idc: 0
[h264 @ 0x55b45f423f40] nal_unit_type: 6(SEI), nal_ref_idc: 0
[h264 @ 0x55b45f423f40] nal_unit_type: 1(Coded slice of a non-IDR picture), nal_ref_idc: 0
[h264 @ 0x55b45f423f40] nal_unit_type: 1(Coded slice of a non-IDR picture), nal_ref_idc: 0
[h264 @ 0x55b45f423f40] ct_type:0 pic_struct:0
[NULL @ 0x55b45f2de1c0] ct_type:0 pic_struct:0
[NULL @ 0x55b45f2de1c0] ct_type:0 pic_struct:0
[h264 @ 0x55b45f2febc0] nal_unit_type: 9(AUD), nal_ref_idc: 0
[h264 @ 0x55b45f2febc0] nal_unit_type: 6(SEI), nal_ref_idc: 0
[h264 @ 0x55b45f2febc0] nal_unit_type: 1(Coded slice of a non-IDR picture), nal_ref_idc: 0
[h264 @ 0x55b45f2febc0] nal_unit_type: 1(Coded slice of a non-IDR picture), nal_ref_idc: 0
[h264 @ 0x55b45f2febc0] ct_type:0 pic_struct:0
[NULL @ 0x55b45f2de1c0] ct_type:0 pic_struct:0
[h264 @ 0x55b45f38be80] nal_unit_type: 9(AUD), nal_ref_idc: 0
[h264 @ 0x55b45f38be80] nal_unit_type: 6(SEI), nal_ref_idc: 0
[h264 @ 0x55b45f38be80] nal_unit_type: 1(Coded slice of a non-IDR picture), nal_ref_idc: 1
[h264 @ 0x55b45f38be80] nal_unit_type: 1(Coded slice of a non-IDR picture), nal_ref_idc: 1
frame=  303 fps=118 q=-0.0 size=N/A time=00:00:06.14 bitrate=N/A speed=2.39x    [h264 @ 0x55b45f38be80] ct_type:0 pic_struct:0
[NULL @ 0x55b45f2de1c0] ct_type:0 pic_struct:0
[h264 @ 0x55b45f394b40] nal_unit_type: 9(AUD), nal_ref_idc: 0
[h264 @ 0x55b45f394b40] nal_unit_type: 6(SEI), nal_ref_idc: 0
[h264 @ 0x55b45f394b40] nal_unit_type: 1(Coded slice of a non-IDR picture), nal_ref_idc: 1
[h264 @ 0x55b45f394b40] nal_unit_type: 1(Coded slice of a non-IDR picture), nal_ref_idc: 1
[h264 @ 0x55b45f394b40] ct_type:0 pic_struct:0
[h264 @ 0x55b45f308fc0] nal_unit_type: 9(AUD), nal_ref_idc: 0
[h264 @ 0x55b45f308fc0] nal_unit_type: 6(SEI), nal_ref_idc: 0
[h264 @ 0x55b45f308fc0] nal_unit_type: 1(Coded slice of a non-IDR picture), nal_ref_idc: 0
[h264 @ 0x55b45f308fc0] nal_unit_type: 1(Coded slice of a non-IDR picture), nal_ref_idc: 0
[h264 @ 0x55b45f308fc0] ct_type:0 pic_struct:0
[NULL @ 0x55b45f2de1c0] ct_type:0 pic_struct:0
[NULL @ 0x55b45f2de1c0] ct_type:0 pic_struct:0
[h264 @ 0x55b45f423f40] nal_unit_type: 9(AUD), nal_ref_idc: 0
[h264 @ 0x55b45f423f40] nal_unit_type: 6(SEI), nal_ref_idc: 0
[h264 @ 0x55b45f423f40] nal_unit_type: 1(Coded slice of a non-IDR picture), nal_ref_idc: 0
[h264 @ 0x55b45f423f40] nal_unit_type: 1(Coded slice of a non-IDR picture), nal_ref_idc: 0
[h264 @ 0x55b45f423f40] ct_type:0 pic_struct:0
[NULL @ 0x55b45f2de1c0] ct_type:0 pic_struct:0
[h264 @ 0x55b45f2febc0] nal_unit_type: 9(AUD), nal_ref_idc: 0
[h264 @ 0x55b45f2febc0] nal_unit_type: 6(SEI), nal_ref_idc: 0
[h264 @ 0x55b45f2febc0] nal_unit_type: 1(Coded slice of a non-IDR picture), nal_ref_idc: 1
[h264 @ 0x55b45f2febc0] nal_unit_type: 1(Coded slice of a non-IDR picture), nal_ref_idc: 1
[h264 @ 0x55b45f2febc0] ct_type:0 pic_struct:0
[NULL @ 0x55b45f2de1c0] ct_type:0 pic_struct:0
[h264 @ 0x55b45f38be80] nal_unit_type: 9(AUD), nal_ref_idc: 0
[h264 @ 0x55b45f38be80] nal_unit_type: 6(SEI), nal_ref_idc: 0
[h264 @ 0x55b45f38be80] nal_unit_type: 1(Coded slice of a non-IDR picture), nal_ref_idc: 1
[h264 @ 0x55b45f38be80] nal_unit_type: 1(Coded slice of a non-IDR picture), nal_ref_idc: 1
[h264 @ 0x55b45f38be80] ct_type:0 pic_struct:0
[NULL @ 0x55b45f2de1c0] ct_type:0 pic_struct:0
[h264 @ 0x55b45f394b40] nal_unit_type: 9(AUD), nal_ref_idc: 0
[h264 @ 0x55b45f394b40] nal_unit_type: 6(SEI), nal_ref_idc: 0
[h264 @ 0x55b45f394b40] nal_unit_type: 1(Coded slice of a non-IDR picture), nal_ref_idc: 0
[h264 @ 0x55b45f394b40] nal_unit_type: 1(Coded slice of a non-IDR picture), nal_ref_idc: 0
[NULL @ 0x55b45f2de1c0] ct_type:0 pic_struct:0
[h264 @ 0x55b45f394b40] ct_type:0 pic_struct:0
[h264 @ 0x55b45f308fc0] nal_unit_type: 9(AUD), nal_ref_idc: 0
[h264 @ 0x55b45f308fc0] nal_unit_type: 6(SEI), nal_ref_idc: 0
[h264 @ 0x55b45f308fc0] nal_unit_type: 1(Coded slice of a non-IDR picture), nal_ref_idc: 0
[h264 @ 0x55b45f308fc0] nal_unit_type: 1(Coded slice of a non-IDR picture), nal_ref_idc: 0
[h264 @ 0x55b45f308fc0] ct_type:0 pic_struct:0
[NULL @ 0x55b45f2de1c0] ct_type:0 pic_struct:0
[h264 @ 0x55b45f423f40] nal_unit_type: 9(AUD), nal_ref_idc: 0
[h264 @ 0x55b45f423f40] nal_unit_type: 6(SEI), nal_ref_idc: 0
[h264 @ 0x55b45f423f40] nal_unit_type: 1(Coded slice of a non-IDR picture), nal_ref_idc: 1
[h264 @ 0x55b45f423f40] nal_unit_type: 1(Coded slice of a non-IDR picture), nal_ref_idc: 1
[h264 @ 0x55b45f423f40] ct_type:0 pic_struct:0
[NULL @ 0x55b45f2de1c0] ct_type:0 pic_struct:0
[h264 @ 0x55b45f2febc0] nal_unit_type: 9(AUD), nal_ref_idc: 0
[h264 @ 0x55b45f2febc0] nal_unit_type: 6(SEI), nal_ref_idc: 0
[h264 @ 0x55b45f2febc0] nal_unit_type: 1(Coded slice of a non-IDR picture), nal_ref_idc: 1
[h264 @ 0x55b45f2febc0] nal_unit_type: 1(Coded slice of a non-IDR picture), nal_ref_idc: 1
[h264 @ 0x55b45f2febc0] ct_type:0 pic_struct:0
[h264 @ 0x55b45f38be80] nal_unit_type: 9(AUD), nal_ref_idc: 0
[h264 @ 0x55b45f38be80] nal_unit_type: 6(SEI), nal_ref_idc: 0
[h264 @ 0x55b45f38be80] nal_unit_type: 1(Coded slice of a non-IDR picture), nal_ref_idc: 0
[h264 @ 0x55b45f38be80] nal_unit_type: 1(Coded slice of a non-IDR picture), nal_ref_idc: 0
[h264 @ 0x55b45f38be80] ct_type:0 pic_struct:0
[NULL @ 0x55b45f2de1c0] ct_type:0 pic_struct:0
[NULL @ 0x55b45f2de1c0] ct_type:0 pic_struct:0
[h264 @ 0x55b45f394b40] nal_unit_type: 9(AUD), nal_ref_idc: 0
[h264 @ 0x55b45f394b40] nal_unit_type: 6(SEI), nal_ref_idc: 0
[h264 @ 0x55b45f394b40] nal_unit_type: 1(Coded slice of a non-IDR picture), nal_ref_idc: 0
[h264 @ 0x55b45f394b40] nal_unit_type: 1(Coded slice of a non-IDR picture), nal_ref_idc: 0
[h264 @ 0x55b45f394b40] ct_type:0 pic_struct:0
[NULL @ 0x55b45f2de1c0] ct_type:0 pic_struct:0
[h264 @ 0x55b45f308fc0] nal_unit_type: 9(AUD), nal_ref_idc: 0
[h264 @ 0x55b45f308fc0] nal_unit_type: 6(SEI), nal_ref_idc: 0
[h264 @ 0x55b45f308fc0] nal_unit_type: 1(Coded slice of a non-IDR picture), nal_ref_idc: 1
[h264 @ 0x55b45f308fc0] nal_unit_type: 1(Coded slice of a non-IDR picture), nal_ref_idc: 1
[h264 @ 0x55b45f308fc0] ct_type:0 pic_struct:0
frame=  315 fps= 98 q=-0.0 size=N/A time=00:00:06.40 bitrate=N/A speed=1.99x    [NULL @ 0x55b45f2de1c0] ct_type:0 pic_struct:0
[NULL @ 0x55b45f2de1c0] ct_type:0 pic_struct:0
[h264 @ 0x55b45f423f40] nal_unit_type: 9(AUD), nal_ref_idc: 0
[h264 @ 0x55b45f423f40] nal_unit_type: 6(SEI), nal_ref_idc: 0
[h264 @ 0x55b45f423f40] nal_unit_type: 1(Coded slice of a non-IDR picture), nal_ref_idc: 1
[h264 @ 0x55b45f423f40] nal_unit_type: 1(Coded slice of a non-IDR picture), nal_ref_idc: 1
[h264 @ 0x55b45f423f40] ct_type:0 pic_struct:0
[h264 @ 0x55b45f2febc0] nal_unit_type: 9(AUD), nal_ref_idc: 0
[h264 @ 0x55b45f2febc0] nal_unit_type: 6(SEI), nal_ref_idc: 0
[h264 @ 0x55b45f2febc0] nal_unit_type: 1(Coded slice of a non-IDR picture), nal_ref_idc: 0
[h264 @ 0x55b45f2febc0] nal_unit_type: 1(Coded slice of a non-IDR picture), nal_ref_idc: 0
[h264 @ 0x55b45f2febc0] ct_type:0 pic_struct:0
[h264 @ 0x55b45f38be80] nal_unit_type: 9(AUD), nal_ref_idc: 0
[h264 @ 0x55b45f38be80] nal_unit_type: 6(SEI), nal_ref_idc: 0
[h264 @ 0x55b45f38be80] nal_unit_type: 1(Coded slice of a non-IDR picture), nal_ref_idc: 0
[h264 @ 0x55b45f38be80] nal_unit_type: 1(Coded slice of a non-IDR picture), nal_ref_idc: 0
[h264 @ 0x55b45f38be80] ct_type:0 pic_struct:0
[NULL @ 0x55b45f2de1c0] ct_type:0 pic_struct:0
[NULL @ 0x55b45f2de1c0] ct_type:0 pic_struct:0
[h264 @ 0x55b45f394b40] nal_unit_type: 9(AUD), nal_ref_idc: 0
[h264 @ 0x55b45f394b40] nal_unit_type: 6(SEI), nal_ref_idc: 0
[h264 @ 0x55b45f394b40] nal_unit_type: 1(Coded slice of a non-IDR picture), nal_ref_idc: 1
[h264 @ 0x55b45f394b40] nal_unit_type: 1(Coded slice of a non-IDR picture), nal_ref_idc: 1
[NULL @ 0x55b45f2de1c0] ct_type:0 pic_struct:0
[h264 @ 0x55b45f394b40] ct_type:0 pic_struct:0
[h264 @ 0x55b45f308fc0] nal_unit_type: 9(AUD), nal_ref_idc: 0
[h264 @ 0x55b45f308fc0] nal_unit_type: 6(SEI), nal_ref_idc: 0
[h264 @ 0x55b45f308fc0] nal_unit_type: 1(Coded slice of a non-IDR picture), nal_ref_idc: 1
[NULL @ 0x55b45f2de1c0] ct_type:0 pic_struct:0
[h264 @ 0x55b45f308fc0] nal_unit_type: 1(Coded slice of a non-IDR picture), nal_ref_idc: 1
[h264 @ 0x55b45f308fc0] ct_type:0 pic_struct:0
[h264 @ 0x55b45f423f40] nal_unit_type: 9(AUD), nal_ref_idc: 0
[h264 @ 0x55b45f423f40] nal_unit_type: 6(SEI), nal_ref_idc: 0
[h264 @ 0x55b45f423f40] nal_unit_type: 1(Coded slice of a non-IDR picture), nal_ref_idc: 0
[h264 @ 0x55b45f423f40] nal_unit_type: 1(Coded slice of a non-IDR picture), nal_ref_idc: 0
[NULL @ 0x55b45f2de1c0] ct_type:0 pic_struct:0
[h264 @ 0x55b45f423f40] ct_type:0 pic_struct:0
[h264 @ 0x55b45f2febc0] nal_unit_type: 9(AUD), nal_ref_idc: 0
[h264 @ 0x55b45f2febc0] nal_unit_type: 6(SEI), nal_ref_idc: 0
[h264 @ 0x55b45f2febc0] nal_unit_type: 1(Coded slice of a non-IDR picture), nal_ref_idc: 0
[h264 @ 0x55b45f2febc0] nal_unit_type: 1(Coded slice of a non-IDR picture), nal_ref_idc: 0
[NULL @ 0x55b45f2de1c0] ct_type:0 pic_struct:0
[h264 @ 0x55b45f2febc0] ct_type:0 pic_struct:0
[h264 @ 0x55b45f38be80] nal_unit_type: 9(AUD), nal_ref_idc: 0
[h264 @ 0x55b45f38be80] nal_unit_type: 6(SEI), nal_ref_idc: 0
[h264 @ 0x55b45f38be80] nal_unit_type: 1(Coded slice of a non-IDR picture), nal_ref_idc: 1
[h264 @ 0x55b45f38be80] nal_unit_type: 1(Coded slice of a non-IDR picture), nal_ref_idc: 1
[h264 @ 0x55b45f38be80] ct_type:0 pic_struct:0
[h264 @ 0x55b45f394b40] nal_unit_type: 9(AUD), nal_ref_idc: 0
[h264 @ 0x55b45f394b40] nal_unit_type: 6(SEI), nal_ref_idc: 0
[h264 @ 0x55b45f394b40] nal_unit_type: 1(Coded slice of a non-IDR picture), nal_ref_idc: 1
[h264 @ 0x55b45f394b40] nal_unit_type: 1(Coded slice of a non-IDR picture), nal_ref_idc: 1
[NULL @ 0x55b45f2de1c0] ct_type:0 pic_struct:0
[h264 @ 0x55b45f394b40] ct_type:0 pic_struct:0
[NULL @ 0x55b45f2de1c0] ct_type:0 pic_struct:0
[h264 @ 0x55b45f308fc0] nal_unit_type: 9(AUD), nal_ref_idc: 0
[h264 @ 0x55b45f308fc0] nal_unit_type: 6(SEI), nal_ref_idc: 0
[h264 @ 0x55b45f308fc0] nal_unit_type: 1(Coded slice of a non-IDR picture), nal_ref_idc: 0
[h264 @ 0x55b45f308fc0] nal_unit_type: 1(Coded slice of a non-IDR picture), nal_ref_idc: 0
[h264 @ 0x55b45f308fc0] ct_type:0 pic_struct:0
[h264 @ 0x55b45f423f40] nal_unit_type: 9(AUD), nal_ref_idc: 0
[h264 @ 0x55b45f423f40] nal_unit_type: 6(SEI), nal_ref_idc: 0
[h264 @ 0x55b45f423f40] nal_unit_type: 1(Coded slice of a non-IDR picture), nal_ref_idc: 0
[h264 @ 0x55b45f423f40] nal_unit_type: 1(Coded slice of a non-IDR picture), nal_ref_idc: 0
[h264 @ 0x55b45f423f40] ct_type:0 pic_struct:0
[NULL @ 0x55b45f2de1c0] ct_type:0 pic_struct:0
[NULL @ 0x55b45f2de1c0] ct_type:0 pic_struct:0
[h264 @ 0x55b45f2febc0] nal_unit_type: 9(AUD), nal_ref_idc: 0
[h264 @ 0x55b45f2febc0] nal_unit_type: 6(SEI), nal_ref_idc: 0
[h264 @ 0x55b45f2febc0] nal_unit_type: 1(Coded slice of a non-IDR picture), nal_ref_idc: 1
[h264 @ 0x55b45f2febc0] nal_unit_type: 1(Coded slice of a non-IDR picture), nal_ref_idc: 1
[NULL @ 0x55b45f2de1c0] ct_type:0 pic_struct:0
[h264 @ 0x55b45f2febc0] ct_type:0 pic_struct:0
[h264 @ 0x55b45f38be80] nal_unit_type: 9(AUD), nal_ref_idc: 0
[h264 @ 0x55b45f38be80] nal_unit_type: 6(SEI), nal_ref_idc: 0
[h264 @ 0x55b45f38be80] nal_unit_type: 1(Coded slice of a non-IDR picture), nal_ref_idc: 1
[h264 @ 0x55b45f38be80] nal_unit_type: 1(Coded slice of a non-IDR picture), nal_ref_idc: 1
[h264 @ 0x55b45f38be80] ct_type:0 pic_struct:0
[NULL @ 0x55b45f2de1c0] ct_type:0 pic_struct:0
[h264 @ 0x55b45f394b40] nal_unit_type: 9(AUD), nal_ref_idc: 0
[h264 @ 0x55b45f394b40] nal_unit_type: 6(SEI), nal_ref_idc: 0
[h264 @ 0x55b45f394b40] nal_unit_type: 1(Coded slice of a non-IDR picture), nal_ref_idc: 0
[h264 @ 0x55b45f394b40] nal_unit_type: 1(Coded slice of a non-IDR picture), nal_ref_idc: 0
[NULL @ 0x55b45f2de1c0] ct_type:0 pic_struct:0
[h264 @ 0x55b45f394b40] ct_type:0 pic_struct:0
[h264 @ 0x55b45f308fc0] nal_unit_type: 9(AUD), nal_ref_idc: 0
[h264 @ 0x55b45f308fc0] nal_unit_type: 6(SEI), nal_ref_idc: 0
[h264 @ 0x55b45f308fc0] nal_unit_type: 1(Coded slice of a non-IDR picture), nal_ref_idc: 0
[h264 @ 0x55b45f308fc0] nal_unit_type: 1(Coded slice of a non-IDR picture), nal_ref_idc: 0
[h264 @ 0x55b45f308fc0] ct_type:0 pic_struct:0
[NULL @ 0x55b45f2de1c0] ct_type:0 pic_struct:0
[NULL @ 0x55b45f2de1c0] ct_type:0 pic_struct:0
[h264 @ 0x55b45f423f40] nal_unit_type: 9(AUD), nal_ref_idc: 0
[h264 @ 0x55b45f423f40] nal_unit_type: 6(SEI), nal_ref_idc: 0
[h264 @ 0x55b45f423f40] nal_unit_type: 1(Coded slice of a non-IDR picture), nal_ref_idc: 1
[h264 @ 0x55b45f423f40] nal_unit_type: 1(Coded slice of a non-IDR picture), nal_ref_idc: 1
[h264 @ 0x55b45f423f40] ct_type:0 pic_struct:0
[h264 @ 0x55b45f2febc0] nal_unit_type: 9(AUD), nal_ref_idc: 0
[h264 @ 0x55b45f2febc0] nal_unit_type: 6(SEI), nal_ref_idc: 0
[h264 @ 0x55b45f2febc0] nal_unit_type: 1(Coded slice of a non-IDR picture), nal_ref_idc: 1
[h264 @ 0x55b45f2febc0] nal_unit_type: 1(Coded slice of a non-IDR picture), nal_ref_idc: 1
[h264 @ 0x55b45f2febc0] ct_type:0 pic_struct:0
[NULL @ 0x55b45f2de1c0] ct_type:0 pic_struct:0
[h264 @ 0x55b45f38be80] nal_unit_type: 9(AUD), nal_ref_idc: 0
[h264 @ 0x55b45f38be80] nal_unit_type: 6(SEI), nal_ref_idc: 0
[h264 @ 0x55b45f38be80] nal_unit_type: 1(Coded slice of a non-IDR picture), nal_ref_idc: 0
[h264 @ 0x55b45f38be80] nal_unit_type: 1(Coded slice of a non-IDR picture), nal_ref_idc: 0
[h264 @ 0x55b45f38be80] ct_type:0 pic_struct:0
[NULL @ 0x55b45f2de1c0] ct_type:0 pic_struct:0
[h264 @ 0x55b45f394b40] nal_unit_type: 9(AUD), nal_ref_idc: 0
[h264 @ 0x55b45f394b40] nal_unit_type: 6(SEI), nal_ref_idc: 0
[h264 @ 0x55b45f394b40] nal_unit_type: 1(Coded slice of a non-IDR picture), nal_ref_idc: 0
[NULL @ 0x55b45f2de1c0] ct_type:0 pic_struct:0
[h264 @ 0x55b45f394b40] nal_unit_type: 1(Coded slice of a non-IDR picture), nal_ref_idc: 0
[h264 @ 0x55b45f394b40] ct_type:0 pic_struct:0
[h264 @ 0x55b45f308fc0] nal_unit_type: 9(AUD), nal_ref_idc: 0
[h264 @ 0x55b45f308fc0] nal_unit_type: 6(SEI), nal_ref_idc: 0
[h264 @ 0x55b45f308fc0] nal_unit_type: 1(Coded slice of a non-IDR picture), nal_ref_idc: 1
[h264 @ 0x55b45f308fc0] nal_unit_type: 1(Coded slice of a non-IDR picture), nal_ref_idc: 1
[h264 @ 0x55b45f308fc0] ct_type:0 pic_struct:0
[NULL @ 0x55b45f2de1c0] ct_type:0 pic_struct:0
[h264 @ 0x55b45f423f40] nal_unit_type: 9(AUD), nal_ref_idc: 0
[h264 @ 0x55b45f423f40] nal_unit_type: 6(SEI), nal_ref_idc: 0
[h264 @ 0x55b45f423f40] nal_unit_type: 1(Coded slice of a non-IDR picture), nal_ref_idc: 1
[h264 @ 0x55b45f423f40] nal_unit_type: 1(Coded slice of a non-IDR picture), nal_ref_idc: 1
[h264 @ 0x55b45f423f40] ct_type:0 pic_struct:0
[h264 @ 0x55b45f2febc0] nal_unit_type: 9(AUD), nal_ref_idc: 0
[h264 @ 0x55b45f2febc0] nal_unit_type: 6(SEI), nal_ref_idc: 0
[h264 @ 0x55b45f2febc0] nal_unit_type: 1(Coded slice of a non-IDR picture), nal_ref_idc: 0
[h264 @ 0x55b45f2febc0] nal_unit_type: 1(Coded slice of a non-IDR picture), nal_ref_idc: 0
[h264 @ 0x55b45f2febc0] ct_type:0 pic_struct:0
[NULL @ 0x55b45f2de1c0] ct_type:0 pic_struct:0
[NULL @ 0x55b45f2de1c0] ct_type:0 pic_struct:0
[h264 @ 0x55b45f38be80] nal_unit_type: 9(AUD), nal_ref_idc: 0
[h264 @ 0x55b45f38be80] nal_unit_type: 6(SEI), nal_ref_idc: 0
[h264 @ 0x55b45f38be80] nal_unit_type: 1(Coded slice of a non-IDR picture), nal_ref_idc: 0
[h264 @ 0x55b45f38be80] nal_unit_type: 1(Coded slice of a non-IDR picture), nal_ref_idc: 0
[h264 @ 0x55b45f38be80] ct_type:0 pic_struct:0
[NULL @ 0x55b45f2de1c0] ct_type:0 pic_struct:0
[h264 @ 0x55b45f394b40] nal_unit_type: 9(AUD), nal_ref_idc: 0
[h264 @ 0x55b45f394b40] nal_unit_type: 6(SEI), nal_ref_idc: 0
[h264 @ 0x55b45f394b40] nal_unit_type: 1(Coded slice of a non-IDR picture), nal_ref_idc: 1
frame=  339 fps= 89 q=-0.0 size=N/A time=00:00:06.87 bitrate=N/A speed=1.81x    [NULL @ 0x55b45f2de1c0] ct_type:0 pic_struct:0
[h264 @ 0x55b45f394b40] nal_unit_type: 1(Coded slice of a non-IDR picture), nal_ref_idc: 1
[h264 @ 0x55b45f394b40] ct_type:0 pic_struct:0
[h264 @ 0x55b45f308fc0] nal_unit_type: 9(AUD), nal_ref_idc: 0
[h264 @ 0x55b45f308fc0] nal_unit_type: 6(SEI), nal_ref_idc: 0
[h264 @ 0x55b45f308fc0] nal_unit_type: 1(Coded slice of a non-IDR picture), nal_ref_idc: 1
[h264 @ 0x55b45f308fc0] nal_unit_type: 1(Coded slice of a non-IDR picture), nal_ref_idc: 1
[h264 @ 0x55b45f308fc0] ct_type:0 pic_struct:0
[NULL @ 0x55b45f2de1c0] ct_type:0 pic_struct:0
[h264 @ 0x55b45f423f40] nal_unit_type: 9(AUD), nal_ref_idc: 0
[h264 @ 0x55b45f423f40] nal_unit_type: 6(SEI), nal_ref_idc: 0
[h264 @ 0x55b45f423f40] nal_unit_type: 1(Coded slice of a non-IDR picture), nal_ref_idc: 0
[h264 @ 0x55b45f423f40] nal_unit_type: 1(Coded slice of a non-IDR picture), nal_ref_idc: 0
[h264 @ 0x55b45f423f40] ct_type:0 pic_struct:0
[NULL @ 0x55b45f2de1c0] ct_type:0 pic_struct:0
[h264 @ 0x55b45f2febc0] nal_unit_type: 9(AUD), nal_ref_idc: 0
[h264 @ 0x55b45f2febc0] nal_unit_type: 6(SEI), nal_ref_idc: 0
[h264 @ 0x55b45f2febc0] nal_unit_type: 1(Coded slice of a non-IDR picture), nal_ref_idc: 0
[h264 @ 0x55b45f2febc0] nal_unit_type: 1(Coded slice of a non-IDR picture), nal_ref_idc: 0
[h264 @ 0x55b45f2febc0] ct_type:0 pic_struct:0
[NULL @ 0x55b45f2de1c0] ct_type:0 pic_struct:0
[h264 @ 0x55b45f38be80] nal_unit_type: 9(AUD), nal_ref_idc: 0
[h264 @ 0x55b45f38be80] nal_unit_type: 6(SEI), nal_ref_idc: 0
[h264 @ 0x55b45f38be80] nal_unit_type: 1(Coded slice of a non-IDR picture), nal_ref_idc: 1
[h264 @ 0x55b45f38be80] nal_unit_type: 1(Coded slice of a non-IDR picture), nal_ref_idc: 1
[h264 @ 0x55b45f38be80] ct_type:0 pic_struct:0
[NULL @ 0x55b45f2de1c0] ct_type:0 pic_struct:0
[h264 @ 0x55b45f394b40] nal_unit_type: 9(AUD), nal_ref_idc: 0
[h264 @ 0x55b45f394b40] nal_unit_type: 6(SEI), nal_ref_idc: 0
[h264 @ 0x55b45f394b40] nal_unit_type: 1(Coded slice of a non-IDR picture), nal_ref_idc: 1
[h264 @ 0x55b45f394b40] nal_unit_type: 1(Coded slice of a non-IDR picture), nal_ref_idc: 1
[h264 @ 0x55b45f394b40] ct_type:0 pic_struct:0
[NULL @ 0x55b45f2de1c0] ct_type:0 pic_struct:0
[h264 @ 0x55b45f308fc0] nal_unit_type: 9(AUD), nal_ref_idc: 0
[h264 @ 0x55b45f308fc0] nal_unit_type: 6(SEI), nal_ref_idc: 0
[h264 @ 0x55b45f308fc0] nal_unit_type: 1(Coded slice of a non-IDR picture), nal_ref_idc: 0
[h264 @ 0x55b45f308fc0] nal_unit_type: 1(Coded slice of a non-IDR picture), nal_ref_idc: 0
[h264 @ 0x55b45f308fc0] ct_type:0 pic_struct:0
[NULL @ 0x55b45f2de1c0] ct_type:0 pic_struct:0
[NULL @ 0x55b45f2de1c0] ct_type:0 pic_struct:0
[h264 @ 0x55b45f423f40] nal_unit_type: 9(AUD), nal_ref_idc: 0
[h264 @ 0x55b45f423f40] nal_unit_type: 6(SEI), nal_ref_idc: 0
[h264 @ 0x55b45f423f40] nal_unit_type: 1(Coded slice of a non-IDR picture), nal_ref_idc: 0
[h264 @ 0x55b45f423f40] nal_unit_type: 1(Coded slice of a non-IDR picture), nal_ref_idc: 0
[h264 @ 0x55b45f423f40] ct_type:0 pic_struct:0
[h264 @ 0x55b45f2febc0] nal_unit_type: 9(AUD), nal_ref_idc: 0
[h264 @ 0x55b45f2febc0] nal_unit_type: 6(SEI), nal_ref_idc: 0
[h264 @ 0x55b45f2febc0] nal_unit_type: 1(Coded slice of a non-IDR picture), nal_ref_idc: 1
[h264 @ 0x55b45f2febc0] nal_unit_type: 1(Coded slice of a non-IDR picture), nal_ref_idc: 1
[h264 @ 0x55b45f2febc0] ct_type:0 pic_struct:0
[h264 @ 0x55b45f38be80] nal_unit_type: 9(AUD), nal_ref_idc: 0
[h264 @ 0x55b45f38be80] nal_unit_type: 6(SEI), nal_ref_idc: 0
[h264 @ 0x55b45f38be80] nal_unit_type: 1(Coded slice of a non-IDR picture), nal_ref_idc: 1
[h264 @ 0x55b45f38be80] nal_unit_type: 1(Coded slice of a non-IDR picture), nal_ref_idc: 1
[h264 @ 0x55b45f38be80] ct_type:0 pic_struct:0
[NULL @ 0x55b45f2de1c0] ct_type:0 pic_struct:0
[h264 @ 0x55b45f394b40] nal_unit_type: 9(AUD), nal_ref_idc: 0
[h264 @ 0x55b45f394b40] nal_unit_type: 6(SEI), nal_ref_idc: 0
[h264 @ 0x55b45f394b40] nal_unit_type: 1(Coded slice of a non-IDR picture), nal_ref_idc: 0
[h264 @ 0x55b45f394b40] nal_unit_type: 1(Coded slice of a non-IDR picture), nal_ref_idc: 0
[out_0_1 @ 0x55b45f3ba600] EOF on sink link out_0_1:default.
[h264 @ 0x55b45f394b40] ct_type:0 pic_struct:0
No more output streams to write to, finishing.
[vist#0:0/h264 @ 0x55b45f2e09c0] Decoder thread received EOF packet
[vist#0:0/h264 @ 0x55b45f2e09c0] Decoder returned EOF, finishing
[vist#0:0/h264 @ 0x55b45f2e09c0] Terminating decoder thread
[aist#0:1/aac @ 0x55b45f34e8c0] Decoder thread received EOF packet
[aist#0:1/aac @ 0x55b45f34e8c0] Decoder returned EOF, finishing
[aist#0:1/aac @ 0x55b45f34e8c0] Terminating decoder thread
[out#0/null @ 0x55b45f34e7c0] All streams finished
[out#0/null @ 0x55b45f34e7c0] Terminating muxer thread
[out#0/null @ 0x55b45f34e7c0] Output file #0 (pipe:):
[out#0/null @ 0x55b45f34e7c0]   Output stream #0:0 (video): 349 frames encoded; 349 packets muxed (167520 bytes); 
[out#0/null @ 0x55b45f34e7c0]   Output stream #0:1 (audio): 165 frames encoded (335968 samples); 165 packets muxed (1343872 bytes); 
[out#0/null @ 0x55b45f34e7c0]   Total: 514 packets (1511392 bytes) muxed
[out#0/null @ 0x55b45f34e7c0] video:164kB audio:1312kB subtitle:0kB other streams:0kB global headers:0kB muxing overhead: unknown
frame=  349 fps= 92 q=-0.0 Lsize=N/A time=00:00:06.99 bitrate=N/A speed=1.84x    
[NULL @ 0x55b45f2de1c0] ct_type:0 pic_struct:0
[in#0/hls @ 0x55b45f2a0d80] Terminating demuxer thread
[in#0/hls @ 0x55b45f2a0d80] Input file #0 (http://151.80.18.177:86/TF1_HD/index.m3u8):
[in#0/hls @ 0x55b45f2a0d80]   Input stream #0:0 (video): 357 packets read (979908 bytes); 356 frames decoded; 0 decode errors; 
[in#0/hls @ 0x55b45f2a0d80]   Input stream #0:1 (audio): 167 packets read (56753 bytes); 167 frames decoded; 0 decode errors (342016 samples); 
[in#0/hls @ 0x55b45f2a0d80]   Total: 524 packets (1036661 bytes) demuxed
[AVIOContext @ 0x55b45f2ab1c0] Statistics: 264943 bytes read, 0 seeks
[AVIOContext @ 0x55b45f2aaac0] Statistics: 899392 bytes read, 0 seeks
[AVIOContext @ 0x55b45f2a9640] Statistics: 305 bytes read, 0 seeks
[AVIOContext @ 0x55b45f2ac180] Statistics: 182 bytes read, 0 seeks
