ffmpeg started on 2026-07-09 at 03:35:28
Report written to "ffmpeg-20260709-033528.log"
Log level: 48
Command line:
ffmpeg -i http://138.121.15.230:9002/CARACOL/index.m3u8 -t 7 -f null -
ffmpeg version 6.1.1-3ubuntu5 Copyright (c) 2000-2023 the FFmpeg developers
  built with gcc 13 (Ubuntu 13.2.0-23ubuntu3)
  configuration: --prefix=/usr --extra-version=3ubuntu5 --toolchain=hardened --libdir=/usr/lib/x86_64-linux-gnu --incdir=/usr/include/x86_64-linux-gnu --arch=amd64 --enable-gpl --disable-stripping --disable-omx --enable-gnutls --enable-libaom --enable-libass --enable-libbs2b --enable-libcaca --enable-libcdio --enable-libcodec2 --enable-libdav1d --enable-libflite --enable-libfontconfig --enable-libfreetype --enable-libfribidi --enable-libglslang --enable-libgme --enable-libgsm --enable-libharfbuzz --enable-libmp3lame --enable-libmysofa --enable-libopenjpeg --enable-libopenmpt --enable-libopus --enable-librubberband --enable-libshine --enable-libsnappy --enable-libsoxr --enable-libspeex --enable-libtheora --enable-libtwolame --enable-libvidstab --enable-libvorbis --enable-libvpx --enable-libwebp --enable-libx265 --enable-libxml2 --enable-libxvid --enable-libzimg --enable-openal --enable-opencl --enable-opengl --disable-sndio --enable-libvpl --disable-libmfx --enable-libdc1394 --enable-libdrm --enable-libiec618  libavutil      58. 29.100 / 58. 29.100
  libavcodec     60. 31.102 / 60. 31.102
  libavformat    60. 16.100 / 60. 16.100
  libavdevice    60.  3.100 / 60.  3.100
  libavfilter     9. 12.100 /  9. 12.100
  libswscale      7.  5.100 /  7.  5.100
  libswresample   4. 12.100 /  4. 12.100
  libpostproc    57.  3.100 / 57.  3.100
Splitting the commandline.
Reading option '-i' ... matched as output url with argument 'http://138.121.15.230:9002/CARACOL/index.m3u8'.
Reading option '-t' ... matched as option 't' (record or transcode "duration" seconds of audio/video) with argument '7'.
Reading option '-f' ... matched as option 'f' (force format) with argument 'null'.
Reading option '-' ... matched as output url.
Finished splitting the commandline.
Parsing a group of options: global .
Successfully parsed a group of options.
Parsing a group of options: input url http://138.121.15.230:9002/CARACOL/index.m3u8.
Successfully parsed a group of options.
Opening an input file: http://138.121.15.230:9002/CARACOL/index.m3u8.
[AVFormatContext @ 0x55e4c16a3e80] Opening 'http://138.121.15.230:9002/CARACOL/index.m3u8' for reading
[http @ 0x55e4c16a44c0] Setting default whitelist 'http,https,tls,rtp,tcp,udp,crypto,httpproxy,data'
[tcp @ 0x55e4c1664540] Original list of addresses:
[tcp @ 0x55e4c1664540] Address 138.121.15.230 port 9002
[tcp @ 0x55e4c1664540] Interleaved list of addresses:
[tcp @ 0x55e4c1664540] Address 138.121.15.230 port 9002
[tcp @ 0x55e4c1664540] Starting connection attempt to 138.121.15.230 port 9002
[tcp @ 0x55e4c1664540] Successfully connected to 138.121.15.230 port 9002
[http @ 0x55e4c16a44c0] request: GET /CARACOL/index.m3u8 HTTP/1.1
User-Agent: Lavf/60.16.100
Accept: */*
Range: bytes=0-
Connection: close
Host: 138.121.15.230:9002
Icy-MetaData: 1


[hls @ 0x55e4c16a3e80] Format hls probed with size=2048 and score=100
[hls @ 0x55e4c16a3e80] Opening 'http://138.121.15.230:9002/CARACOL/tracks-a1/mono.m3u8' for reading
[tcp @ 0x55e4c1663f40] Original list of addresses:
[tcp @ 0x55e4c1663f40] Address 138.121.15.230 port 9002
[tcp @ 0x55e4c1663f40] Interleaved list of addresses:
[tcp @ 0x55e4c1663f40] Address 138.121.15.230 port 9002
[tcp @ 0x55e4c1663f40] Starting connection attempt to 138.121.15.230 port 9002
[tcp @ 0x55e4c1663f40] Successfully connected to 138.121.15.230 port 9002
[http @ 0x55e4c16ae0c0] request: GET /CARACOL/tracks-a1/mono.m3u8 HTTP/1.1
User-Agent: Lavf/60.16.100
Accept: */*
Range: bytes=0-
Connection: keep-alive
Host: 138.121.15.230:9002
Icy-MetaData: 1


[hls @ 0x55e4c16a3e80] Skip ('#EXT-X-VERSION:3')
[hls @ 0x55e4c16a3e80] Skip ('#EXT-X-PROGRAM-DATE-TIME:2026-07-09T03:34:59.226Z')
[hls @ 0x55e4c16a3e80] Skip ('#EXT-X-DISCONTINUITY')
[http @ 0x55e4c16b7280] Opening 'http://138.121.15.230:9002/CARACOL/tracks-a2/mono.m3u8' for reading
[http @ 0x55e4c16ae0c0] request: GET /CARACOL/tracks-a2/mono.m3u8 HTTP/1.1
User-Agent: Lavf/60.16.100
Accept: */*
Range: bytes=0-
Connection: keep-alive
Host: 138.121.15.230:9002
Icy-MetaData: 1


[hls @ 0x55e4c16a3e80] Skip ('#EXT-X-VERSION:3')
[hls @ 0x55e4c16a3e80] Skip ('#EXT-X-PROGRAM-DATE-TIME:2026-07-09T03:34:59.226Z')
[hls @ 0x55e4c16a3e80] Skip ('#EXT-X-DISCONTINUITY')
[http @ 0x55e4c16b7280] Opening 'http://138.121.15.230:9002/CARACOL/tracks-v1a1/mono.m3u8' for reading
[http @ 0x55e4c16ae0c0] request: GET /CARACOL/tracks-v1a1/mono.m3u8 HTTP/1.1
User-Agent: Lavf/60.16.100
Accept: */*
Range: bytes=0-
Connection: keep-alive
Host: 138.121.15.230:9002
Icy-MetaData: 1


[hls @ 0x55e4c16a3e80] Skip ('#EXT-X-VERSION:3')
[hls @ 0x55e4c16a3e80] Skip ('#EXT-X-PROGRAM-DATE-TIME:2026-07-09T03:34:59.226Z')
[hls @ 0x55e4c16a3e80] Skip ('#EXT-X-DISCONTINUITY')
[hls @ 0x55e4c16a3e80] HLS request for url 'http://138.121.15.230:9002/CARACOL/tracks-a1/2026/07/09/03/35/05-03387.ts', offset 0, playlist 0
[hls @ 0x55e4c16a3e80] Opening 'http://138.121.15.230:9002/CARACOL/tracks-a1/2026/07/09/03/35/05-03387.ts' for reading
[tcp @ 0x55e4c16cd4c0] Original list of addresses:
[tcp @ 0x55e4c16cd4c0] Address 138.121.15.230 port 9002
[tcp @ 0x55e4c16cd4c0] Interleaved list of addresses:
[tcp @ 0x55e4c16cd4c0] Address 138.121.15.230 port 9002
[tcp @ 0x55e4c16cd4c0] Starting connection attempt to 138.121.15.230 port 9002
[tcp @ 0x55e4c16cd4c0] Successfully connected to 138.121.15.230 port 9002
[http @ 0x55e4c16ca980] request: GET /CARACOL/tracks-a1/2026/07/09/03/35/05-03387.ts HTTP/1.1
User-Agent: Lavf/60.16.100
Accept: */*
Range: bytes=0-
Connection: keep-alive
Host: 138.121.15.230:9002
Icy-MetaData: 1


[hls @ 0x55e4c16a3e80] HLS request for url 'http://138.121.15.230:9002/CARACOL/tracks-a1/2026/07/09/03/35/15-05739.ts', offset 0, playlist 0
[hls @ 0x55e4c16a3e80] Opening 'http://138.121.15.230:9002/CARACOL/tracks-a1/2026/07/09/03/35/15-05739.ts' for reading
[tcp @ 0x55e4c16d83c0] Original list of addresses:
[tcp @ 0x55e4c16d83c0] Address 138.121.15.230 port 9002
[tcp @ 0x55e4c16d83c0] Interleaved list of addresses:
[tcp @ 0x55e4c16d83c0] Address 138.121.15.230 port 9002
[tcp @ 0x55e4c16d83c0] Starting connection attempt to 138.121.15.230 port 9002
[tcp @ 0x55e4c16d83c0] Successfully connected to 138.121.15.230 port 9002
[http @ 0x55e4c16d57c0] request: GET /CARACOL/tracks-a1/2026/07/09/03/35/15-05739.ts HTTP/1.1
User-Agent: Lavf/60.16.100
Accept: */*
Range: bytes=0-
Connection: keep-alive
Host: 138.121.15.230:9002
Icy-MetaData: 1


Format mpegts probed with size=2048 and score=50
[mpegts @ 0x55e4c16c1c80] stream=0 stream_type=4 pid=dd prog_reg_desc=
[mpegts @ 0x55e4c16c1c80] Before avformat_find_stream_info() pos: 0 bytes read:32768 seeks:0 nb_streams:1
[mpegts @ 0x55e4c16c1c80] All programs have pmt, headers found
[mpegts @ 0x55e4c16c1c80] probing stream 0 pp:2500
[mpegts @ 0x55e4c16c1c80] Probe with size=768, packets=1 detected mp3 with score=1
[mpegts @ 0x55e4c16c1c80] probing stream 0 pp:2499
[mpegts @ 0x55e4c16c1c80] Probe with size=1536, packets=2 detected mp3 with score=1
[mpegts @ 0x55e4c16c1c80] probing stream 0 pp:2498
[mpegts @ 0x55e4c16c1c80] Probe with size=2304, packets=3 detected mp3 with score=1
[mpegts @ 0x55e4c16c1c80] probing stream 0 pp:2497
[mpegts @ 0x55e4c16c1c80] probing stream 0 pp:2496
[mpegts @ 0x55e4c16c1c80] probing stream 0 pp:2495
[mpegts @ 0x55e4c16c1c80] Probe with size=4608, packets=6 detected mp3 with score=25
[mpegts @ 0x55e4c16c1c80] probed stream 0
[mpegts @ 0x55e4c16c1c80] All info found
[mpegts @ 0x55e4c16c1c80] After avformat_find_stream_info() pos: 6204 bytes read:32768 seeks:0 frames:1
[hls @ 0x55e4c16a3e80] HLS request for url 'http://138.121.15.230:9002/CARACOL/tracks-a2/2026/07/09/03/35/05-03387.ts', offset 0, playlist 1
[hls @ 0x55e4c16a3e80] Opening 'http://138.121.15.230:9002/CARACOL/tracks-a2/2026/07/09/03/35/05-03387.ts' for reading
[tcp @ 0x55e4c16ca080] Original list of addresses:
[tcp @ 0x55e4c16ca080] Address 138.121.15.230 port 9002
[tcp @ 0x55e4c16ca080] Interleaved list of addresses:
[tcp @ 0x55e4c16ca080] Address 138.121.15.230 port 9002
[tcp @ 0x55e4c16ca080] Starting connection attempt to 138.121.15.230 port 9002
[tcp @ 0x55e4c16ca080] Successfully connected to 138.121.15.230 port 9002
[http @ 0x55e4c16c2bc0] request: GET /CARACOL/tracks-a2/2026/07/09/03/35/05-03387.ts HTTP/1.1
User-Agent: Lavf/60.16.100
Accept: */*
Range: bytes=0-
Connection: keep-alive
Host: 138.121.15.230:9002
Icy-MetaData: 1


[hls @ 0x55e4c16a3e80] HLS request for url 'http://138.121.15.230:9002/CARACOL/tracks-a2/2026/07/09/03/35/15-05739.ts', offset 0, playlist 1
[hls @ 0x55e4c16a3e80] Opening 'http://138.121.15.230:9002/CARACOL/tracks-a2/2026/07/09/03/35/15-05739.ts' for reading
[tcp @ 0x55e4c16c52c0] Original list of addresses:
[tcp @ 0x55e4c16c52c0] Address 138.121.15.230 port 9002
[tcp @ 0x55e4c16c52c0] Interleaved list of addresses:
[tcp @ 0x55e4c16c52c0] Address 138.121.15.230 port 9002
[tcp @ 0x55e4c16c52c0] Starting connection attempt to 138.121.15.230 port 9002
[tcp @ 0x55e4c16c52c0] Successfully connected to 138.121.15.230 port 9002
[http @ 0x55e4c16c5000] request: GET /CARACOL/tracks-a2/2026/07/09/03/35/15-05739.ts HTTP/1.1
User-Agent: Lavf/60.16.100
Accept: */*
Range: bytes=0-
Connection: keep-alive
Host: 138.121.15.230:9002
Icy-MetaData: 1


Format mpegts probed with size=2048 and score=50
[mpegts @ 0x55e4c16c4240] stream=0 stream_type=81 pid=dd prog_reg_desc=
[mpegts @ 0x55e4c16c4240] Before avformat_find_stream_info() pos: 0 bytes read:32768 seeks:0 nb_streams:1
For transform of length 128, inverse, mdct_float, flags: [aligned, out_of_place], found 3 matches:
    1: mdct_inv_float_avx2 - type: mdct_float, len: [16, ∞], factors[2]: [2, any], flags: [aligned, out_of_place, inv_only], prio: 511
    2: mdct_inv_float_c - type: mdct_float, len: [2, ∞], factors[2]: [2, any], flags: [unaligned, out_of_place, inv_only], prio: 96
    3: mdct_naive_inv_float_c - type: mdct_float, len: [2, ∞], factors[2]: [2, any], flags: [unaligned, out_of_place, inv_only], prio: -130976
For transform of length 64, inverse, fft_float, flags: [aligned, inplace, preshuf, asm_call], found 3 matches:
    1: fft_sr_asm_float_fma3 - type: fft_float, len: [64, 131072], factor: 2, flags: [aligned, inplace, out_of_place, preshuf, asm_call], prio: 448
    2: fft_sr_asm_float_avx2 - type: fft_float, len: [64, 131072], factor: 2, flags: [aligned, inplace, out_of_place, preshuf, asm_call], prio: 447
    3: fft_sr_asm_float_avx - type: fft_float, len: [64, 131072], factor: 2, flags: [aligned, inplace, out_of_place, preshuf, asm_call], prio: 416
Transform tree:
    mdct_inv_float_avx2 - type: mdct_float, len: 128, factors[2]: [2, any], flags: [aligned, out_of_place, inv_only]
        fft_sr_asm_float_fma3 - type: fft_float, len: 64, factor: 2, flags: [aligned, inplace, out_of_place, preshuf, asm_call]
For transform of length 256, inverse, mdct_float, flags: [aligned, out_of_place], found 3 matches:
    1: mdct_inv_float_avx2 - type: mdct_float, len: [16, ∞], factors[2]: [2, any], flags: [aligned, out_of_place, inv_only], prio: 511
    2: mdct_inv_float_c - type: mdct_float, len: [2, ∞], factors[2]: [2, any], flags: [unaligned, out_of_place, inv_only], prio: 96
    3: mdct_naive_inv_float_c - type: mdct_float, len: [2, ∞], factors[2]: [2, any], flags: [unaligned, out_of_place, inv_only], prio: -130976
For transform of length 128, inverse, fft_float, flags: [aligned, inplace, preshuf, asm_call], found 3 matches:
    1: fft_sr_asm_float_fma3 - type: fft_float, len: [64, 131072], factor: 2, flags: [aligned, inplace, out_of_place, preshuf, asm_call], prio: 448
    2: fft_sr_asm_float_avx2 - type: fft_float, len: [64, 131072], factor: 2, flags: [aligned, inplace, out_of_place, preshuf, asm_call], prio: 447
    3: fft_sr_asm_float_avx - type: fft_float, len: [64, 131072], factor: 2, flags: [aligned, inplace, out_of_place, preshuf, asm_call], prio: 416
Transform tree:
    mdct_inv_float_avx2 - type: mdct_float, len: 256, factors[2]: [2, any], flags: [aligned, out_of_place, inv_only]
        fft_sr_asm_float_fma3 - type: fft_float, len: 128, factor: 2, flags: [aligned, inplace, out_of_place, preshuf, asm_call]
[mpegts @ 0x55e4c16c4240] All programs have pmt, headers found
[mpegts @ 0x55e4c16c4240] All info found
[mpegts @ 0x55e4c16c4240] After avformat_find_stream_info() pos: 4324 bytes read:32768 seeks:0 frames:1
[hls @ 0x55e4c16a3e80] HLS request for url 'http://138.121.15.230:9002/CARACOL/tracks-v1a1/2026/07/09/03/35/05-03387.ts', offset 0, playlist 2
[hls @ 0x55e4c16a3e80] Opening 'http://138.121.15.230:9002/CARACOL/tracks-v1a1/2026/07/09/03/35/05-03387.ts' for reading
[tcp @ 0x55e4c16c9b40] Original list of addresses:
[tcp @ 0x55e4c16c9b40] Address 138.121.15.230 port 9002
[tcp @ 0x55e4c16c9b40] Interleaved list of addresses:
[tcp @ 0x55e4c16c9b40] Address 138.121.15.230 port 9002
[tcp @ 0x55e4c16c9b40] Starting connection attempt to 138.121.15.230 port 9002
[tcp @ 0x55e4c16c9b40] Successfully connected to 138.121.15.230 port 9002
[http @ 0x55e4c16c4b80] request: GET /CARACOL/tracks-v1a1/2026/07/09/03/35/05-03387.ts HTTP/1.1
User-Agent: Lavf/60.16.100
Accept: */*
Range: bytes=0-
Connection: keep-alive
Host: 138.121.15.230:9002
Icy-MetaData: 1


[hls @ 0x55e4c16a3e80] HLS request for url 'http://138.121.15.230:9002/CARACOL/tracks-v1a1/2026/07/09/03/35/15-05739.ts', offset 0, playlist 2
[hls @ 0x55e4c16a3e80] Opening 'http://138.121.15.230:9002/CARACOL/tracks-v1a1/2026/07/09/03/35/15-05739.ts' for reading
[tcp @ 0x55e4c16ffb80] Original list of addresses:
[tcp @ 0x55e4c16ffb80] Address 138.121.15.230 port 9002
[tcp @ 0x55e4c16ffb80] Interleaved list of addresses:
[tcp @ 0x55e4c16ffb80] Address 138.121.15.230 port 9002
[tcp @ 0x55e4c16ffb80] Starting connection attempt to 138.121.15.230 port 9002
[tcp @ 0x55e4c16ffb80] Successfully connected to 138.121.15.230 port 9002
[http @ 0x55e4c171d080] request: GET /CARACOL/tracks-v1a1/2026/07/09/03/35/15-05739.ts HTTP/1.1
User-Agent: Lavf/60.16.100
Accept: */*
Range: bytes=0-
Connection: keep-alive
Host: 138.121.15.230:9002
Icy-MetaData: 1


Format mpegts probed with size=2048 and score=50
[mpegts @ 0x55e4c171c5c0] stream=0 stream_type=1b pid=d3 prog_reg_desc=
[mpegts @ 0x55e4c171c5c0] stream=1 stream_type=4 pid=dd prog_reg_desc=
[hls @ 0x55e4c16a3e80] Before avformat_find_stream_info() pos: 427 bytes read:427 seeks:0 nb_streams:4
[mpegts @ 0x55e4c171c5c0] All programs have pmt, headers found
[mpegts @ 0x55e4c171c5c0] probing stream 1 pp:2500
[mpegts @ 0x55e4c171c5c0] Probe with size=768, packets=1 detected mp3 with score=1
[mpegts @ 0x55e4c171c5c0] probing stream 1 pp:2499
[mpegts @ 0x55e4c171c5c0] Probe with size=1536, packets=2 detected mp3 with score=1
[mpegts @ 0x55e4c171c5c0] probing stream 1 pp:2498
[mpegts @ 0x55e4c171c5c0] Probe with size=2304, packets=3 detected mp3 with score=1
[mpegts @ 0x55e4c171c5c0] probing stream 1 pp:2497
[mpegts @ 0x55e4c171c5c0] probing stream 1 pp:2496
[mpegts @ 0x55e4c171c5c0] probing stream 1 pp:2495
[mpegts @ 0x55e4c171c5c0] Probe with size=4608, packets=6 detected mp3 with score=25
[mpegts @ 0x55e4c171c5c0] probed stream 1
[NULL @ 0x55e4c1749980] Decoding VUI
[NULL @ 0x55e4c1749980] ct_type:0 pic_struct:1
[extract_extradata @ 0x55e4c17b0a40] nal_unit_type: 9(AUD), nal_ref_idc: 0
[extract_extradata @ 0x55e4c17b0a40] nal_unit_type: 7(SPS), nal_ref_idc: 3
[extract_extradata @ 0x55e4c17b0a40] nal_unit_type: 8(PPS), nal_ref_idc: 3
[extract_extradata @ 0x55e4c17b0a40] nal_unit_type: 6(SEI), nal_ref_idc: 0
[extract_extradata @ 0x55e4c17b0a40] nal_unit_type: 6(SEI), nal_ref_idc: 0
[extract_extradata @ 0x55e4c17b0a40] nal_unit_type: 1(Coded slice of a non-IDR picture), nal_ref_idc: 3
[h264 @ 0x55e4c174aa00] nal_unit_type: 9(AUD), nal_ref_idc: 0
[h264 @ 0x55e4c174aa00] nal_unit_type: 7(SPS), nal_ref_idc: 3
[h264 @ 0x55e4c174aa00] nal_unit_type: 8(PPS), nal_ref_idc: 3
[h264 @ 0x55e4c174aa00] nal_unit_type: 6(SEI), nal_ref_idc: 0
[h264 @ 0x55e4c174aa00] nal_unit_type: 6(SEI), nal_ref_idc: 0
[h264 @ 0x55e4c174aa00] nal_unit_type: 1(Coded slice of a non-IDR picture), nal_ref_idc: 3
[h264 @ 0x55e4c174aa00] Decoding VUI
[h264 @ 0x55e4c174aa00] Format yuv420p chosen by get_format().
[h264 @ 0x55e4c174aa00] Reinit context to 1920x1088, pix_fmt: yuv420p
[h264 @ 0x55e4c174aa00] Frame num gap 29313 29310
[h264 @ 0x55e4c174aa00] Frame num gap 29313 29311
For transform of length 128, inverse, mdct_float, flags: [aligned, out_of_place], found 3 matches:
    1: mdct_inv_float_avx2 - type: mdct_float, len: [16, ∞], factors[2]: [2, any], flags: [aligned, out_of_place, inv_only], prio: 511
    2: mdct_inv_float_c - type: mdct_float, len: [2, ∞], factors[2]: [2, any], flags: [unaligned, out_of_place, inv_only], prio: 96
    3: mdct_naive_inv_float_c - type: mdct_float, len: [2, ∞], factors[2]: [2, any], flags: [unaligned, out_of_place, inv_only], prio: -130976
For transform of length 64, inverse, fft_float, flags: [aligned, inplace, preshuf, asm_call], found 3 matches:
    1: fft_sr_asm_float_fma3 - type: fft_float, len: [64, 131072], factor: 2, flags: [aligned, inplace, out_of_place, preshuf, asm_call], prio: 448
    2: fft_sr_asm_float_avx2 - type: fft_float, len: [64, 131072], factor: 2, flags: [aligned, inplace, out_of_place, preshuf, asm_call], prio: 447
    3: fft_sr_asm_float_avx - type: fft_float, len: [64, 131072], factor: 2, flags: [aligned, inplace, out_of_place, preshuf, asm_call], prio: 416
Transform tree:
    mdct_inv_float_avx2 - type: mdct_float, len: 128, factors[2]: [2, any], flags: [aligned, out_of_place, inv_only]
        fft_sr_asm_float_fma3 - type: fft_float, len: 64, factor: 2, flags: [aligned, inplace, out_of_place, preshuf, asm_call]
For transform of length 256, inverse, mdct_float, flags: [aligned, out_of_place], found 3 matches:
    1: mdct_inv_float_avx2 - type: mdct_float, len: [16, ∞], factors[2]: [2, any], flags: [aligned, out_of_place, inv_only], prio: 511
    2: mdct_inv_float_c - type: mdct_float, len: [2, ∞], factors[2]: [2, any], flags: [unaligned, out_of_place, inv_only], prio: 96
    3: mdct_naive_inv_float_c - type: mdct_float, len: [2, ∞], factors[2]: [2, any], flags: [unaligned, out_of_place, inv_only], prio: -130976
For transform of length 128, inverse, fft_float, flags: [aligned, inplace, preshuf, asm_call], found 3 matches:
    1: fft_sr_asm_float_fma3 - type: fft_float, len: [64, 131072], factor: 2, flags: [aligned, inplace, out_of_place, preshuf, asm_call], prio: 448
    2: fft_sr_asm_float_avx2 - type: fft_float, len: [64, 131072], factor: 2, flags: [aligned, inplace, out_of_place, preshuf, asm_call], prio: 447
    3: fft_sr_asm_float_avx - type: fft_float, len: [64, 131072], factor: 2, flags: [aligned, inplace, out_of_place, preshuf, asm_call], prio: 416
Transform tree:
    mdct_inv_float_avx2 - type: mdct_float, len: 256, factors[2]: [2, any], flags: [aligned, out_of_place, inv_only]
        fft_sr_asm_float_fma3 - type: fft_float, len: 128, factor: 2, flags: [aligned, inplace, out_of_place, preshuf, asm_call]
[hls @ 0x55e4c16a3e80] Demuxer context update while decoder is open, closing and trying to re-open
[hls @ 0x55e4c16a3e80] Demuxer context update while decoder is open, closing and trying to re-open
[NULL @ 0x55e4c1749980] ct_type:0 pic_struct:2
[h264 @ 0x55e4c174aa00] nal_unit_type: 9(AUD), nal_ref_idc: 0
[h264 @ 0x55e4c174aa00] nal_unit_type: 8(PPS), nal_ref_idc: 3
[h264 @ 0x55e4c174aa00] nal_unit_type: 6(SEI), nal_ref_idc: 0
[h264 @ 0x55e4c174aa00] nal_unit_type: 1(Coded slice of a non-IDR picture), nal_ref_idc: 2
[h264 @ 0x55e4c174aa00] ct_type:0 pic_struct:2
[NULL @ 0x55e4c1749980] ct_type:0 pic_struct:1
[h264 @ 0x55e4c174aa00] nal_unit_type: 9(AUD), nal_ref_idc: 0
[h264 @ 0x55e4c174aa00] nal_unit_type: 8(PPS), nal_ref_idc: 3
[h264 @ 0x55e4c174aa00] nal_unit_type: 6(SEI), nal_ref_idc: 0
[h264 @ 0x55e4c174aa00] nal_unit_type: 6(SEI), nal_ref_idc: 0
[h264 @ 0x55e4c174aa00] nal_unit_type: 1(Coded slice of a non-IDR picture), nal_ref_idc: 0
[NULL @ 0x55e4c1749980] ct_type:0 pic_struct:2
[h264 @ 0x55e4c174aa00] nal_unit_type: 9(AUD), nal_ref_idc: 0
[h264 @ 0x55e4c174aa00] nal_unit_type: 8(PPS), nal_ref_idc: 3
[h264 @ 0x55e4c174aa00] nal_unit_type: 6(SEI), nal_ref_idc: 0
[h264 @ 0x55e4c174aa00] nal_unit_type: 1(Coded slice of a non-IDR picture), nal_ref_idc: 0
[h264 @ 0x55e4c174aa00] ct_type:0 pic_struct:2
[h264 @ 0x55e4c174aa00] Increasing reorder buffer to 1
[h264 @ 0x55e4c174aa00] no picture ooo
[NULL @ 0x55e4c1749980] ct_type:0 pic_struct:1
[h264 @ 0x55e4c174aa00] nal_unit_type: 9(AUD), nal_ref_idc: 0
[h264 @ 0x55e4c174aa00] nal_unit_type: 8(PPS), nal_ref_idc: 3
[h264 @ 0x55e4c174aa00] nal_unit_type: 6(SEI), nal_ref_idc: 0
[h264 @ 0x55e4c174aa00] nal_unit_type: 6(SEI), nal_ref_idc: 0
[h264 @ 0x55e4c174aa00] nal_unit_type: 1(Coded slice of a non-IDR picture), nal_ref_idc: 2
[NULL @ 0x55e4c1749980] ct_type:0 pic_struct:2
[h264 @ 0x55e4c174aa00] nal_unit_type: 9(AUD), nal_ref_idc: 0
[h264 @ 0x55e4c174aa00] nal_unit_type: 8(PPS), nal_ref_idc: 3
[h264 @ 0x55e4c174aa00] nal_unit_type: 6(SEI), nal_ref_idc: 0
[h264 @ 0x55e4c174aa00] nal_unit_type: 1(Coded slice of a non-IDR picture), nal_ref_idc: 2
[h264 @ 0x55e4c174aa00] ct_type:0 pic_struct:2
[h264 @ 0x55e4c174aa00] no picture 
[NULL @ 0x55e4c1749980] ct_type:0 pic_struct:1
[h264 @ 0x55e4c174aa00] nal_unit_type: 9(AUD), nal_ref_idc: 0
[h264 @ 0x55e4c174aa00] nal_unit_type: 8(PPS), nal_ref_idc: 3
[h264 @ 0x55e4c174aa00] nal_unit_type: 6(SEI), nal_ref_idc: 0
[h264 @ 0x55e4c174aa00] nal_unit_type: 6(SEI), nal_ref_idc: 0
[h264 @ 0x55e4c174aa00] nal_unit_type: 1(Coded slice of a non-IDR picture), nal_ref_idc: 0
[NULL @ 0x55e4c1749980] ct_type:0 pic_struct:2
[h264 @ 0x55e4c174aa00] nal_unit_type: 9(AUD), nal_ref_idc: 0
[h264 @ 0x55e4c174aa00] nal_unit_type: 8(PPS), nal_ref_idc: 3
[h264 @ 0x55e4c174aa00] nal_unit_type: 6(SEI), nal_ref_idc: 0
[h264 @ 0x55e4c174aa00] nal_unit_type: 1(Coded slice of a non-IDR picture), nal_ref_idc: 0
[h264 @ 0x55e4c174aa00] ct_type:0 pic_struct:2
[NULL @ 0x55e4c1749980] ct_type:0 pic_struct:1
[h264 @ 0x55e4c174aa00] nal_unit_type: 9(AUD), nal_ref_idc: 0
[h264 @ 0x55e4c174aa00] nal_unit_type: 8(PPS), nal_ref_idc: 3
[h264 @ 0x55e4c174aa00] nal_unit_type: 6(SEI), nal_ref_idc: 0
[h264 @ 0x55e4c174aa00] nal_unit_type: 6(SEI), nal_ref_idc: 0
[h264 @ 0x55e4c174aa00] nal_unit_type: 1(Coded slice of a non-IDR picture), nal_ref_idc: 2
[NULL @ 0x55e4c1749980] ct_type:0 pic_struct:2
[h264 @ 0x55e4c174aa00] nal_unit_type: 9(AUD), nal_ref_idc: 0
[h264 @ 0x55e4c174aa00] nal_unit_type: 8(PPS), nal_ref_idc: 3
[h264 @ 0x55e4c174aa00] nal_unit_type: 6(SEI), nal_ref_idc: 0
[h264 @ 0x55e4c174aa00] nal_unit_type: 1(Coded slice of a non-IDR picture), nal_ref_idc: 2
[h264 @ 0x55e4c174aa00] ct_type:0 pic_struct:2
[NULL @ 0x55e4c1749980] ct_type:0 pic_struct:1
[h264 @ 0x55e4c174aa00] nal_unit_type: 9(AUD), nal_ref_idc: 0
[h264 @ 0x55e4c174aa00] nal_unit_type: 8(PPS), nal_ref_idc: 3
[h264 @ 0x55e4c174aa00] nal_unit_type: 6(SEI), nal_ref_idc: 0
[h264 @ 0x55e4c174aa00] nal_unit_type: 6(SEI), nal_ref_idc: 0
[h264 @ 0x55e4c174aa00] nal_unit_type: 1(Coded slice of a non-IDR picture), nal_ref_idc: 0
[NULL @ 0x55e4c1749980] ct_type:0 pic_struct:2
[h264 @ 0x55e4c174aa00] nal_unit_type: 9(AUD), nal_ref_idc: 0
[h264 @ 0x55e4c174aa00] nal_unit_type: 8(PPS), nal_ref_idc: 3
[h264 @ 0x55e4c174aa00] nal_unit_type: 6(SEI), nal_ref_idc: 0
[h264 @ 0x55e4c174aa00] nal_unit_type: 1(Coded slice of a non-IDR picture), nal_ref_idc: 0
[h264 @ 0x55e4c174aa00] ct_type:0 pic_struct:2
[NULL @ 0x55e4c1749980] ct_type:0 pic_struct:1
[h264 @ 0x55e4c174aa00] nal_unit_type: 9(AUD), nal_ref_idc: 0
[h264 @ 0x55e4c174aa00] nal_unit_type: 8(PPS), nal_ref_idc: 3
[h264 @ 0x55e4c174aa00] nal_unit_type: 6(SEI), nal_ref_idc: 0
[h264 @ 0x55e4c174aa00] nal_unit_type: 6(SEI), nal_ref_idc: 0
[h264 @ 0x55e4c174aa00] nal_unit_type: 1(Coded slice of a non-IDR picture), nal_ref_idc: 2
[NULL @ 0x55e4c1749980] ct_type:0 pic_struct:2
[h264 @ 0x55e4c174aa00] nal_unit_type: 9(AUD), nal_ref_idc: 0
[h264 @ 0x55e4c174aa00] nal_unit_type: 8(PPS), nal_ref_idc: 3
[h264 @ 0x55e4c174aa00] nal_unit_type: 6(SEI), nal_ref_idc: 0
[h264 @ 0x55e4c174aa00] nal_unit_type: 1(Coded slice of a non-IDR picture), nal_ref_idc: 2
[h264 @ 0x55e4c174aa00] ct_type:0 pic_struct:2
[NULL @ 0x55e4c1749980] ct_type:0 pic_struct:1
[h264 @ 0x55e4c174aa00] nal_unit_type: 9(AUD), nal_ref_idc: 0
[h264 @ 0x55e4c174aa00] nal_unit_type: 8(PPS), nal_ref_idc: 3
[h264 @ 0x55e4c174aa00] nal_unit_type: 6(SEI), nal_ref_idc: 0
[h264 @ 0x55e4c174aa00] nal_unit_type: 6(SEI), nal_ref_idc: 0
[h264 @ 0x55e4c174aa00] nal_unit_type: 1(Coded slice of a non-IDR picture), nal_ref_idc: 0
[NULL @ 0x55e4c1749980] ct_type:0 pic_struct:2
[h264 @ 0x55e4c174aa00] nal_unit_type: 9(AUD), nal_ref_idc: 0
[h264 @ 0x55e4c174aa00] nal_unit_type: 8(PPS), nal_ref_idc: 3
[h264 @ 0x55e4c174aa00] nal_unit_type: 6(SEI), nal_ref_idc: 0
[h264 @ 0x55e4c174aa00] nal_unit_type: 1(Coded slice of a non-IDR picture), nal_ref_idc: 0
[h264 @ 0x55e4c174aa00] ct_type:0 pic_struct:2
[NULL @ 0x55e4c1749980] ct_type:0 pic_struct:1
[h264 @ 0x55e4c174aa00] nal_unit_type: 9(AUD), nal_ref_idc: 0
[h264 @ 0x55e4c174aa00] nal_unit_type: 8(PPS), nal_ref_idc: 3
[h264 @ 0x55e4c174aa00] nal_unit_type: 6(SEI), nal_ref_idc: 0
[h264 @ 0x55e4c174aa00] nal_unit_type: 6(SEI), nal_ref_idc: 0
[h264 @ 0x55e4c174aa00] nal_unit_type: 1(Coded slice of a non-IDR picture), nal_ref_idc: 2
[NULL @ 0x55e4c1749980] ct_type:0 pic_struct:2
[h264 @ 0x55e4c174aa00] nal_unit_type: 9(AUD), nal_ref_idc: 0
[h264 @ 0x55e4c174aa00] nal_unit_type: 8(PPS), nal_ref_idc: 3
[h264 @ 0x55e4c174aa00] nal_unit_type: 6(SEI), nal_ref_idc: 0
[h264 @ 0x55e4c174aa00] nal_unit_type: 1(Coded slice of a non-IDR picture), nal_ref_idc: 2
[h264 @ 0x55e4c174aa00] ct_type:0 pic_struct:2
[NULL @ 0x55e4c1749980] ct_type:0 pic_struct:1
[NULL @ 0x55e4c1749980] ct_type:0 pic_struct:2
[NULL @ 0x55e4c1749980] ct_type:0 pic_struct:1
[hls @ 0x55e4c16a3e80] All info found
[hls @ 0x55e4c16a3e80] rfps: 59.000000 0.008181
[hls @ 0x55e4c16a3e80] rfps: 60.000000 0.000033
[hls @ 0x55e4c16a3e80] rfps: 60.000000 0.000033
[hls @ 0x55e4c16a3e80] rfps: 120.000000 0.000132
[hls @ 0x55e4c16a3e80] rfps: 120.000000 0.000132
[hls @ 0x55e4c16a3e80] rfps: 240.000000 0.000530
[hls @ 0x55e4c16a3e80] rfps: 240.000000 0.000530
[hls @ 0x55e4c16a3e80] rfps: 59.940060 0.000000
[hls @ 0x55e4c16a3e80] rfps: 59.940060 0.000000
[hls @ 0x55e4c16a3e80] After avformat_find_stream_info() pos: 427 bytes read:427 seeks:0 frames:62
Input #0, hls, from 'http://138.121.15.230:9002/CARACOL/index.m3u8':
  Duration: N/A, start: 11352.585722, bitrate: N/A
  Program 0 
    Metadata:
      variant_bitrate : 11770000
  Stream #0:0(spa), 15, 1/90000: Audio: mp2 ([4][0][0][0] / 0x0004), 48000 Hz, stereo, s16p, 256 kb/s
    Metadata:
      variant_bitrate : 11770000
      comment         : spa a1
  Stream #0:1(eng), 11, 1/90000: Audio: ac3 ([129][0][0][0] / 0x0081), 48000 Hz, 5.1(side), fltp, 448 kb/s
    Metadata:
      variant_bitrate : 11770000
      comment         : eng a2
  Stream #0:2, 21, 1/90000: Video: h264 (High) ([27][0][0][0] / 0x001B), yuv420p(tv, bt709), 1920x1080 [SAR 1:1 DAR 16:9], Closed Captions, 59.94 fps, 59.94 tbr, 90k tbn
    Metadata:
      variant_bitrate : 11770000
  Stream #0:3(spa), 15, 1/90000: Audio: mp2 ([4][0][0][0] / 0x0004), 48000 Hz, stereo, s16p, 256 kb/s
    Metadata:
      variant_bitrate : 11770000
Successfully opened the file.
Parsing a group of options: output url -.
Applying option t (record or transcode "duration" seconds of audio/video) with argument 7.
Applying option f (force format) with argument null.
Successfully parsed a group of options.
Opening an output file: -.
[out#0/null @ 0x55e4c1984480] No explicit maps, mapping streams automatically...
[vost#0:0/wrapped_avframe @ 0x55e4c198da80] Created video stream from input stream 0:2
detected 4 logical cores
[h264 @ 0x55e4c198e700] nal_unit_type: 7(SPS), nal_ref_idc: 3
[h264 @ 0x55e4c198e700] nal_unit_type: 8(PPS), nal_ref_idc: 3
[h264 @ 0x55e4c198e700] Decoding VUI
[aost#0:1/pcm_s16le @ 0x55e4c18bebc0] Created audio stream from input stream 0:1
For transform of length 128, inverse, mdct_float, flags: [aligned, out_of_place], found 3 matches:
    1: mdct_inv_float_avx2 - type: mdct_float, len: [16, ∞], factors[2]: [2, any], flags: [aligned, out_of_place, inv_only], prio: 511
    2: mdct_inv_float_c - type: mdct_float, len: [2, ∞], factors[2]: [2, any], flags: [unaligned, out_of_place, inv_only], prio: 96
    3: mdct_naive_inv_float_c - type: mdct_float, len: [2, ∞], factors[2]: [2, any], flags: [unaligned, out_of_place, inv_only], prio: -130976
For transform of length 64, inverse, fft_float, flags: [aligned, inplace, preshuf, asm_call], found 3 matches:
    1: fft_sr_asm_float_fma3 - type: fft_float, len: [64, 131072], factor: 2, flags: [aligned, inplace, out_of_place, preshuf, asm_call], prio: 448
    2: fft_sr_asm_float_avx2 - type: fft_float, len: [64, 131072], factor: 2, flags: [aligned, inplace, out_of_place, preshuf, asm_call], prio: 447
    3: fft_sr_asm_float_avx - type: fft_float, len: [64, 131072], factor: 2, flags: [aligned, inplace, out_of_place, preshuf, asm_call], prio: 416
Transform tree:
    mdct_inv_float_avx2 - type: mdct_float, len: 128, factors[2]: [2, any], flags: [aligned, out_of_place, inv_only]
        fft_sr_asm_float_fma3 - type: fft_float, len: 64, factor: 2, flags: [aligned, inplace, out_of_place, preshuf, asm_call]
For transform of length 256, inverse, mdct_float, flags: [aligned, out_of_place], found 3 matches:
    1: mdct_inv_float_avx2 - type: mdct_float, len: [16, ∞], factors[2]: [2, any], flags: [aligned, out_of_place, inv_only], prio: 511
    2: mdct_inv_float_c - type: mdct_float, len: [2, ∞], factors[2]: [2, any], flags: [unaligned, out_of_place, inv_only], prio: 96
    3: mdct_naive_inv_float_c - type: mdct_float, len: [2, ∞], factors[2]: [2, any], flags: [unaligned, out_of_place, inv_only], prio: -130976
For transform of length 128, inverse, fft_float, flags: [aligned, inplace, preshuf, asm_call], found 3 matches:
    1: fft_sr_asm_float_fma3 - type: fft_float, len: [64, 131072], factor: 2, flags: [aligned, inplace, out_of_place, preshuf, asm_call], prio: 448
    2: fft_sr_asm_float_avx2 - type: fft_float, len: [64, 131072], factor: 2, flags: [aligned, inplace, out_of_place, preshuf, asm_call], prio: 447
    3: fft_sr_asm_float_avx - type: fft_float, len: [64, 131072], factor: 2, flags: [aligned, inplace, out_of_place, preshuf, asm_call], prio: 416
Transform tree:
    mdct_inv_float_avx2 - type: mdct_float, len: 256, factors[2]: [2, any], flags: [aligned, out_of_place, inv_only]
        fft_sr_asm_float_fma3 - type: fft_float, len: 128, factor: 2, flags: [aligned, inplace, out_of_place, preshuf, asm_call]
Successfully opened the file.
Correcting start time of Input #0 by 1689 us.
Stream mapping:
  Stream #0:2 -> #0:0 (h264 (native) -> wrapped_avframe (native))
  Stream #0:1 -> #0:1 (ac3 (native) -> pcm_s16le (native))
Press [q] to stop, [?] for help
[h264 @ 0x55e4c198e700] nal_unit_type: 9(AUD), nal_ref_idc: 0
[h264 @ 0x55e4c198e700] nal_unit_type: 7(SPS), nal_ref_idc: 3
[h264 @ 0x55e4c198e700] nal_unit_type: 8(PPS), nal_ref_idc: 3
[h264 @ 0x55e4c198e700] nal_unit_type: 6(SEI), nal_ref_idc: 0
[h264 @ 0x55e4c198e700] nal_unit_type: 6(SEI), nal_ref_idc: 0
[h264 @ 0x55e4c198e700] nal_unit_type: 1(Coded slice of a non-IDR picture), nal_ref_idc: 3
[h264 @ 0x55e4c198e700] Decoding VUI
[h264 @ 0x55e4c198e700] Format yuv420p chosen by get_format().
[h264 @ 0x55e4c198e700] Reinit context to 1920x1088, pix_fmt: yuv420p
[graph_1_in_0_1 @ 0x55e4c16c3940] Setting 'time_base' to value '1/48000'
[graph_1_in_0_1 @ 0x55e4c16c3940] Setting 'sample_rate' to value '48000'
[graph_1_in_0_1 @ 0x55e4c16c3940] Setting 'sample_fmt' to value 'fltp'
[graph_1_in_0_1 @ 0x55e4c16c3940] Setting 'channel_layout' to value '5.1(side)'
[graph_1_in_0_1 @ 0x55e4c16c3940] tb:1/48000 samplefmt:fltp samplerate:48000 chlayout:5.1(side)
[format_out_0_1 @ 0x55e4c18b2700] Setting 'sample_fmts' to value 's16'
[format_out_0_1 @ 0x55e4c18b2700] auto-inserting filter 'auto_aresample_0' between the filter 'Parsed_anull_0' and the filter 'format_out_0_1'
[AVFilterGraph @ 0x55e4c1984280] query_formats: 5 queried, 6 merged, 7 already done, 0 delayed
[auto_aresample_0 @ 0x55e4c18b3b80] [SWR @ 0x55e4c17f9cc0] Using fltp internally between filters
[auto_aresample_0 @ 0x55e4c18b3b80] ch:6 chl:5.1(side) fmt:fltp r:48000Hz -> ch:6 chl:5.1(side) fmt:s16 r:48000Hz
[h264 @ 0x55e4c198e700] Frame num gap 29313 29310
[h264 @ 0x55e4c198e700] Frame num gap 29313 29311
[h264 @ 0x55e4c1732140] nal_unit_type: 9(AUD), nal_ref_idc: 0
[h264 @ 0x55e4c1732140] nal_unit_type: 8(PPS), nal_ref_idc: 3
[h264 @ 0x55e4c1732140] nal_unit_type: 6(SEI), nal_ref_idc: 0
[h264 @ 0x55e4c1732140] nal_unit_type: 1(Coded slice of a non-IDR picture), nal_ref_idc: 2
[h264 @ 0x55e4c1732140] ct_type:0 pic_struct:2
[h264 @ 0x55e4c1732140] no picture 
[h264 @ 0x55e4c1988c00] nal_unit_type: 9(AUD), nal_ref_idc: 0
[h264 @ 0x55e4c1988c00] nal_unit_type: 8(PPS), nal_ref_idc: 3
[h264 @ 0x55e4c1988c00] nal_unit_type: 6(SEI), nal_ref_idc: 0
[h264 @ 0x55e4c1988c00] nal_unit_type: 6(SEI), nal_ref_idc: 0
[h264 @ 0x55e4c1988c00] nal_unit_type: 1(Coded slice of a non-IDR picture), nal_ref_idc: 0
[h264 @ 0x55e4c18e2900] nal_unit_type: 9(AUD), nal_ref_idc: 0
[h264 @ 0x55e4c18e2900] nal_unit_type: 8(PPS), nal_ref_idc: 3
[h264 @ 0x55e4c18e2900] nal_unit_type: 6(SEI), nal_ref_idc: 0
[h264 @ 0x55e4c18e2900] nal_unit_type: 1(Coded slice of a non-IDR picture), nal_ref_idc: 0
[h264 @ 0x55e4c18e2900] ct_type:0 pic_struct:2
[h264 @ 0x55e4c1770140] nal_unit_type: 9(AUD), nal_ref_idc: 0
[h264 @ 0x55e4c1770140] nal_unit_type: 8(PPS), nal_ref_idc: 3
[h264 @ 0x55e4c1770140] nal_unit_type: 6(SEI), nal_ref_idc: 0
[h264 @ 0x55e4c1770140] nal_unit_type: 6(SEI), nal_ref_idc: 0
[h264 @ 0x55e4c1770140] nal_unit_type: 1(Coded slice of a non-IDR picture), nal_ref_idc: 2
[h264 @ 0x55e4c198e700] nal_unit_type: 9(AUD), nal_ref_idc: 0
[h264 @ 0x55e4c198e700] nal_unit_type: 8(PPS), nal_ref_idc: 3
[h264 @ 0x55e4c198e700] nal_unit_type: 6(SEI), nal_ref_idc: 0
[h264 @ 0x55e4c198e700] nal_unit_type: 1(Coded slice of a non-IDR picture), nal_ref_idc: 2
[h264 @ 0x55e4c198e700] ct_type:0 pic_struct:2
[h264 @ 0x55e4c1732140] nal_unit_type: 9(AUD), nal_ref_idc: 0
[h264 @ 0x55e4c1732140] nal_unit_type: 8(PPS), nal_ref_idc: 3
[h264 @ 0x55e4c1732140] nal_unit_type: 6(SEI), nal_ref_idc: 0
[h264 @ 0x55e4c1732140] nal_unit_type: 6(SEI), nal_ref_idc: 0
[h264 @ 0x55e4c1732140] nal_unit_type: 1(Coded slice of a non-IDR picture), nal_ref_idc: 0
[h264 @ 0x55e4c1988c00] nal_unit_type: 9(AUD), nal_ref_idc: 0
[h264 @ 0x55e4c1988c00] nal_unit_type: 8(PPS), nal_ref_idc: 3
[h264 @ 0x55e4c1988c00] nal_unit_type: 6(SEI), nal_ref_idc: 0
[h264 @ 0x55e4c1988c00] nal_unit_type: 1(Coded slice of a non-IDR picture), nal_ref_idc: 0
[h264 @ 0x55e4c1988c00] ct_type:0 pic_struct:2
[h264 @ 0x55e4c18e2900] nal_unit_type: 9(AUD), nal_ref_idc: 0
[h264 @ 0x55e4c18e2900] nal_unit_type: 8(PPS), nal_ref_idc: 3
[h264 @ 0x55e4c18e2900] nal_unit_type: 6(SEI), nal_ref_idc: 0
[h264 @ 0x55e4c18e2900] nal_unit_type: 6(SEI), nal_ref_idc: 0
[h264 @ 0x55e4c18e2900] nal_unit_type: 1(Coded slice of a non-IDR picture), nal_ref_idc: 2
[h264 @ 0x55e4c1770140] nal_unit_type: 9(AUD), nal_ref_idc: 0
[h264 @ 0x55e4c1770140] nal_unit_type: 8(PPS), nal_ref_idc: 3
[h264 @ 0x55e4c1770140] nal_unit_type: 6(SEI), nal_ref_idc: 0
[h264 @ 0x55e4c1770140] nal_unit_type: 1(Coded slice of a non-IDR picture), nal_ref_idc: 2
[h264 @ 0x55e4c1770140] ct_type:0 pic_struct:2
[graph 0 input from stream 0:2 @ 0x55e4c18b3540] Setting 'video_size' to value '1920x1080'
[graph 0 input from stream 0:2 @ 0x55e4c18b3540] Setting 'pix_fmt' to value '0'
[graph 0 input from stream 0:2 @ 0x55e4c18b3540] Setting 'time_base' to value '1/90000'
[graph 0 input from stream 0:2 @ 0x55e4c18b3540] Setting 'pixel_aspect' to value '1/1'
[graph 0 input from stream 0:2 @ 0x55e4c18b3540] Setting 'frame_rate' to value '60000/1001'
[graph 0 input from stream 0:2 @ 0x55e4c18b3540] w:1920 h:1080 pixfmt:yuv420p tb:1/90000 fr:60000/1001 sar:1/1
[AVFilterGraph @ 0x55e4c174b780] query_formats: 4 queried, 3 merged, 0 already done, 0 delayed
Output #0, null, to 'pipe:':
  Metadata:
    encoder         : Lavf60.16.100
  Stream #0:0, 0, 1001/60000: Video: wrapped_avframe, yuv420p(tv, bt709, top coded first (swapped)), 1920x1080 [SAR 1:1 DAR 16:9], q=2-31, 200 kb/s, 59.94 fps, 59.94 tbn
    Metadata:
      variant_bitrate : 11770000
      encoder         : Lavc60.31.102 wrapped_avframe
  Stream #0:1(eng), 0, 1/48000: Audio: pcm_s16le, 48000 Hz, 5.1(side), s16, 4608 kb/s
    Metadata:
      variant_bitrate : 11770000
      comment         : eng a2
      encoder         : Lavc60.31.102 pcm_s16le
frame=    0 fps=0.0 q=-0.0 size=       0kB time=00:00:00.12 bitrate=   0.0kbits/s speed=5.06x    [h264 @ 0x55e4c198e700] nal_unit_type: 9(AUD), nal_ref_idc: 0
[h264 @ 0x55e4c198e700] nal_unit_type: 8(PPS), nal_ref_idc: 3
[h264 @ 0x55e4c198e700] nal_unit_type: 6(SEI), nal_ref_idc: 0
[h264 @ 0x55e4c198e700] nal_unit_type: 6(SEI), nal_ref_idc: 0
[h264 @ 0x55e4c198e700] nal_unit_type: 1(Coded slice of a non-IDR picture), nal_ref_idc: 0
[h264 @ 0x55e4c1732140] nal_unit_type: 9(AUD), nal_ref_idc: 0
[h264 @ 0x55e4c1732140] nal_unit_type: 8(PPS), nal_ref_idc: 3
[h264 @ 0x55e4c1732140] nal_unit_type: 6(SEI), nal_ref_idc: 0
[h264 @ 0x55e4c1732140] nal_unit_type: 1(Coded slice of a non-IDR picture), nal_ref_idc: 0
[h264 @ 0x55e4c1732140] ct_type:0 pic_struct:2
[h264 @ 0x55e4c1988c00] nal_unit_type: 9(AUD), nal_ref_idc: 0
[h264 @ 0x55e4c1988c00] nal_unit_type: 8(PPS), nal_ref_idc: 3
[h264 @ 0x55e4c1988c00] nal_unit_type: 6(SEI), nal_ref_idc: 0
[h264 @ 0x55e4c1988c00] nal_unit_type: 6(SEI), nal_ref_idc: 0
[h264 @ 0x55e4c1988c00] nal_unit_type: 1(Coded slice of a non-IDR picture), nal_ref_idc: 2
[h264 @ 0x55e4c18e2900] nal_unit_type: 9(AUD), nal_ref_idc: 0
[h264 @ 0x55e4c18e2900] nal_unit_type: 8(PPS), nal_ref_idc: 3
[h264 @ 0x55e4c18e2900] nal_unit_type: 6(SEI), nal_ref_idc: 0
[h264 @ 0x55e4c18e2900] nal_unit_type: 1(Coded slice of a non-IDR picture), nal_ref_idc: 2
[h264 @ 0x55e4c18e2900] ct_type:0 pic_struct:2
[h264 @ 0x55e4c1770140] nal_unit_type: 9(AUD), nal_ref_idc: 0
[h264 @ 0x55e4c1770140] nal_unit_type: 8(PPS), nal_ref_idc: 3
[h264 @ 0x55e4c1770140] nal_unit_type: 6(SEI), nal_ref_idc: 0
[h264 @ 0x55e4c1770140] nal_unit_type: 6(SEI), nal_ref_idc: 0
[h264 @ 0x55e4c1770140] nal_unit_type: 1(Coded slice of a non-IDR picture), nal_ref_idc: 0
[h264 @ 0x55e4c198e700] nal_unit_type: 9(AUD), nal_ref_idc: 0
[h264 @ 0x55e4c198e700] nal_unit_type: 8(PPS), nal_ref_idc: 3
[h264 @ 0x55e4c198e700] nal_unit_type: 6(SEI), nal_ref_idc: 0
[h264 @ 0x55e4c198e700] nal_unit_type: 1(Coded slice of a non-IDR picture), nal_ref_idc: 0
[h264 @ 0x55e4c198e700] ct_type:0 pic_struct:2
[h264 @ 0x55e4c1732140] nal_unit_type: 9(AUD), nal_ref_idc: 0
[h264 @ 0x55e4c1732140] nal_unit_type: 8(PPS), nal_ref_idc: 3
[h264 @ 0x55e4c1732140] nal_unit_type: 6(SEI), nal_ref_idc: 0
[h264 @ 0x55e4c1732140] nal_unit_type: 6(SEI), nal_ref_idc: 0
[h264 @ 0x55e4c1732140] nal_unit_type: 1(Coded slice of a non-IDR picture), nal_ref_idc: 2
[h264 @ 0x55e4c1988c00] nal_unit_type: 9(AUD), nal_ref_idc: 0
[h264 @ 0x55e4c1988c00] nal_unit_type: 8(PPS), nal_ref_idc: 3
[h264 @ 0x55e4c1988c00] nal_unit_type: 6(SEI), nal_ref_idc: 0
[h264 @ 0x55e4c1988c00] nal_unit_type: 1(Coded slice of a non-IDR picture), nal_ref_idc: 2
[h264 @ 0x55e4c1988c00] ct_type:0 pic_struct:2
[h264 @ 0x55e4c18e2900] nal_unit_type: 9(AUD), nal_ref_idc: 0
[h264 @ 0x55e4c18e2900] nal_unit_type: 8(PPS), nal_ref_idc: 3
[h264 @ 0x55e4c18e2900] nal_unit_type: 6(SEI), nal_ref_idc: 0
[h264 @ 0x55e4c18e2900] nal_unit_type: 6(SEI), nal_ref_idc: 0
[h264 @ 0x55e4c18e2900] nal_unit_type: 1(Coded slice of a non-IDR picture), nal_ref_idc: 0
[h264 @ 0x55e4c1770140] nal_unit_type: 9(AUD), nal_ref_idc: 0
[h264 @ 0x55e4c1770140] nal_unit_type: 8(PPS), nal_ref_idc: 3
[h264 @ 0x55e4c1770140] nal_unit_type: 6(SEI), nal_ref_idc: 0
[h264 @ 0x55e4c1770140] nal_unit_type: 1(Coded slice of a non-IDR picture), nal_ref_idc: 0
[h264 @ 0x55e4c1770140] ct_type:0 pic_struct:2
[h264 @ 0x55e4c198e700] nal_unit_type: 9(AUD), nal_ref_idc: 0
[h264 @ 0x55e4c198e700] nal_unit_type: 8(PPS), nal_ref_idc: 3
[h264 @ 0x55e4c198e700] nal_unit_type: 6(SEI), nal_ref_idc: 0
[h264 @ 0x55e4c198e700] nal_unit_type: 6(SEI), nal_ref_idc: 0
[h264 @ 0x55e4c198e700] nal_unit_type: 1(Coded slice of a non-IDR picture), nal_ref_idc: 2
[NULL @ 0x55e4c1749980] ct_type:0 pic_struct:2
[NULL @ 0x55e4c1749980] ct_type:0 pic_struct:1
[h264 @ 0x55e4c1732140] nal_unit_type: 9(AUD), nal_ref_idc: 0
[h264 @ 0x55e4c1732140] nal_unit_type: 8(PPS), nal_ref_idc: 3
[h264 @ 0x55e4c1732140] nal_unit_type: 6(SEI), nal_ref_idc: 0
[h264 @ 0x55e4c1732140] nal_unit_type: 1(Coded slice of a non-IDR picture), nal_ref_idc: 2
[h264 @ 0x55e4c1732140] ct_type:0 pic_struct:2
[NULL @ 0x55e4c1749980] ct_type:0 pic_struct:2
[h264 @ 0x55e4c1988c00] nal_unit_type: 9(AUD), nal_ref_idc: 0
[h264 @ 0x55e4c1988c00] nal_unit_type: 8(PPS), nal_ref_idc: 3
[h264 @ 0x55e4c1988c00] nal_unit_type: 6(SEI), nal_ref_idc: 0
[h264 @ 0x55e4c1988c00] nal_unit_type: 6(SEI), nal_ref_idc: 0
[h264 @ 0x55e4c1988c00] nal_unit_type: 1(Coded slice of a non-IDR picture), nal_ref_idc: 0
[NULL @ 0x55e4c1749980] ct_type:0 pic_struct:1
[h264 @ 0x55e4c18e2900] nal_unit_type: 9(AUD), nal_ref_idc: 0
[h264 @ 0x55e4c18e2900] nal_unit_type: 8(PPS), nal_ref_idc: 3
[h264 @ 0x55e4c18e2900] nal_unit_type: 6(SEI), nal_ref_idc: 0
[h264 @ 0x55e4c18e2900] nal_unit_type: 1(Coded slice of a non-IDR picture), nal_ref_idc: 0
[NULL @ 0x55e4c1749980] ct_type:0 pic_struct:2
[h264 @ 0x55e4c18e2900] ct_type:0 pic_struct:2
[h264 @ 0x55e4c1770140] nal_unit_type: 9(AUD), nal_ref_idc: 0
[h264 @ 0x55e4c1770140] nal_unit_type: 8(PPS), nal_ref_idc: 3
[h264 @ 0x55e4c1770140] nal_unit_type: 6(SEI), nal_ref_idc: 0
[h264 @ 0x55e4c1770140] nal_unit_type: 6(SEI), nal_ref_idc: 0
[h264 @ 0x55e4c1770140] nal_unit_type: 1(Coded slice of a non-IDR picture), nal_ref_idc: 2
[h264 @ 0x55e4c198e700] nal_unit_type: 9(AUD), nal_ref_idc: 0
[h264 @ 0x55e4c198e700] nal_unit_type: 8(PPS), nal_ref_idc: 3
[h264 @ 0x55e4c198e700] nal_unit_type: 6(SEI), nal_ref_idc: 0
[h264 @ 0x55e4c198e700] nal_unit_type: 1(Coded slice of a non-IDR picture), nal_ref_idc: 2
[h264 @ 0x55e4c198e700] ct_type:0 pic_struct:2
[NULL @ 0x55e4c1749980] ct_type:0 pic_struct:1
[NULL @ 0x55e4c1749980] ct_type:0 pic_struct:2
[h264 @ 0x55e4c1732140] nal_unit_type: 9(AUD), nal_ref_idc: 0
[h264 @ 0x55e4c1732140] nal_unit_type: 8(PPS), nal_ref_idc: 3
[h264 @ 0x55e4c1732140] nal_unit_type: 6(SEI), nal_ref_idc: 0
[h264 @ 0x55e4c1732140] nal_unit_type: 6(SEI), nal_ref_idc: 0
[h264 @ 0x55e4c1732140] nal_unit_type: 1(Coded slice of a non-IDR picture), nal_ref_idc: 0
[NULL @ 0x55e4c1749980] ct_type:0 pic_struct:1
[NULL @ 0x55e4c1749980] ct_type:0 pic_struct:2
[h264 @ 0x55e4c1988c00] nal_unit_type: 9(AUD), nal_ref_idc: 0
[h264 @ 0x55e4c1988c00] nal_unit_type: 8(PPS), nal_ref_idc: 3
[h264 @ 0x55e4c1988c00] nal_unit_type: 6(SEI), nal_ref_idc: 0
[h264 @ 0x55e4c1988c00] nal_unit_type: 1(Coded slice of a non-IDR picture), nal_ref_idc: 0
[h264 @ 0x55e4c1988c00] ct_type:0 pic_struct:2
[h264 @ 0x55e4c18e2900] nal_unit_type: 9(AUD), nal_ref_idc: 0
[h264 @ 0x55e4c18e2900] nal_unit_type: 8(PPS), nal_ref_idc: 3
[h264 @ 0x55e4c18e2900] nal_unit_type: 6(SEI), nal_ref_idc: 0
[h264 @ 0x55e4c18e2900] nal_unit_type: 6(SEI), nal_ref_idc: 0
[h264 @ 0x55e4c18e2900] nal_unit_type: 1(Coded slice of a non-IDR picture), nal_ref_idc: 2
[NULL @ 0x55e4c1749980] ct_type:0 pic_struct:1
[h264 @ 0x55e4c1770140] nal_unit_type: 9(AUD), nal_ref_idc: 0
[h264 @ 0x55e4c1770140] nal_unit_type: 8(PPS), nal_ref_idc: 3
[h264 @ 0x55e4c1770140] nal_unit_type: 6(SEI), nal_ref_idc: 0
[h264 @ 0x55e4c1770140] nal_unit_type: 1(Coded slice of a non-IDR picture), nal_ref_idc: 2
[h264 @ 0x55e4c1770140] ct_type:0 pic_struct:2
[NULL @ 0x55e4c1749980] ct_type:0 pic_struct:2
[h264 @ 0x55e4c198e700] nal_unit_type: 9(AUD), nal_ref_idc: 0
[h264 @ 0x55e4c198e700] nal_unit_type: 8(PPS), nal_ref_idc: 3
[h264 @ 0x55e4c198e700] nal_unit_type: 6(SEI), nal_ref_idc: 0
[h264 @ 0x55e4c198e700] nal_unit_type: 6(SEI), nal_ref_idc: 0
[h264 @ 0x55e4c198e700] nal_unit_type: 1(Coded slice of a non-IDR picture), nal_ref_idc: 0
[NULL @ 0x55e4c1749980] ct_type:0 pic_struct:1
[h264 @ 0x55e4c1732140] nal_unit_type: 9(AUD), nal_ref_idc: 0
[h264 @ 0x55e4c1732140] nal_unit_type: 8(PPS), nal_ref_idc: 3
[h264 @ 0x55e4c1732140] nal_unit_type: 6(SEI), nal_ref_idc: 0
[h264 @ 0x55e4c1732140] nal_unit_type: 1(Coded slice of a non-IDR picture), nal_ref_idc: 0
[h264 @ 0x55e4c1732140] ct_type:0 pic_struct:2
[h264 @ 0x55e4c1988c00] nal_unit_type: 9(AUD), nal_ref_idc: 0
[h264 @ 0x55e4c1988c00] nal_unit_type: 8(PPS), nal_ref_idc: 3
[h264 @ 0x55e4c1988c00] nal_unit_type: 6(SEI), nal_ref_idc: 0
[h264 @ 0x55e4c1988c00] nal_unit_type: 6(SEI), nal_ref_idc: 0
[h264 @ 0x55e4c1988c00] nal_unit_type: 1(Coded slice of a non-IDR picture), nal_ref_idc: 2
[NULL @ 0x55e4c1749980] ct_type:0 pic_struct:2
[NULL @ 0x55e4c1749980] ct_type:0 pic_struct:1
[h264 @ 0x55e4c18e2900] nal_unit_type: 9(AUD), nal_ref_idc: 0
[h264 @ 0x55e4c18e2900] nal_unit_type: 8(PPS), nal_ref_idc: 3
[h264 @ 0x55e4c18e2900] nal_unit_type: 6(SEI), nal_ref_idc: 0
[h264 @ 0x55e4c18e2900] nal_unit_type: 1(Coded slice of a non-IDR picture), nal_ref_idc: 2
[h264 @ 0x55e4c18e2900] ct_type:0 pic_struct:2
[h264 @ 0x55e4c1770140] nal_unit_type: 9(AUD), nal_ref_idc: 0
[h264 @ 0x55e4c1770140] nal_unit_type: 8(PPS), nal_ref_idc: 3
[h264 @ 0x55e4c1770140] nal_unit_type: 6(SEI), nal_ref_idc: 0
[h264 @ 0x55e4c1770140] nal_unit_type: 6(SEI), nal_ref_idc: 0
[h264 @ 0x55e4c1770140] nal_unit_type: 1(Coded slice of a non-IDR picture), nal_ref_idc: 0
[NULL @ 0x55e4c1749980] ct_type:0 pic_struct:2
[h264 @ 0x55e4c198e700] nal_unit_type: 9(AUD), nal_ref_idc: 0
[h264 @ 0x55e4c198e700] nal_unit_type: 8(PPS), nal_ref_idc: 3
[h264 @ 0x55e4c198e700] nal_unit_type: 6(SEI), nal_ref_idc: 0
[h264 @ 0x55e4c198e700] nal_unit_type: 1(Coded slice of a non-IDR picture), nal_ref_idc: 0
[h264 @ 0x55e4c198e700] ct_type:0 pic_struct:2
[NULL @ 0x55e4c1749980] ct_type:0 pic_struct:1
[NULL @ 0x55e4c1749980] ct_type:0 pic_struct:2
[NULL @ 0x55e4c1749980] ct_type:0 pic_struct:1
[h264 @ 0x55e4c1732140] nal_unit_type: 9(AUD), nal_ref_idc: 0
[h264 @ 0x55e4c1732140] nal_unit_type: 8(PPS), nal_ref_idc: 3
[h264 @ 0x55e4c1732140] nal_unit_type: 6(SEI), nal_ref_idc: 0
[h264 @ 0x55e4c1732140] nal_unit_type: 6(SEI), nal_ref_idc: 0
[h264 @ 0x55e4c1732140] nal_unit_type: 1(Coded slice of a non-IDR picture), nal_ref_idc: 2
[h264 @ 0x55e4c1988c00] nal_unit_type: 9(AUD), nal_ref_idc: 0
[h264 @ 0x55e4c1988c00] nal_unit_type: 8(PPS), nal_ref_idc: 3
[h264 @ 0x55e4c1988c00] nal_unit_type: 6(SEI), nal_ref_idc: 0
[h264 @ 0x55e4c1988c00] nal_unit_type: 1(Coded slice of a non-IDR picture), nal_ref_idc: 2
[h264 @ 0x55e4c1988c00] ct_type:0 pic_struct:2
[h264 @ 0x55e4c18e2900] nal_unit_type: 9(AUD), nal_ref_idc: 0
[h264 @ 0x55e4c18e2900] nal_unit_type: 8(PPS), nal_ref_idc: 3
[h264 @ 0x55e4c18e2900] nal_unit_type: 6(SEI), nal_ref_idc: 0
[h264 @ 0x55e4c18e2900] nal_unit_type: 6(SEI), nal_ref_idc: 0
[h264 @ 0x55e4c18e2900] nal_unit_type: 1(Coded slice of a non-IDR picture), nal_ref_idc: 0
[NULL @ 0x55e4c1749980] ct_type:0 pic_struct:2
[h264 @ 0x55e4c1770140] nal_unit_type: 9(AUD), nal_ref_idc: 0
[h264 @ 0x55e4c1770140] nal_unit_type: 8(PPS), nal_ref_idc: 3
[h264 @ 0x55e4c1770140] nal_unit_type: 6(SEI), nal_ref_idc: 0
[h264 @ 0x55e4c1770140] nal_unit_type: 1(Coded slice of a non-IDR picture), nal_ref_idc: 0
[h264 @ 0x55e4c1770140] ct_type:0 pic_struct:2
[NULL @ 0x55e4c1749980] ct_type:0 pic_struct:1
[NULL @ 0x55e4c1749980] ct_type:0 pic_struct:2
[h264 @ 0x55e4c198e700] nal_unit_type: 9(AUD), nal_ref_idc: 0
[h264 @ 0x55e4c198e700] nal_unit_type: 8(PPS), nal_ref_idc: 3
[h264 @ 0x55e4c198e700] nal_unit_type: 6(SEI), nal_ref_idc: 0
[h264 @ 0x55e4c198e700] nal_unit_type: 6(SEI), nal_ref_idc: 0
[h264 @ 0x55e4c198e700] nal_unit_type: 1(Coded slice of a non-IDR picture), nal_ref_idc: 2
[NULL @ 0x55e4c1749980] ct_type:0 pic_struct:1
[h264 @ 0x55e4c1732140] nal_unit_type: 9(AUD), nal_ref_idc: 0
[h264 @ 0x55e4c1732140] nal_unit_type: 8(PPS), nal_ref_idc: 3
[h264 @ 0x55e4c1732140] nal_unit_type: 6(SEI), nal_ref_idc: 0
[h264 @ 0x55e4c1732140] nal_unit_type: 1(Coded slice of a non-IDR picture), nal_ref_idc: 2
[h264 @ 0x55e4c1732140] ct_type:0 pic_struct:2
[NULL @ 0x55e4c1749980] ct_type:0 pic_struct:2
[h264 @ 0x55e4c1988c00] nal_unit_type: 9(AUD), nal_ref_idc: 0
[h264 @ 0x55e4c1988c00] nal_unit_type: 8(PPS), nal_ref_idc: 3
[h264 @ 0x55e4c1988c00] nal_unit_type: 6(SEI), nal_ref_idc: 0
[h264 @ 0x55e4c1988c00] nal_unit_type: 6(SEI), nal_ref_idc: 0
[h264 @ 0x55e4c1988c00] nal_unit_type: 1(Coded slice of a non-IDR picture), nal_ref_idc: 0
[h264 @ 0x55e4c18e2900] nal_unit_type: 9(AUD), nal_ref_idc: 0
[h264 @ 0x55e4c18e2900] nal_unit_type: 8(PPS), nal_ref_idc: 3
[h264 @ 0x55e4c18e2900] nal_unit_type: 6(SEI), nal_ref_idc: 0
[h264 @ 0x55e4c18e2900] nal_unit_type: 1(Coded slice of a non-IDR picture), nal_ref_idc: 0
[h264 @ 0x55e4c18e2900] ct_type:0 pic_struct:2
[NULL @ 0x55e4c1749980] ct_type:0 pic_struct:1
[NULL @ 0x55e4c1749980] ct_type:0 pic_struct:2
[h264 @ 0x55e4c1770140] nal_unit_type: 9(AUD), nal_ref_idc: 0
[h264 @ 0x55e4c1770140] nal_unit_type: 8(PPS), nal_ref_idc: 3
[h264 @ 0x55e4c1770140] nal_unit_type: 6(SEI), nal_ref_idc: 0
[h264 @ 0x55e4c1770140] nal_unit_type: 6(SEI), nal_ref_idc: 0
[h264 @ 0x55e4c1770140] nal_unit_type: 1(Coded slice of a non-IDR picture), nal_ref_idc: 2
[NULL @ 0x55e4c1749980] ct_type:0 pic_struct:1
[h264 @ 0x55e4c198e700] nal_unit_type: 9(AUD), nal_ref_idc: 0
[h264 @ 0x55e4c198e700] nal_unit_type: 8(PPS), nal_ref_idc: 3
[h264 @ 0x55e4c198e700] nal_unit_type: 6(SEI), nal_ref_idc: 0
[h264 @ 0x55e4c198e700] nal_unit_type: 1(Coded slice of a non-IDR picture), nal_ref_idc: 2
[h264 @ 0x55e4c198e700] ct_type:0 pic_struct:2
[h264 @ 0x55e4c1732140] nal_unit_type: 9(AUD), nal_ref_idc: 0
[h264 @ 0x55e4c1732140] nal_unit_type: 8(PPS), nal_ref_idc: 3
[h264 @ 0x55e4c1732140] nal_unit_type: 6(SEI), nal_ref_idc: 0
[h264 @ 0x55e4c1732140] nal_unit_type: 6(SEI), nal_ref_idc: 0
[h264 @ 0x55e4c1732140] nal_unit_type: 1(Coded slice of a non-IDR picture), nal_ref_idc: 0
[NULL @ 0x55e4c1749980] ct_type:0 pic_struct:2
[NULL @ 0x55e4c1749980] ct_type:0 pic_struct:1
[h264 @ 0x55e4c1988c00] nal_unit_type: 9(AUD), nal_ref_idc: 0
[h264 @ 0x55e4c1988c00] nal_unit_type: 8(PPS), nal_ref_idc: 3
[h264 @ 0x55e4c1988c00] nal_unit_type: 6(SEI), nal_ref_idc: 0
[h264 @ 0x55e4c1988c00] nal_unit_type: 1(Coded slice of a non-IDR picture), nal_ref_idc: 0
[h264 @ 0x55e4c1988c00] ct_type:0 pic_struct:2
[h264 @ 0x55e4c18e2900] nal_unit_type: 9(AUD), nal_ref_idc: 0
[h264 @ 0x55e4c18e2900] nal_unit_type: 8(PPS), nal_ref_idc: 3
[h264 @ 0x55e4c18e2900] nal_unit_type: 6(SEI), nal_ref_idc: 0
[h264 @ 0x55e4c18e2900] nal_unit_type: 6(SEI), nal_ref_idc: 0
[h264 @ 0x55e4c18e2900] nal_unit_type: 1(Coded slice of a non-IDR picture), nal_ref_idc: 2
[NULL @ 0x55e4c1749980] ct_type:0 pic_struct:2
[NULL @ 0x55e4c1749980] ct_type:0 pic_struct:1
[h264 @ 0x55e4c1770140] nal_unit_type: 9(AUD), nal_ref_idc: 0
[h264 @ 0x55e4c1770140] nal_unit_type: 8(PPS), nal_ref_idc: 3
[h264 @ 0x55e4c1770140] nal_unit_type: 6(SEI), nal_ref_idc: 0
[h264 @ 0x55e4c1770140] nal_unit_type: 1(Coded slice of a non-IDR picture), nal_ref_idc: 2
[h264 @ 0x55e4c1770140] ct_type:0 pic_struct:2
[NULL @ 0x55e4c1749980] ct_type:0 pic_struct:2
[NULL @ 0x55e4c1749980] ct_type:0 pic_struct:1
[h264 @ 0x55e4c198e700] nal_unit_type: 9(AUD), nal_ref_idc: 0
[h264 @ 0x55e4c198e700] nal_unit_type: 8(PPS), nal_ref_idc: 3
[h264 @ 0x55e4c198e700] nal_unit_type: 6(SEI), nal_ref_idc: 0
[h264 @ 0x55e4c198e700] nal_unit_type: 6(SEI), nal_ref_idc: 0
[h264 @ 0x55e4c198e700] nal_unit_type: 1(Coded slice of a non-IDR picture), nal_ref_idc: 0
[h264 @ 0x55e4c1732140] nal_unit_type: 9(AUD), nal_ref_idc: 0
[h264 @ 0x55e4c1732140] nal_unit_type: 8(PPS), nal_ref_idc: 3
[h264 @ 0x55e4c1732140] nal_unit_type: 6(SEI), nal_ref_idc: 0
[h264 @ 0x55e4c1732140] nal_unit_type: 1(Coded slice of a non-IDR picture), nal_ref_idc: 0
[h264 @ 0x55e4c1732140] ct_type:0 pic_struct:2
[h264 @ 0x55e4c1988c00] nal_unit_type: 9(AUD), nal_ref_idc: 0
[h264 @ 0x55e4c1988c00] nal_unit_type: 8(PPS), nal_ref_idc: 3
[h264 @ 0x55e4c1988c00] nal_unit_type: 6(SEI), nal_ref_idc: 0
[NULL @ 0x55e4c1749980] ct_type:0 pic_struct:2
[h264 @ 0x55e4c1988c00] nal_unit_type: 6(SEI), nal_ref_idc: 0
[h264 @ 0x55e4c1988c00] nal_unit_type: 1(Coded slice of a non-IDR picture), nal_ref_idc: 2
[NULL @ 0x55e4c1749980] ct_type:0 pic_struct:1
[h264 @ 0x55e4c18e2900] nal_unit_type: 9(AUD), nal_ref_idc: 0
[h264 @ 0x55e4c18e2900] nal_unit_type: 8(PPS), nal_ref_idc: 3
[h264 @ 0x55e4c18e2900] nal_unit_type: 6(SEI), nal_ref_idc: 0
[h264 @ 0x55e4c18e2900] nal_unit_type: 1(Coded slice of a non-IDR picture), nal_ref_idc: 2
[h264 @ 0x55e4c18e2900] ct_type:0 pic_struct:2
[h264 @ 0x55e4c1770140] nal_unit_type: 9(AUD), nal_ref_idc: 0
[h264 @ 0x55e4c1770140] nal_unit_type: 8(PPS), nal_ref_idc: 3
[h264 @ 0x55e4c1770140] nal_unit_type: 6(SEI), nal_ref_idc: 0
[h264 @ 0x55e4c1770140] nal_unit_type: 6(SEI), nal_ref_idc: 0
[h264 @ 0x55e4c1770140] nal_unit_type: 1(Coded slice of a non-IDR picture), nal_ref_idc: 0
[NULL @ 0x55e4c1749980] ct_type:0 pic_struct:2
[h264 @ 0x55e4c198e700] nal_unit_type: 9(AUD), nal_ref_idc: 0
[h264 @ 0x55e4c198e700] nal_unit_type: 8(PPS), nal_ref_idc: 3
[h264 @ 0x55e4c198e700] nal_unit_type: 6(SEI), nal_ref_idc: 0
[h264 @ 0x55e4c198e700] nal_unit_type: 1(Coded slice of a non-IDR picture), nal_ref_idc: 0
[h264 @ 0x55e4c198e700] ct_type:0 pic_struct:2
[NULL @ 0x55e4c1749980] ct_type:0 pic_struct:1
[NULL @ 0x55e4c1749980] ct_type:0 pic_struct:2
[NULL @ 0x55e4c1749980] ct_type:0 pic_struct:1
[h264 @ 0x55e4c1732140] nal_unit_type: 9(AUD), nal_ref_idc: 0
[h264 @ 0x55e4c1732140] nal_unit_type: 8(PPS), nal_ref_idc: 3
[h264 @ 0x55e4c1732140] nal_unit_type: 6(SEI), nal_ref_idc: 0
[h264 @ 0x55e4c1732140] nal_unit_type: 6(SEI), nal_ref_idc: 0
[h264 @ 0x55e4c1732140] nal_unit_type: 1(Coded slice of a non-IDR picture), nal_ref_idc: 2
[h264 @ 0x55e4c1988c00] nal_unit_type: 9(AUD), nal_ref_idc: 0
[h264 @ 0x55e4c1988c00] nal_unit_type: 8(PPS), nal_ref_idc: 3
[h264 @ 0x55e4c1988c00] nal_unit_type: 6(SEI), nal_ref_idc: 0
[h264 @ 0x55e4c1988c00] nal_unit_type: 1(Coded slice of a non-IDR picture), nal_ref_idc: 2
[h264 @ 0x55e4c1988c00] ct_type:0 pic_struct:2
[h264 @ 0x55e4c18e2900] nal_unit_type: 9(AUD), nal_ref_idc: 0
[h264 @ 0x55e4c18e2900] nal_unit_type: 8(PPS), nal_ref_idc: 3
[h264 @ 0x55e4c18e2900] nal_unit_type: 6(SEI), nal_ref_idc: 0
[h264 @ 0x55e4c18e2900] nal_unit_type: 6(SEI), nal_ref_idc: 0
[h264 @ 0x55e4c18e2900] nal_unit_type: 1(Coded slice of a non-IDR picture), nal_ref_idc: 0
[NULL @ 0x55e4c1749980] ct_type:0 pic_struct:2
[h264 @ 0x55e4c1770140] nal_unit_type: 9(AUD), nal_ref_idc: 0
[h264 @ 0x55e4c1770140] nal_unit_type: 8(PPS), nal_ref_idc: 3
[h264 @ 0x55e4c1770140] nal_unit_type: 6(SEI), nal_ref_idc: 0
[h264 @ 0x55e4c1770140] nal_unit_type: 1(Coded slice of a non-IDR picture), nal_ref_idc: 0
[h264 @ 0x55e4c1770140] ct_type:0 pic_struct:2
[NULL @ 0x55e4c1749980] ct_type:0 pic_struct:1
[NULL @ 0x55e4c1749980] ct_type:0 pic_struct:2
[h264 @ 0x55e4c198e700] nal_unit_type: 9(AUD), nal_ref_idc: 0
[h264 @ 0x55e4c198e700] nal_unit_type: 8(PPS), nal_ref_idc: 3
[h264 @ 0x55e4c198e700] nal_unit_type: 6(SEI), nal_ref_idc: 0
[h264 @ 0x55e4c198e700] nal_unit_type: 6(SEI), nal_ref_idc: 0
[h264 @ 0x55e4c198e700] nal_unit_type: 1(Coded slice of a non-IDR picture), nal_ref_idc: 2
[NULL @ 0x55e4c1749980] ct_type:0 pic_struct:1
[h264 @ 0x55e4c1732140] nal_unit_type: 9(AUD), nal_ref_idc: 0
[h264 @ 0x55e4c1732140] nal_unit_type: 8(PPS), nal_ref_idc: 3
[h264 @ 0x55e4c1732140] nal_unit_type: 6(SEI), nal_ref_idc: 0
[h264 @ 0x55e4c1732140] nal_unit_type: 1(Coded slice of a non-IDR picture), nal_ref_idc: 2
[h264 @ 0x55e4c1732140] ct_type:0 pic_struct:2
[h264 @ 0x55e4c1988c00] nal_unit_type: 9(AUD), nal_ref_idc: 0
[h264 @ 0x55e4c1988c00] nal_unit_type: 8(PPS), nal_ref_idc: 3
[h264 @ 0x55e4c1988c00] nal_unit_type: 6(SEI), nal_ref_idc: 0
[h264 @ 0x55e4c1988c00] nal_unit_type: 6(SEI), nal_ref_idc: 0
[h264 @ 0x55e4c1988c00] nal_unit_type: 1(Coded slice of a non-IDR picture), nal_ref_idc: 0
[NULL @ 0x55e4c1749980] ct_type:0 pic_struct:2
[h264 @ 0x55e4c18e2900] nal_unit_type: 9(AUD), nal_ref_idc: 0
[h264 @ 0x55e4c18e2900] nal_unit_type: 8(PPS), nal_ref_idc: 3
[h264 @ 0x55e4c18e2900] nal_unit_type: 6(SEI), nal_ref_idc: 0
[h264 @ 0x55e4c18e2900] nal_unit_type: 1(Coded slice of a non-IDR picture), nal_ref_idc: 0
[h264 @ 0x55e4c18e2900] ct_type:0 pic_struct:2
[NULL @ 0x55e4c1749980] Decoding VUI
[NULL @ 0x55e4c1749980] ct_type:0 pic_struct:1
[NULL @ 0x55e4c1749980] ct_type:0 pic_struct:2
[h264 @ 0x55e4c1770140] nal_unit_type: 9(AUD), nal_ref_idc: 0
[h264 @ 0x55e4c1770140] nal_unit_type: 7(SPS), nal_ref_idc: 3
[h264 @ 0x55e4c1770140] nal_unit_type: 8(PPS), nal_ref_idc: 3
[h264 @ 0x55e4c1770140] nal_unit_type: 6(SEI), nal_ref_idc: 0
[NULL @ 0x55e4c1749980] ct_type:0 pic_struct:1
[h264 @ 0x55e4c1770140] nal_unit_type: 6(SEI), nal_ref_idc: 0
[h264 @ 0x55e4c1770140] nal_unit_type: 1(Coded slice of a non-IDR picture), nal_ref_idc: 3
[h264 @ 0x55e4c1770140] Decoding VUI
[h264 @ 0x55e4c198e700] nal_unit_type: 9(AUD), nal_ref_idc: 0
[h264 @ 0x55e4c198e700] nal_unit_type: 8(PPS), nal_ref_idc: 3
[h264 @ 0x55e4c198e700] nal_unit_type: 6(SEI), nal_ref_idc: 0
[h264 @ 0x55e4c198e700] nal_unit_type: 1(Coded slice of a non-IDR picture), nal_ref_idc: 2
[h264 @ 0x55e4c198e700] ct_type:0 pic_struct:2
[h264 @ 0x55e4c1732140] nal_unit_type: 9(AUD), nal_ref_idc: 0
[h264 @ 0x55e4c1732140] nal_unit_type: 8(PPS), nal_ref_idc: 3
[h264 @ 0x55e4c1732140] nal_unit_type: 6(SEI), nal_ref_idc: 0
[h264 @ 0x55e4c1732140] nal_unit_type: 6(SEI), nal_ref_idc: 0
[h264 @ 0x55e4c1732140] nal_unit_type: 1(Coded slice of a non-IDR picture), nal_ref_idc: 0
[NULL @ 0x55e4c1749980] ct_type:0 pic_struct:2
[h264 @ 0x55e4c1988c00] nal_unit_type: 9(AUD), nal_ref_idc: 0
[h264 @ 0x55e4c1988c00] nal_unit_type: 8(PPS), nal_ref_idc: 3
[h264 @ 0x55e4c1988c00] nal_unit_type: 6(SEI), nal_ref_idc: 0
[h264 @ 0x55e4c1988c00] nal_unit_type: 1(Coded slice of a non-IDR picture), nal_ref_idc: 0
[h264 @ 0x55e4c1988c00] ct_type:0 pic_struct:2
[NULL @ 0x55e4c1749980] ct_type:0 pic_struct:1
[NULL @ 0x55e4c1749980] ct_type:0 pic_struct:2
[h264 @ 0x55e4c18e2900] nal_unit_type: 9(AUD), nal_ref_idc: 0
[h264 @ 0x55e4c18e2900] nal_unit_type: 8(PPS), nal_ref_idc: 3
[h264 @ 0x55e4c18e2900] nal_unit_type: 6(SEI), nal_ref_idc: 0
[h264 @ 0x55e4c18e2900] nal_unit_type: 6(SEI), nal_ref_idc: 0
[h264 @ 0x55e4c18e2900] nal_unit_type: 1(Coded slice of a non-IDR picture), nal_ref_idc: 2
[NULL @ 0x55e4c1749980] ct_type:0 pic_struct:1
[h264 @ 0x55e4c1770140] nal_unit_type: 9(AUD), nal_ref_idc: 0
[h264 @ 0x55e4c1770140] nal_unit_type: 8(PPS), nal_ref_idc: 3
[h264 @ 0x55e4c1770140] nal_unit_type: 6(SEI), nal_ref_idc: 0
[h264 @ 0x55e4c1770140] nal_unit_type: 1(Coded slice of a non-IDR picture), nal_ref_idc: 2
[h264 @ 0x55e4c1770140] ct_type:0 pic_struct:2
[h264 @ 0x55e4c198e700] nal_unit_type: 9(AUD), nal_ref_idc: 0
[h264 @ 0x55e4c198e700] nal_unit_type: 8(PPS), nal_ref_idc: 3
[h264 @ 0x55e4c198e700] nal_unit_type: 6(SEI), nal_ref_idc: 0
[h264 @ 0x55e4c198e700] nal_unit_type: 6(SEI), nal_ref_idc: 0
[h264 @ 0x55e4c198e700] nal_unit_type: 1(Coded slice of a non-IDR picture), nal_ref_idc: 0
[NULL @ 0x55e4c1749980] ct_type:0 pic_struct:2
[h264 @ 0x55e4c1732140] nal_unit_type: 9(AUD), nal_ref_idc: 0
[h264 @ 0x55e4c1732140] nal_unit_type: 8(PPS), nal_ref_idc: 3
[h264 @ 0x55e4c1732140] nal_unit_type: 6(SEI), nal_ref_idc: 0
[h264 @ 0x55e4c1732140] nal_unit_type: 1(Coded slice of a non-IDR picture), nal_ref_idc: 0
[h264 @ 0x55e4c1732140] ct_type:0 pic_struct:2
[NULL @ 0x55e4c1749980] ct_type:0 pic_struct:1
[NULL @ 0x55e4c1749980] ct_type:0 pic_struct:2
[h264 @ 0x55e4c1988c00] nal_unit_type: 9(AUD), nal_ref_idc: 0
[h264 @ 0x55e4c1988c00] nal_unit_type: 8(PPS), nal_ref_idc: 3
[h264 @ 0x55e4c1988c00] nal_unit_type: 6(SEI), nal_ref_idc: 0
[h264 @ 0x55e4c1988c00] nal_unit_type: 6(SEI), nal_ref_idc: 0
[h264 @ 0x55e4c1988c00] nal_unit_type: 1(Coded slice of a non-IDR picture), nal_ref_idc: 2
[NULL @ 0x55e4c1749980] ct_type:0 pic_struct:1
[h264 @ 0x55e4c18e2900] nal_unit_type: 9(AUD), nal_ref_idc: 0
[h264 @ 0x55e4c18e2900] nal_unit_type: 8(PPS), nal_ref_idc: 3
[h264 @ 0x55e4c18e2900] nal_unit_type: 6(SEI), nal_ref_idc: 0
[h264 @ 0x55e4c18e2900] nal_unit_type: 1(Coded slice of a non-IDR picture), nal_ref_idc: 2
[h264 @ 0x55e4c18e2900] ct_type:0 pic_struct:2
[h264 @ 0x55e4c1770140] nal_unit_type: 9(AUD), nal_ref_idc: 0
[h264 @ 0x55e4c1770140] nal_unit_type: 8(PPS), nal_ref_idc: 3
[h264 @ 0x55e4c1770140] nal_unit_type: 6(SEI), nal_ref_idc: 0
[h264 @ 0x55e4c1770140] nal_unit_type: 6(SEI), nal_ref_idc: 0
[h264 @ 0x55e4c1770140] nal_unit_type: 1(Coded slice of a non-IDR picture), nal_ref_idc: 0
[NULL @ 0x55e4c1749980] ct_type:0 pic_struct:2
[h264 @ 0x55e4c198e700] nal_unit_type: 9(AUD), nal_ref_idc: 0
[h264 @ 0x55e4c198e700] nal_unit_type: 8(PPS), nal_ref_idc: 3
[h264 @ 0x55e4c198e700] nal_unit_type: 6(SEI), nal_ref_idc: 0
[h264 @ 0x55e4c198e700] nal_unit_type: 1(Coded slice of a non-IDR picture), nal_ref_idc: 0
[h264 @ 0x55e4c198e700] ct_type:0 pic_struct:2
[NULL @ 0x55e4c1749980] ct_type:0 pic_struct:1
[NULL @ 0x55e4c1749980] ct_type:0 pic_struct:2
[h264 @ 0x55e4c1732140] nal_unit_type: 9(AUD), nal_ref_idc: 0
[h264 @ 0x55e4c1732140] nal_unit_type: 8(PPS), nal_ref_idc: 3
[h264 @ 0x55e4c1732140] nal_unit_type: 6(SEI), nal_ref_idc: 0
[h264 @ 0x55e4c1732140] nal_unit_type: 6(SEI), nal_ref_idc: 0
[h264 @ 0x55e4c1732140] nal_unit_type: 1(Coded slice of a non-IDR picture), nal_ref_idc: 2
[NULL @ 0x55e4c1749980] ct_type:0 pic_struct:1
[h264 @ 0x55e4c1988c00] nal_unit_type: 9(AUD), nal_ref_idc: 0
[h264 @ 0x55e4c1988c00] nal_unit_type: 8(PPS), nal_ref_idc: 3
[h264 @ 0x55e4c1988c00] nal_unit_type: 6(SEI), nal_ref_idc: 0
[h264 @ 0x55e4c1988c00] nal_unit_type: 1(Coded slice of a non-IDR picture), nal_ref_idc: 2
[h264 @ 0x55e4c1988c00] ct_type:0 pic_struct:2
[NULL @ 0x55e4c1749980] ct_type:0 pic_struct:2
[h264 @ 0x55e4c18e2900] nal_unit_type: 9(AUD), nal_ref_idc: 0
[h264 @ 0x55e4c18e2900] nal_unit_type: 8(PPS), nal_ref_idc: 3
[h264 @ 0x55e4c18e2900] nal_unit_type: 6(SEI), nal_ref_idc: 0
[h264 @ 0x55e4c18e2900] nal_unit_type: 6(SEI), nal_ref_idc: 0
[h264 @ 0x55e4c18e2900] nal_unit_type: 1(Coded slice of a non-IDR picture), nal_ref_idc: 0
[h264 @ 0x55e4c1770140] nal_unit_type: 9(AUD), nal_ref_idc: 0
[h264 @ 0x55e4c1770140] nal_unit_type: 8(PPS), nal_ref_idc: 3
[h264 @ 0x55e4c1770140] nal_unit_type: 6(SEI), nal_ref_idc: 0
[h264 @ 0x55e4c1770140] nal_unit_type: 1(Coded slice of a non-IDR picture), nal_ref_idc: 0
[h264 @ 0x55e4c1770140] ct_type:0 pic_struct:2
[NULL @ 0x55e4c1749980] ct_type:0 pic_struct:1
[NULL @ 0x55e4c1749980] ct_type:0 pic_struct:2
[NULL @ 0x55e4c1749980] ct_type:0 pic_struct:1
[h264 @ 0x55e4c198e700] nal_unit_type: 9(AUD), nal_ref_idc: 0
[h264 @ 0x55e4c198e700] nal_unit_type: 8(PPS), nal_ref_idc: 3
[h264 @ 0x55e4c198e700] nal_unit_type: 6(SEI), nal_ref_idc: 0
[h264 @ 0x55e4c198e700] nal_unit_type: 6(SEI), nal_ref_idc: 0
[h264 @ 0x55e4c198e700] nal_unit_type: 1(Coded slice of a non-IDR picture), nal_ref_idc: 2
[h264 @ 0x55e4c1732140] nal_unit_type: 9(AUD), nal_ref_idc: 0
[h264 @ 0x55e4c1732140] nal_unit_type: 8(PPS), nal_ref_idc: 3
[h264 @ 0x55e4c1732140] nal_unit_type: 6(SEI), nal_ref_idc: 0
[h264 @ 0x55e4c1732140] nal_unit_type: 1(Coded slice of a non-IDR picture), nal_ref_idc: 2
[h264 @ 0x55e4c1732140] ct_type:0 pic_struct:2
[NULL @ 0x55e4c1749980] ct_type:0 pic_struct:2
[h264 @ 0x55e4c1988c00] nal_unit_type: 9(AUD), nal_ref_idc: 0
[h264 @ 0x55e4c1988c00] nal_unit_type: 8(PPS), nal_ref_idc: 3
[h264 @ 0x55e4c1988c00] nal_unit_type: 6(SEI), nal_ref_idc: 0
[h264 @ 0x55e4c1988c00] nal_unit_type: 6(SEI), nal_ref_idc: 0
[h264 @ 0x55e4c1988c00] nal_unit_type: 1(Coded slice of a non-IDR picture), nal_ref_idc: 0
[NULL @ 0x55e4c1749980] ct_type:0 pic_struct:1
[h264 @ 0x55e4c18e2900] nal_unit_type: 9(AUD), nal_ref_idc: 0
[h264 @ 0x55e4c18e2900] nal_unit_type: 8(PPS), nal_ref_idc: 3
[h264 @ 0x55e4c18e2900] nal_unit_type: 6(SEI), nal_ref_idc: 0
[h264 @ 0x55e4c18e2900] nal_unit_type: 1(Coded slice of a non-IDR picture), nal_ref_idc: 0
[h264 @ 0x55e4c18e2900] ct_type:0 pic_struct:2
[NULL @ 0x55e4c1749980] ct_type:0 pic_struct:2
[h264 @ 0x55e4c1770140] nal_unit_type: 9(AUD), nal_ref_idc: 0
[h264 @ 0x55e4c1770140] nal_unit_type: 8(PPS), nal_ref_idc: 3
[h264 @ 0x55e4c1770140] nal_unit_type: 6(SEI), nal_ref_idc: 0
[h264 @ 0x55e4c1770140] nal_unit_type: 6(SEI), nal_ref_idc: 0
[h264 @ 0x55e4c1770140] nal_unit_type: 1(Coded slice of a non-IDR picture), nal_ref_idc: 2
[NULL @ 0x55e4c1749980] ct_type:0 pic_struct:1
[h264 @ 0x55e4c198e700] nal_unit_type: 9(AUD), nal_ref_idc: 0
[NULL @ 0x55e4c1749980] ct_type:0 pic_struct:2
[h264 @ 0x55e4c198e700] nal_unit_type: 8(PPS), nal_ref_idc: 3
[h264 @ 0x55e4c198e700] nal_unit_type: 6(SEI), nal_ref_idc: 0
[h264 @ 0x55e4c198e700] nal_unit_type: 1(Coded slice of a non-IDR picture), nal_ref_idc: 2
[h264 @ 0x55e4c198e700] ct_type:0 pic_struct:2
[h264 @ 0x55e4c1732140] nal_unit_type: 9(AUD), nal_ref_idc: 0
[h264 @ 0x55e4c1732140] nal_unit_type: 8(PPS), nal_ref_idc: 3
[h264 @ 0x55e4c1732140] nal_unit_type: 6(SEI), nal_ref_idc: 0
[h264 @ 0x55e4c1732140] nal_unit_type: 6(SEI), nal_ref_idc: 0
[h264 @ 0x55e4c1732140] nal_unit_type: 1(Coded slice of a non-IDR picture), nal_ref_idc: 0
[h264 @ 0x55e4c1988c00] nal_unit_type: 9(AUD), nal_ref_idc: 0
[h264 @ 0x55e4c1988c00] nal_unit_type: 8(PPS), nal_ref_idc: 3
[h264 @ 0x55e4c1988c00] nal_unit_type: 6(SEI), nal_ref_idc: 0
[h264 @ 0x55e4c1988c00] nal_unit_type: 1(Coded slice of a non-IDR picture), nal_ref_idc: 0
[h264 @ 0x55e4c1988c00] ct_type:0 pic_struct:2
[NULL @ 0x55e4c1749980] ct_type:0 pic_struct:1
[NULL @ 0x55e4c1749980] ct_type:0 pic_struct:2
[h264 @ 0x55e4c18e2900] nal_unit_type: 9(AUD), nal_ref_idc: 0
[h264 @ 0x55e4c18e2900] nal_unit_type: 8(PPS), nal_ref_idc: 3
[h264 @ 0x55e4c18e2900] nal_unit_type: 6(SEI), nal_ref_idc: 0
[h264 @ 0x55e4c18e2900] nal_unit_type: 6(SEI), nal_ref_idc: 0
[h264 @ 0x55e4c18e2900] nal_unit_type: 1(Coded slice of a non-IDR picture), nal_ref_idc: 2
[NULL @ 0x55e4c1749980] ct_type:0 pic_struct:1
[h264 @ 0x55e4c1770140] nal_unit_type: 9(AUD), nal_ref_idc: 0
[h264 @ 0x55e4c1770140] nal_unit_type: 8(PPS), nal_ref_idc: 3
[h264 @ 0x55e4c1770140] nal_unit_type: 6(SEI), nal_ref_idc: 0
[h264 @ 0x55e4c1770140] nal_unit_type: 1(Coded slice of a non-IDR picture), nal_ref_idc: 2
[h264 @ 0x55e4c1770140] ct_type:0 pic_struct:2
[h264 @ 0x55e4c198e700] nal_unit_type: 9(AUD), nal_ref_idc: 0
[h264 @ 0x55e4c198e700] nal_unit_type: 8(PPS), nal_ref_idc: 3
[h264 @ 0x55e4c198e700] nal_unit_type: 6(SEI), nal_ref_idc: 0
[h264 @ 0x55e4c198e700] nal_unit_type: 6(SEI), nal_ref_idc: 0
[h264 @ 0x55e4c198e700] nal_unit_type: 1(Coded slice of a non-IDR picture), nal_ref_idc: 0
[NULL @ 0x55e4c1749980] ct_type:0 pic_struct:2
[h264 @ 0x55e4c1732140] nal_unit_type: 9(AUD), nal_ref_idc: 0
[h264 @ 0x55e4c1732140] nal_unit_type: 8(PPS), nal_ref_idc: 3
[h264 @ 0x55e4c1732140] nal_unit_type: 6(SEI), nal_ref_idc: 0
[h264 @ 0x55e4c1732140] nal_unit_type: 1(Coded slice of a non-IDR picture), nal_ref_idc: 0
[h264 @ 0x55e4c1732140] ct_type:0 pic_struct:2
[NULL @ 0x55e4c1749980] ct_type:0 pic_struct:1
[NULL @ 0x55e4c1749980] ct_type:0 pic_struct:2
[h264 @ 0x55e4c1988c00] nal_unit_type: 9(AUD), nal_ref_idc: 0
[h264 @ 0x55e4c1988c00] nal_unit_type: 8(PPS), nal_ref_idc: 3
[h264 @ 0x55e4c1988c00] nal_unit_type: 6(SEI), nal_ref_idc: 0
[h264 @ 0x55e4c1988c00] nal_unit_type: 6(SEI), nal_ref_idc: 0
[h264 @ 0x55e4c1988c00] nal_unit_type: 1(Coded slice of a non-IDR picture), nal_ref_idc: 2
[NULL @ 0x55e4c1749980] ct_type:0 pic_struct:1
[h264 @ 0x55e4c18e2900] nal_unit_type: 9(AUD), nal_ref_idc: 0
[h264 @ 0x55e4c18e2900] nal_unit_type: 8(PPS), nal_ref_idc: 3
[h264 @ 0x55e4c18e2900] nal_unit_type: 6(SEI), nal_ref_idc: 0
[h264 @ 0x55e4c18e2900] nal_unit_type: 1(Coded slice of a non-IDR picture), nal_ref_idc: 2
[h264 @ 0x55e4c18e2900] ct_type:0 pic_struct:2
[NULL @ 0x55e4c1749980] ct_type:0 pic_struct:2
[NULL @ 0x55e4c1749980] ct_type:0 pic_struct:1
[h264 @ 0x55e4c1770140] nal_unit_type: 9(AUD), nal_ref_idc: 0
[h264 @ 0x55e4c1770140] nal_unit_type: 8(PPS), nal_ref_idc: 3
[h264 @ 0x55e4c1770140] nal_unit_type: 6(SEI), nal_ref_idc: 0
[h264 @ 0x55e4c1770140] nal_unit_type: 6(SEI), nal_ref_idc: 0
[h264 @ 0x55e4c1770140] nal_unit_type: 1(Coded slice of a non-IDR picture), nal_ref_idc: 0
[NULL @ 0x55e4c1749980] ct_type:0 pic_struct:2
[NULL @ 0x55e4c1749980] ct_type:0 pic_struct:1
[h264 @ 0x55e4c198e700] nal_unit_type: 9(AUD), nal_ref_idc: 0
[h264 @ 0x55e4c198e700] nal_unit_type: 8(PPS), nal_ref_idc: 3
[h264 @ 0x55e4c198e700] nal_unit_type: 6(SEI), nal_ref_idc: 0
[h264 @ 0x55e4c198e700] nal_unit_type: 1(Coded slice of a non-IDR picture), nal_ref_idc: 0
[h264 @ 0x55e4c198e700] ct_type:0 pic_struct:2
[h264 @ 0x55e4c1732140] nal_unit_type: 9(AUD), nal_ref_idc: 0
[h264 @ 0x55e4c1732140] nal_unit_type: 8(PPS), nal_ref_idc: 3
[h264 @ 0x55e4c1732140] nal_unit_type: 6(SEI), nal_ref_idc: 0
[h264 @ 0x55e4c1732140] nal_unit_type: 6(SEI), nal_ref_idc: 0
[h264 @ 0x55e4c1732140] nal_unit_type: 1(Coded slice of a non-IDR picture), nal_ref_idc: 2
[h264 @ 0x55e4c1988c00] nal_unit_type: 9(AUD), nal_ref_idc: 0
[h264 @ 0x55e4c1988c00] nal_unit_type: 8(PPS), nal_ref_idc: 3
[h264 @ 0x55e4c1988c00] nal_unit_type: 6(SEI), nal_ref_idc: 0
[h264 @ 0x55e4c1988c00] nal_unit_type: 1(Coded slice of a non-IDR picture), nal_ref_idc: 2
[h264 @ 0x55e4c1988c00] ct_type:0 pic_struct:2
[NULL @ 0x55e4c1749980] ct_type:0 pic_struct:2
[h264 @ 0x55e4c18e2900] nal_unit_type: 9(AUD), nal_ref_idc: 0
[h264 @ 0x55e4c18e2900] nal_unit_type: 8(PPS), nal_ref_idc: 3
[h264 @ 0x55e4c18e2900] nal_unit_type: 6(SEI), nal_ref_idc: 0
[h264 @ 0x55e4c18e2900] nal_unit_type: 6(SEI), nal_ref_idc: 0
[h264 @ 0x55e4c18e2900] nal_unit_type: 1(Coded slice of a non-IDR picture), nal_ref_idc: 0
[h264 @ 0x55e4c1770140] nal_unit_type: 9(AUD), nal_ref_idc: 0
[h264 @ 0x55e4c1770140] nal_unit_type: 8(PPS), nal_ref_idc: 3
[h264 @ 0x55e4c1770140] nal_unit_type: 6(SEI), nal_ref_idc: 0
[h264 @ 0x55e4c1770140] nal_unit_type: 1(Coded slice of a non-IDR picture), nal_ref_idc: 0
[h264 @ 0x55e4c1770140] ct_type:0 pic_struct:2
[NULL @ 0x55e4c1749980] ct_type:0 pic_struct:1
[NULL @ 0x55e4c1749980] ct_type:0 pic_struct:2
[h264 @ 0x55e4c198e700] nal_unit_type: 9(AUD), nal_ref_idc: 0
[h264 @ 0x55e4c198e700] nal_unit_type: 8(PPS), nal_ref_idc: 3
[h264 @ 0x55e4c198e700] nal_unit_type: 6(SEI), nal_ref_idc: 0
[h264 @ 0x55e4c198e700] nal_unit_type: 6(SEI), nal_ref_idc: 0
[h264 @ 0x55e4c198e700] nal_unit_type: 1(Coded slice of a non-IDR picture), nal_ref_idc: 2
[h264 @ 0x55e4c1732140] nal_unit_type: 9(AUD), nal_ref_idc: 0
[h264 @ 0x55e4c1732140] nal_unit_type: 8(PPS), nal_ref_idc: 3
[h264 @ 0x55e4c1732140] nal_unit_type: 6(SEI), nal_ref_idc: 0
[h264 @ 0x55e4c1732140] nal_unit_type: 1(Coded slice of a non-IDR picture), nal_ref_idc: 2
[h264 @ 0x55e4c1732140] ct_type:0 pic_struct:2
[NULL @ 0x55e4c1749980] ct_type:0 pic_struct:1
[h264 @ 0x55e4c1988c00] nal_unit_type: 9(AUD), nal_ref_idc: 0
[h264 @ 0x55e4c1988c00] nal_unit_type: 8(PPS), nal_ref_idc: 3
[h264 @ 0x55e4c1988c00] nal_unit_type: 6(SEI), nal_ref_idc: 0
[h264 @ 0x55e4c1988c00] nal_unit_type: 6(SEI), nal_ref_idc: 0
[h264 @ 0x55e4c1988c00] nal_unit_type: 1(Coded slice of a non-IDR picture), nal_ref_idc: 0
[NULL @ 0x55e4c1749980] ct_type:0 pic_struct:2
[h264 @ 0x55e4c18e2900] nal_unit_type: 9(AUD), nal_ref_idc: 0
[h264 @ 0x55e4c18e2900] nal_unit_type: 8(PPS), nal_ref_idc: 3
[h264 @ 0x55e4c18e2900] nal_unit_type: 6(SEI), nal_ref_idc: 0
[h264 @ 0x55e4c18e2900] nal_unit_type: 1(Coded slice of a non-IDR picture), nal_ref_idc: 0
[h264 @ 0x55e4c18e2900] ct_type:0 pic_struct:2
[NULL @ 0x55e4c1749980] ct_type:0 pic_struct:1
[NULL @ 0x55e4c1749980] ct_type:0 pic_struct:2
[h264 @ 0x55e4c1770140] nal_unit_type: 9(AUD), nal_ref_idc: 0
[h264 @ 0x55e4c1770140] nal_unit_type: 8(PPS), nal_ref_idc: 3
[h264 @ 0x55e4c1770140] nal_unit_type: 6(SEI), nal_ref_idc: 0
[h264 @ 0x55e4c1770140] nal_unit_type: 6(SEI), nal_ref_idc: 0
[h264 @ 0x55e4c1770140] nal_unit_type: 1(Coded slice of a non-IDR picture), nal_ref_idc: 2
[NULL @ 0x55e4c1749980] ct_type:0 pic_struct:1
[NULL @ 0x55e4c1749980] ct_type:0 pic_struct:2
[h264 @ 0x55e4c198e700] nal_unit_type: 9(AUD), nal_ref_idc: 0
[h264 @ 0x55e4c198e700] nal_unit_type: 8(PPS), nal_ref_idc: 3
[h264 @ 0x55e4c198e700] nal_unit_type: 6(SEI), nal_ref_idc: 0
[h264 @ 0x55e4c198e700] nal_unit_type: 1(Coded slice of a non-IDR picture), nal_ref_idc: 2
[h264 @ 0x55e4c198e700] ct_type:0 pic_struct:2
[h264 @ 0x55e4c1732140] nal_unit_type: 9(AUD), nal_ref_idc: 0
[h264 @ 0x55e4c1732140] nal_unit_type: 8(PPS), nal_ref_idc: 3
[h264 @ 0x55e4c1732140] nal_unit_type: 6(SEI), nal_ref_idc: 0
[h264 @ 0x55e4c1732140] nal_unit_type: 6(SEI), nal_ref_idc: 0
[h264 @ 0x55e4c1732140] nal_unit_type: 1(Coded slice of a non-IDR picture), nal_ref_idc: 0
[h264 @ 0x55e4c1988c00] nal_unit_type: 9(AUD), nal_ref_idc: 0
[h264 @ 0x55e4c1988c00] nal_unit_type: 8(PPS), nal_ref_idc: 3
[h264 @ 0x55e4c1988c00] nal_unit_type: 6(SEI), nal_ref_idc: 0
[h264 @ 0x55e4c1988c00] nal_unit_type: 1(Coded slice of a non-IDR picture), nal_ref_idc: 0
[NULL @ 0x55e4c1749980] ct_type:0 pic_struct:1
[h264 @ 0x55e4c1988c00] ct_type:0 pic_struct:2
[NULL @ 0x55e4c1749980] ct_type:0 pic_struct:2
[h264 @ 0x55e4c18e2900] nal_unit_type: 9(AUD), nal_ref_idc: 0
[h264 @ 0x55e4c18e2900] nal_unit_type: 8(PPS), nal_ref_idc: 3
[h264 @ 0x55e4c18e2900] nal_unit_type: 6(SEI), nal_ref_idc: 0
[h264 @ 0x55e4c18e2900] nal_unit_type: 6(SEI), nal_ref_idc: 0
[h264 @ 0x55e4c18e2900] nal_unit_type: 1(Coded slice of a non-IDR picture), nal_ref_idc: 2
[NULL @ 0x55e4c1749980] ct_type:0 pic_struct:1
[h264 @ 0x55e4c1770140] nal_unit_type: 9(AUD), nal_ref_idc: 0
[h264 @ 0x55e4c1770140] nal_unit_type: 8(PPS), nal_ref_idc: 3
[h264 @ 0x55e4c1770140] nal_unit_type: 6(SEI), nal_ref_idc: 0
[h264 @ 0x55e4c1770140] nal_unit_type: 1(Coded slice of a non-IDR picture), nal_ref_idc: 2
[h264 @ 0x55e4c1770140] ct_type:0 pic_struct:2
[NULL @ 0x55e4c1749980] ct_type:0 pic_struct:2
[h264 @ 0x55e4c198e700] nal_unit_type: 9(AUD), nal_ref_idc: 0
[h264 @ 0x55e4c198e700] nal_unit_type: 8(PPS), nal_ref_idc: 3
[h264 @ 0x55e4c198e700] nal_unit_type: 6(SEI), nal_ref_idc: 0
[h264 @ 0x55e4c198e700] nal_unit_type: 6(SEI), nal_ref_idc: 0
[h264 @ 0x55e4c198e700] nal_unit_type: 1(Coded slice of a non-IDR picture), nal_ref_idc: 0
[h264 @ 0x55e4c1732140] nal_unit_type: 9(AUD), nal_ref_idc: 0
[h264 @ 0x55e4c1732140] nal_unit_type: 8(PPS), nal_ref_idc: 3
[h264 @ 0x55e4c1732140] nal_unit_type: 6(SEI), nal_ref_idc: 0
[h264 @ 0x55e4c1732140] nal_unit_type: 1(Coded slice of a non-IDR picture), nal_ref_idc: 0
[NULL @ 0x55e4c1749980] ct_type:0 pic_struct:1
[h264 @ 0x55e4c1732140] ct_type:0 pic_struct:2
[NULL @ 0x55e4c1749980] ct_type:0 pic_struct:2
[NULL @ 0x55e4c1749980] ct_type:0 pic_struct:1
[h264 @ 0x55e4c1988c00] nal_unit_type: 9(AUD), nal_ref_idc: 0
[h264 @ 0x55e4c1988c00] nal_unit_type: 8(PPS), nal_ref_idc: 3
[h264 @ 0x55e4c1988c00] nal_unit_type: 6(SEI), nal_ref_idc: 0
[h264 @ 0x55e4c1988c00] nal_unit_type: 6(SEI), nal_ref_idc: 0
[h264 @ 0x55e4c1988c00] nal_unit_type: 1(Coded slice of a non-IDR picture), nal_ref_idc: 2
[NULL @ 0x55e4c1749980] ct_type:0 pic_struct:2
[h264 @ 0x55e4c18e2900] nal_unit_type: 9(AUD), nal_ref_idc: 0
[h264 @ 0x55e4c18e2900] nal_unit_type: 8(PPS), nal_ref_idc: 3
[h264 @ 0x55e4c18e2900] nal_unit_type: 6(SEI), nal_ref_idc: 0
[h264 @ 0x55e4c18e2900] nal_unit_type: 1(Coded slice of a non-IDR picture), nal_ref_idc: 2
[h264 @ 0x55e4c18e2900] ct_type:0 pic_struct:2
[NULL @ 0x55e4c1749980] Decoding VUI
[NULL @ 0x55e4c1749980] ct_type:0 pic_struct:1
[h264 @ 0x55e4c1770140] nal_unit_type: 9(AUD), nal_ref_idc: 0
[h264 @ 0x55e4c1770140] nal_unit_type: 8(PPS), nal_ref_idc: 3
[h264 @ 0x55e4c1770140] nal_unit_type: 6(SEI), nal_ref_idc: 0
[h264 @ 0x55e4c1770140] nal_unit_type: 6(SEI), nal_ref_idc: 0
[h264 @ 0x55e4c1770140] nal_unit_type: 1(Coded slice of a non-IDR picture), nal_ref_idc: 0
[h264 @ 0x55e4c198e700] nal_unit_type: 9(AUD), nal_ref_idc: 0
[h264 @ 0x55e4c198e700] nal_unit_type: 8(PPS), nal_ref_idc: 3
[h264 @ 0x55e4c198e700] nal_unit_type: 6(SEI), nal_ref_idc: 0
[h264 @ 0x55e4c198e700] nal_unit_type: 1(Coded slice of a non-IDR picture), nal_ref_idc: 0
[h264 @ 0x55e4c198e700] ct_type:0 pic_struct:2
[NULL @ 0x55e4c1749980] ct_type:0 pic_struct:2
[h264 @ 0x55e4c1732140] nal_unit_type: 9(AUD), nal_ref_idc: 0
[h264 @ 0x55e4c1732140] nal_unit_type: 7(SPS), nal_ref_idc: 3
[h264 @ 0x55e4c1732140] nal_unit_type: 8(PPS), nal_ref_idc: 3
[h264 @ 0x55e4c1732140] nal_unit_type: 6(SEI), nal_ref_idc: 0
[h264 @ 0x55e4c1732140] nal_unit_type: 6(SEI), nal_ref_idc: 0
[h264 @ 0x55e4c1732140] nal_unit_type: 1(Coded slice of a non-IDR picture), nal_ref_idc: 3
[h264 @ 0x55e4c1732140] Decoding VUI
[h264 @ 0x55e4c1988c00] nal_unit_type: 9(AUD), nal_ref_idc: 0
[h264 @ 0x55e4c1988c00] nal_unit_type: 8(PPS), nal_ref_idc: 3
[h264 @ 0x55e4c1988c00] nal_unit_type: 6(SEI), nal_ref_idc: 0
[h264 @ 0x55e4c1988c00] nal_unit_type: 1(Coded slice of a non-IDR picture), nal_ref_idc: 2
[h264 @ 0x55e4c1988c00] ct_type:0 pic_struct:2
[NULL @ 0x55e4c1749980] ct_type:0 pic_struct:1
[NULL @ 0x55e4c1749980] ct_type:0 pic_struct:2
[h264 @ 0x55e4c18e2900] nal_unit_type: 9(AUD), nal_ref_idc: 0
[h264 @ 0x55e4c18e2900] nal_unit_type: 8(PPS), nal_ref_idc: 3
[h264 @ 0x55e4c18e2900] nal_unit_type: 6(SEI), nal_ref_idc: 0
[h264 @ 0x55e4c18e2900] nal_unit_type: 6(SEI), nal_ref_idc: 0
[h264 @ 0x55e4c18e2900] nal_unit_type: 1(Coded slice of a non-IDR picture), nal_ref_idc: 0
[NULL @ 0x55e4c1749980] ct_type:0 pic_struct:1
[NULL @ 0x55e4c1749980] ct_type:0 pic_struct:2
[h264 @ 0x55e4c1770140] nal_unit_type: 9(AUD), nal_ref_idc: 0
[h264 @ 0x55e4c1770140] nal_unit_type: 8(PPS), nal_ref_idc: 3
[h264 @ 0x55e4c1770140] nal_unit_type: 6(SEI), nal_ref_idc: 0
[h264 @ 0x55e4c1770140] nal_unit_type: 1(Coded slice of a non-IDR picture), nal_ref_idc: 0
[h264 @ 0x55e4c1770140] ct_type:0 pic_struct:2
[h264 @ 0x55e4c198e700] nal_unit_type: 9(AUD), nal_ref_idc: 0
[h264 @ 0x55e4c198e700] nal_unit_type: 8(PPS), nal_ref_idc: 3
[h264 @ 0x55e4c198e700] nal_unit_type: 6(SEI), nal_ref_idc: 0
[h264 @ 0x55e4c198e700] nal_unit_type: 6(SEI), nal_ref_idc: 0
[h264 @ 0x55e4c198e700] nal_unit_type: 1(Coded slice of a non-IDR picture), nal_ref_idc: 2
[NULL @ 0x55e4c1749980] ct_type:0 pic_struct:1
[h264 @ 0x55e4c1732140] nal_unit_type: 9(AUD), nal_ref_idc: 0
[h264 @ 0x55e4c1732140] nal_unit_type: 8(PPS), nal_ref_idc: 3
[h264 @ 0x55e4c1732140] nal_unit_type: 6(SEI), nal_ref_idc: 0
[h264 @ 0x55e4c1732140] nal_unit_type: 1(Coded slice of a non-IDR picture), nal_ref_idc: 2
[NULL @ 0x55e4c1749980] ct_type:0 pic_struct:2
[h264 @ 0x55e4c1732140] ct_type:0 pic_struct:2
[h264 @ 0x55e4c1988c00] nal_unit_type: 9(AUD), nal_ref_idc: 0
[h264 @ 0x55e4c1988c00] nal_unit_type: 8(PPS), nal_ref_idc: 3
[h264 @ 0x55e4c1988c00] nal_unit_type: 6(SEI), nal_ref_idc: 0
[h264 @ 0x55e4c1988c00] nal_unit_type: 6(SEI), nal_ref_idc: 0
[h264 @ 0x55e4c1988c00] nal_unit_type: 1(Coded slice of a non-IDR picture), nal_ref_idc: 0
[NULL @ 0x55e4c1749980] ct_type:0 pic_struct:1
[h264 @ 0x55e4c18e2900] nal_unit_type: 9(AUD), nal_ref_idc: 0
[h264 @ 0x55e4c18e2900] nal_unit_type: 8(PPS), nal_ref_idc: 3
[h264 @ 0x55e4c18e2900] nal_unit_type: 6(SEI), nal_ref_idc: 0
[h264 @ 0x55e4c18e2900] nal_unit_type: 1(Coded slice of a non-IDR picture), nal_ref_idc: 0
[h264 @ 0x55e4c18e2900] ct_type:0 pic_struct:2
[NULL @ 0x55e4c1749980] ct_type:0 pic_struct:2
[h264 @ 0x55e4c1770140] nal_unit_type: 9(AUD), nal_ref_idc: 0
[h264 @ 0x55e4c1770140] nal_unit_type: 8(PPS), nal_ref_idc: 3
[h264 @ 0x55e4c1770140] nal_unit_type: 6(SEI), nal_ref_idc: 0
[h264 @ 0x55e4c1770140] nal_unit_type: 6(SEI), nal_ref_idc: 0
[h264 @ 0x55e4c1770140] nal_unit_type: 1(Coded slice of a non-IDR picture), nal_ref_idc: 2
[NULL @ 0x55e4c1749980] ct_type:0 pic_struct:1
[h264 @ 0x55e4c198e700] nal_unit_type: 9(AUD), nal_ref_idc: 0
[h264 @ 0x55e4c198e700] nal_unit_type: 8(PPS), nal_ref_idc: 3
[h264 @ 0x55e4c198e700] nal_unit_type: 6(SEI), nal_ref_idc: 0
[h264 @ 0x55e4c198e700] nal_unit_type: 1(Coded slice of a non-IDR picture), nal_ref_idc: 2
[h264 @ 0x55e4c198e700] ct_type:0 pic_struct:2
[NULL @ 0x55e4c1749980] ct_type:0 pic_struct:2
[h264 @ 0x55e4c1732140] nal_unit_type: 9(AUD), nal_ref_idc: 0
[h264 @ 0x55e4c1732140] nal_unit_type: 8(PPS), nal_ref_idc: 3
[h264 @ 0x55e4c1732140] nal_unit_type: 6(SEI), nal_ref_idc: 0
[h264 @ 0x55e4c1732140] nal_unit_type: 6(SEI), nal_ref_idc: 0
[h264 @ 0x55e4c1732140] nal_unit_type: 1(Coded slice of a non-IDR picture), nal_ref_idc: 0
[NULL @ 0x55e4c1749980] ct_type:0 pic_struct:1
[h264 @ 0x55e4c1988c00] nal_unit_type: 9(AUD), nal_ref_idc: 0
[h264 @ 0x55e4c1988c00] nal_unit_type: 8(PPS), nal_ref_idc: 3
[h264 @ 0x55e4c1988c00] nal_unit_type: 6(SEI), nal_ref_idc: 0
[h264 @ 0x55e4c1988c00] nal_unit_type: 1(Coded slice of a non-IDR picture), nal_ref_idc: 0
[h264 @ 0x55e4c1988c00] ct_type:0 pic_struct:2
[NULL @ 0x55e4c1749980] ct_type:0 pic_struct:2
[h264 @ 0x55e4c18e2900] nal_unit_type: 9(AUD), nal_ref_idc: 0
[h264 @ 0x55e4c18e2900] nal_unit_type: 8(PPS), nal_ref_idc: 3
[h264 @ 0x55e4c18e2900] nal_unit_type: 6(SEI), nal_ref_idc: 0
[h264 @ 0x55e4c18e2900] nal_unit_type: 6(SEI), nal_ref_idc: 0
[h264 @ 0x55e4c18e2900] nal_unit_type: 1(Coded slice of a non-IDR picture), nal_ref_idc: 2
[NULL @ 0x55e4c1749980] ct_type:0 pic_struct:1
[h264 @ 0x55e4c1770140] nal_unit_type: 9(AUD), nal_ref_idc: 0
[h264 @ 0x55e4c1770140] nal_unit_type: 8(PPS), nal_ref_idc: 3
[h264 @ 0x55e4c1770140] nal_unit_type: 6(SEI), nal_ref_idc: 0
[h264 @ 0x55e4c1770140] nal_unit_type: 1(Coded slice of a non-IDR picture), nal_ref_idc: 2
[h264 @ 0x55e4c1770140] ct_type:0 pic_struct:2
[NULL @ 0x55e4c1749980] ct_type:0 pic_struct:2
[h264 @ 0x55e4c198e700] nal_unit_type: 9(AUD), nal_ref_idc: 0
[h264 @ 0x55e4c198e700] nal_unit_type: 8(PPS), nal_ref_idc: 3
[h264 @ 0x55e4c198e700] nal_unit_type: 6(SEI), nal_ref_idc: 0
[h264 @ 0x55e4c198e700] nal_unit_type: 6(SEI), nal_ref_idc: 0
[h264 @ 0x55e4c198e700] nal_unit_type: 1(Coded slice of a non-IDR picture), nal_ref_idc: 0
[NULL @ 0x55e4c1749980] ct_type:0 pic_struct:1
[NULL @ 0x55e4c1749980] ct_type:0 pic_struct:2
[h264 @ 0x55e4c1732140] nal_unit_type: 9(AUD), nal_ref_idc: 0
[h264 @ 0x55e4c1732140] nal_unit_type: 8(PPS), nal_ref_idc: 3
[h264 @ 0x55e4c1732140] nal_unit_type: 6(SEI), nal_ref_idc: 0
[h264 @ 0x55e4c1732140] nal_unit_type: 1(Coded slice of a non-IDR picture), nal_ref_idc: 0
[h264 @ 0x55e4c1732140] ct_type:0 pic_struct:2
[h264 @ 0x55e4c1988c00] nal_unit_type: 9(AUD), nal_ref_idc: 0
[h264 @ 0x55e4c1988c00] nal_unit_type: 8(PPS), nal_ref_idc: 3
[h264 @ 0x55e4c1988c00] nal_unit_type: 6(SEI), nal_ref_idc: 0
[h264 @ 0x55e4c1988c00] nal_unit_type: 6(SEI), nal_ref_idc: 0
[h264 @ 0x55e4c1988c00] nal_unit_type: 1(Coded slice of a non-IDR picture), nal_ref_idc: 2
[NULL @ 0x55e4c1749980] ct_type:0 pic_struct:1
[h264 @ 0x55e4c18e2900] nal_unit_type: 9(AUD), nal_ref_idc: 0
[h264 @ 0x55e4c18e2900] nal_unit_type: 8(PPS), nal_ref_idc: 3
[h264 @ 0x55e4c18e2900] nal_unit_type: 6(SEI), nal_ref_idc: 0
[h264 @ 0x55e4c18e2900] nal_unit_type: 1(Coded slice of a non-IDR picture), nal_ref_idc: 2
[h264 @ 0x55e4c18e2900] ct_type:0 pic_struct:2
[h264 @ 0x55e4c1770140] nal_unit_type: 9(AUD), nal_ref_idc: 0
[h264 @ 0x55e4c1770140] nal_unit_type: 8(PPS), nal_ref_idc: 3
[h264 @ 0x55e4c1770140] nal_unit_type: 6(SEI), nal_ref_idc: 0
[h264 @ 0x55e4c1770140] nal_unit_type: 6(SEI), nal_ref_idc: 0
[h264 @ 0x55e4c1770140] nal_unit_type: 1(Coded slice of a non-IDR picture), nal_ref_idc: 0
[NULL @ 0x55e4c1749980] ct_type:0 pic_struct:2
[NULL @ 0x55e4c1749980] ct_type:0 pic_struct:1
[h264 @ 0x55e4c198e700] nal_unit_type: 9(AUD), nal_ref_idc: 0
[h264 @ 0x55e4c198e700] nal_unit_type: 8(PPS), nal_ref_idc: 3
[h264 @ 0x55e4c198e700] nal_unit_type: 6(SEI), nal_ref_idc: 0
[h264 @ 0x55e4c198e700] nal_unit_type: 1(Coded slice of a non-IDR picture), nal_ref_idc: 0
[h264 @ 0x55e4c198e700] ct_type:0 pic_struct:2
[NULL @ 0x55e4c1749980] ct_type:0 pic_struct:2
[h264 @ 0x55e4c1732140] nal_unit_type: 9(AUD), nal_ref_idc: 0
[h264 @ 0x55e4c1732140] nal_unit_type: 8(PPS), nal_ref_idc: 3
[h264 @ 0x55e4c1732140] nal_unit_type: 6(SEI), nal_ref_idc: 0
[h264 @ 0x55e4c1732140] nal_unit_type: 6(SEI), nal_ref_idc: 0
[h264 @ 0x55e4c1732140] nal_unit_type: 1(Coded slice of a non-IDR picture), nal_ref_idc: 2
[NULL @ 0x55e4c1749980] ct_type:0 pic_struct:1
[h264 @ 0x55e4c1988c00] nal_unit_type: 9(AUD), nal_ref_idc: 0
[h264 @ 0x55e4c1988c00] nal_unit_type: 8(PPS), nal_ref_idc: 3
[h264 @ 0x55e4c1988c00] nal_unit_type: 6(SEI), nal_ref_idc: 0
[h264 @ 0x55e4c1988c00] nal_unit_type: 1(Coded slice of a non-IDR picture), nal_ref_idc: 2
[h264 @ 0x55e4c1988c00] ct_type:0 pic_struct:2
[NULL @ 0x55e4c1749980] ct_type:0 pic_struct:2
[h264 @ 0x55e4c18e2900] nal_unit_type: 9(AUD), nal_ref_idc: 0
[h264 @ 0x55e4c18e2900] nal_unit_type: 8(PPS), nal_ref_idc: 3
[h264 @ 0x55e4c18e2900] nal_unit_type: 6(SEI), nal_ref_idc: 0
[h264 @ 0x55e4c18e2900] nal_unit_type: 6(SEI), nal_ref_idc: 0
[h264 @ 0x55e4c18e2900] nal_unit_type: 1(Coded slice of a non-IDR picture), nal_ref_idc: 0
[NULL @ 0x55e4c1749980] ct_type:0 pic_struct:1
[h264 @ 0x55e4c1770140] nal_unit_type: 9(AUD), nal_ref_idc: 0
[h264 @ 0x55e4c1770140] nal_unit_type: 8(PPS), nal_ref_idc: 3
[h264 @ 0x55e4c1770140] nal_unit_type: 6(SEI), nal_ref_idc: 0
[h264 @ 0x55e4c1770140] nal_unit_type: 1(Coded slice of a non-IDR picture), nal_ref_idc: 0
[h264 @ 0x55e4c1770140] ct_type:0 pic_struct:2
[NULL @ 0x55e4c1749980] ct_type:0 pic_struct:2
[h264 @ 0x55e4c198e700] nal_unit_type: 9(AUD), nal_ref_idc: 0
[h264 @ 0x55e4c198e700] nal_unit_type: 8(PPS), nal_ref_idc: 3
[h264 @ 0x55e4c198e700] nal_unit_type: 6(SEI), nal_ref_idc: 0
[h264 @ 0x55e4c198e700] nal_unit_type: 6(SEI), nal_ref_idc: 0
[h264 @ 0x55e4c198e700] nal_unit_type: 1(Coded slice of a non-IDR picture), nal_ref_idc: 2
[NULL @ 0x55e4c1749980] ct_type:0 pic_struct:1
[h264 @ 0x55e4c1732140] nal_unit_type: 9(AUD), nal_ref_idc: 0
[h264 @ 0x55e4c1732140] nal_unit_type: 8(PPS), nal_ref_idc: 3
[h264 @ 0x55e4c1732140] nal_unit_type: 6(SEI), nal_ref_idc: 0
[h264 @ 0x55e4c1732140] nal_unit_type: 1(Coded slice of a non-IDR picture), nal_ref_idc: 2
[h264 @ 0x55e4c1732140] ct_type:0 pic_struct:2
[NULL @ 0x55e4c1749980] ct_type:0 pic_struct:2
[h264 @ 0x55e4c1988c00] nal_unit_type: 9(AUD), nal_ref_idc: 0
[h264 @ 0x55e4c1988c00] nal_unit_type: 8(PPS), nal_ref_idc: 3
[h264 @ 0x55e4c1988c00] nal_unit_type: 6(SEI), nal_ref_idc: 0
[h264 @ 0x55e4c1988c00] nal_unit_type: 6(SEI), nal_ref_idc: 0
[h264 @ 0x55e4c1988c00] nal_unit_type: 1(Coded slice of a non-IDR picture), nal_ref_idc: 0
[NULL @ 0x55e4c1749980] ct_type:0 pic_struct:1
[h264 @ 0x55e4c18e2900] nal_unit_type: 9(AUD), nal_ref_idc: 0
[h264 @ 0x55e4c18e2900] nal_unit_type: 8(PPS), nal_ref_idc: 3
[h264 @ 0x55e4c18e2900] nal_unit_type: 6(SEI), nal_ref_idc: 0
[h264 @ 0x55e4c18e2900] nal_unit_type: 1(Coded slice of a non-IDR picture), nal_ref_idc: 0
[h264 @ 0x55e4c18e2900] ct_type:0 pic_struct:2
[h264 @ 0x55e4c1770140] nal_unit_type: 9(AUD), nal_ref_idc: 0
[h264 @ 0x55e4c1770140] nal_unit_type: 8(PPS), nal_ref_idc: 3
[h264 @ 0x55e4c1770140] nal_unit_type: 6(SEI), nal_ref_idc: 0
[h264 @ 0x55e4c1770140] nal_unit_type: 6(SEI), nal_ref_idc: 0
[h264 @ 0x55e4c1770140] nal_unit_type: 1(Coded slice of a non-IDR picture), nal_ref_idc: 2
[NULL @ 0x55e4c1749980] ct_type:0 pic_struct:2
[NULL @ 0x55e4c1749980] ct_type:0 pic_struct:1
[h264 @ 0x55e4c198e700] nal_unit_type: 9(AUD), nal_ref_idc: 0
[h264 @ 0x55e4c198e700] nal_unit_type: 8(PPS), nal_ref_idc: 3
[h264 @ 0x55e4c198e700] nal_unit_type: 6(SEI), nal_ref_idc: 0
[h264 @ 0x55e4c198e700] nal_unit_type: 1(Coded slice of a non-IDR picture), nal_ref_idc: 2
[h264 @ 0x55e4c198e700] ct_type:0 pic_struct:2
[h264 @ 0x55e4c1732140] nal_unit_type: 9(AUD), nal_ref_idc: 0
[h264 @ 0x55e4c1732140] nal_unit_type: 8(PPS), nal_ref_idc: 3
[h264 @ 0x55e4c1732140] nal_unit_type: 6(SEI), nal_ref_idc: 0
[h264 @ 0x55e4c1732140] nal_unit_type: 6(SEI), nal_ref_idc: 0
[h264 @ 0x55e4c1732140] nal_unit_type: 1(Coded slice of a non-IDR picture), nal_ref_idc: 0
[NULL @ 0x55e4c1749980] ct_type:0 pic_struct:2
[h264 @ 0x55e4c1988c00] nal_unit_type: 9(AUD), nal_ref_idc: 0
[h264 @ 0x55e4c1988c00] nal_unit_type: 8(PPS), nal_ref_idc: 3
[h264 @ 0x55e4c1988c00] nal_unit_type: 6(SEI), nal_ref_idc: 0
[h264 @ 0x55e4c1988c00] nal_unit_type: 1(Coded slice of a non-IDR picture), nal_ref_idc: 0
[NULL @ 0x55e4c1749980] ct_type:0 pic_struct:1
[h264 @ 0x55e4c1988c00] ct_type:0 pic_struct:2
[NULL @ 0x55e4c1749980] ct_type:0 pic_struct:2
[NULL @ 0x55e4c1749980] ct_type:0 pic_struct:1
[h264 @ 0x55e4c18e2900] nal_unit_type: 9(AUD), nal_ref_idc: 0
[h264 @ 0x55e4c18e2900] nal_unit_type: 8(PPS), nal_ref_idc: 3
[h264 @ 0x55e4c18e2900] nal_unit_type: 6(SEI), nal_ref_idc: 0
[h264 @ 0x55e4c18e2900] nal_unit_type: 6(SEI), nal_ref_idc: 0
[h264 @ 0x55e4c18e2900] nal_unit_type: 1(Coded slice of a non-IDR picture), nal_ref_idc: 2
[h264 @ 0x55e4c1770140] nal_unit_type: 9(AUD), nal_ref_idc: 0
[h264 @ 0x55e4c1770140] nal_unit_type: 8(PPS), nal_ref_idc: 3
[h264 @ 0x55e4c1770140] nal_unit_type: 6(SEI), nal_ref_idc: 0
[h264 @ 0x55e4c1770140] nal_unit_type: 1(Coded slice of a non-IDR picture), nal_ref_idc: 2
[h264 @ 0x55e4c1770140] ct_type:0 pic_struct:2
[h264 @ 0x55e4c198e700] nal_unit_type: 9(AUD), nal_ref_idc: 0
[h264 @ 0x55e4c198e700] nal_unit_type: 8(PPS), nal_ref_idc: 3
[h264 @ 0x55e4c198e700] nal_unit_type: 6(SEI), nal_ref_idc: 0
[h264 @ 0x55e4c198e700] nal_unit_type: 6(SEI), nal_ref_idc: 0
[h264 @ 0x55e4c198e700] nal_unit_type: 1(Coded slice of a non-IDR picture), nal_ref_idc: 0
[NULL @ 0x55e4c1749980] ct_type:0 pic_struct:2
[h264 @ 0x55e4c1732140] nal_unit_type: 9(AUD), nal_ref_idc: 0
[h264 @ 0x55e4c1732140] nal_unit_type: 8(PPS), nal_ref_idc: 3
[h264 @ 0x55e4c1732140] nal_unit_type: 6(SEI), nal_ref_idc: 0
[h264 @ 0x55e4c1732140] nal_unit_type: 1(Coded slice of a non-IDR picture), nal_ref_idc: 0
[NULL @ 0x55e4c1749980] ct_type:0 pic_struct:1
[h264 @ 0x55e4c1732140] ct_type:0 pic_struct:2
[NULL @ 0x55e4c1749980] ct_type:0 pic_struct:2
[NULL @ 0x55e4c1749980] ct_type:0 pic_struct:1
[h264 @ 0x55e4c1988c00] nal_unit_type: 9(AUD), nal_ref_idc: 0
[h264 @ 0x55e4c1988c00] nal_unit_type: 8(PPS), nal_ref_idc: 3
[h264 @ 0x55e4c1988c00] nal_unit_type: 6(SEI), nal_ref_idc: 0
[h264 @ 0x55e4c1988c00] nal_unit_type: 6(SEI), nal_ref_idc: 0
[h264 @ 0x55e4c1988c00] nal_unit_type: 1(Coded slice of a non-IDR picture), nal_ref_idc: 2
[h264 @ 0x55e4c18e2900] nal_unit_type: 9(AUD), nal_ref_idc: 0
[h264 @ 0x55e4c18e2900] nal_unit_type: 8(PPS), nal_ref_idc: 3
[h264 @ 0x55e4c18e2900] nal_unit_type: 6(SEI), nal_ref_idc: 0
[h264 @ 0x55e4c18e2900] nal_unit_type: 1(Coded slice of a non-IDR picture), nal_ref_idc: 2
[h264 @ 0x55e4c18e2900] ct_type:0 pic_struct:2
[NULL @ 0x55e4c1749980] ct_type:0 pic_struct:2
[NULL @ 0x55e4c1749980] ct_type:0 pic_struct:1
[h264 @ 0x55e4c1770140] nal_unit_type: 9(AUD), nal_ref_idc: 0
[h264 @ 0x55e4c1770140] nal_unit_type: 8(PPS), nal_ref_idc: 3
[h264 @ 0x55e4c1770140] nal_unit_type: 6(SEI), nal_ref_idc: 0
[h264 @ 0x55e4c1770140] nal_unit_type: 6(SEI), nal_ref_idc: 0
[h264 @ 0x55e4c1770140] nal_unit_type: 1(Coded slice of a non-IDR picture), nal_ref_idc: 0
[h264 @ 0x55e4c198e700] nal_unit_type: 9(AUD), nal_ref_idc: 0
[h264 @ 0x55e4c198e700] nal_unit_type: 8(PPS), nal_ref_idc: 3
[h264 @ 0x55e4c198e700] nal_unit_type: 6(SEI), nal_ref_idc: 0
[h264 @ 0x55e4c198e700] nal_unit_type: 1(Coded slice of a non-IDR picture), nal_ref_idc: 0
[h264 @ 0x55e4c198e700] ct_type:0 pic_struct:2
[NULL @ 0x55e4c1749980] ct_type:0 pic_struct:2
[h264 @ 0x55e4c1732140] nal_unit_type: 9(AUD), nal_ref_idc: 0
[h264 @ 0x55e4c1732140] nal_unit_type: 8(PPS), nal_ref_idc: 3
[h264 @ 0x55e4c1732140] nal_unit_type: 6(SEI), nal_ref_idc: 0
[h264 @ 0x55e4c1732140] nal_unit_type: 6(SEI), nal_ref_idc: 0
[h264 @ 0x55e4c1732140] nal_unit_type: 1(Coded slice of a non-IDR picture), nal_ref_idc: 2
[NULL @ 0x55e4c1749980] ct_type:0 pic_struct:1
[h264 @ 0x55e4c1988c00] nal_unit_type: 9(AUD), nal_ref_idc: 0
[h264 @ 0x55e4c1988c00] nal_unit_type: 8(PPS), nal_ref_idc: 3
[h264 @ 0x55e4c1988c00] nal_unit_type: 6(SEI), nal_ref_idc: 0
[h264 @ 0x55e4c1988c00] nal_unit_type: 1(Coded slice of a non-IDR picture), nal_ref_idc: 2
[h264 @ 0x55e4c1988c00] ct_type:0 pic_struct:2
[NULL @ 0x55e4c1749980] ct_type:0 pic_struct:2
[h264 @ 0x55e4c18e2900] nal_unit_type: 9(AUD), nal_ref_idc: 0
[h264 @ 0x55e4c18e2900] nal_unit_type: 8(PPS), nal_ref_idc: 3
[h264 @ 0x55e4c18e2900] nal_unit_type: 6(SEI), nal_ref_idc: 0
[h264 @ 0x55e4c18e2900] nal_unit_type: 6(SEI), nal_ref_idc: 0
[h264 @ 0x55e4c18e2900] nal_unit_type: 1(Coded slice of a non-IDR picture), nal_ref_idc: 0
[NULL @ 0x55e4c1749980] ct_type:0 pic_struct:1
[h264 @ 0x55e4c1770140] nal_unit_type: 9(AUD), nal_ref_idc: 0
[h264 @ 0x55e4c1770140] nal_unit_type: 8(PPS), nal_ref_idc: 3
[h264 @ 0x55e4c1770140] nal_unit_type: 6(SEI), nal_ref_idc: 0
[h264 @ 0x55e4c1770140] nal_unit_type: 1(Coded slice of a non-IDR picture), nal_ref_idc: 0
[h264 @ 0x55e4c1770140] ct_type:0 pic_struct:2
[NULL @ 0x55e4c1749980] ct_type:0 pic_struct:2
[h264 @ 0x55e4c198e700] nal_unit_type: 9(AUD), nal_ref_idc: 0
[h264 @ 0x55e4c198e700] nal_unit_type: 8(PPS), nal_ref_idc: 3
[h264 @ 0x55e4c198e700] nal_unit_type: 6(SEI), nal_ref_idc: 0
[h264 @ 0x55e4c198e700] nal_unit_type: 6(SEI), nal_ref_idc: 0
[h264 @ 0x55e4c198e700] nal_unit_type: 1(Coded slice of a non-IDR picture), nal_ref_idc: 2
[h264 @ 0x55e4c1732140] nal_unit_type: 9(AUD), nal_ref_idc: 0
[h264 @ 0x55e4c1732140] nal_unit_type: 8(PPS), nal_ref_idc: 3
[NULL @ 0x55e4c1749980] ct_type:0 pic_struct:1
[h264 @ 0x55e4c1732140] nal_unit_type: 6(SEI), nal_ref_idc: 0
[h264 @ 0x55e4c1732140] nal_unit_type: 1(Coded slice of a non-IDR picture), nal_ref_idc: 2
[h264 @ 0x55e4c1732140] ct_type:0 pic_struct:2
frame=   76 fps=0.0 q=-0.0 size=N/A time=00:00:02.65 bitrate=N/A speed=5.01x    [NULL @ 0x55e4c1749980] ct_type:0 pic_struct:2
[h264 @ 0x55e4c1988c00] nal_unit_type: 9(AUD), nal_ref_idc: 0
[h264 @ 0x55e4c1988c00] nal_unit_type: 8(PPS), nal_ref_idc: 3
[h264 @ 0x55e4c1988c00] nal_unit_type: 6(SEI), nal_ref_idc: 0
[h264 @ 0x55e4c1988c00] nal_unit_type: 6(SEI), nal_ref_idc: 0
[h264 @ 0x55e4c1988c00] nal_unit_type: 1(Coded slice of a non-IDR picture), nal_ref_idc: 0
[NULL @ 0x55e4c1749980] ct_type:0 pic_struct:1
[h264 @ 0x55e4c18e2900] nal_unit_type: 9(AUD), nal_ref_idc: 0
[h264 @ 0x55e4c18e2900] nal_unit_type: 8(PPS), nal_ref_idc: 3
[h264 @ 0x55e4c18e2900] nal_unit_type: 6(SEI), nal_ref_idc: 0
[h264 @ 0x55e4c18e2900] nal_unit_type: 1(Coded slice of a non-IDR picture), nal_ref_idc: 0
[h264 @ 0x55e4c18e2900] ct_type:0 pic_struct:2
[NULL @ 0x55e4c1749980] ct_type:0 pic_struct:2
[NULL @ 0x55e4c1749980] ct_type:0 pic_struct:1
[h264 @ 0x55e4c1770140] nal_unit_type: 9(AUD), nal_ref_idc: 0
[h264 @ 0x55e4c1770140] nal_unit_type: 8(PPS), nal_ref_idc: 3
[h264 @ 0x55e4c1770140] nal_unit_type: 6(SEI), nal_ref_idc: 0
[h264 @ 0x55e4c1770140] nal_unit_type: 6(SEI), nal_ref_idc: 0
[h264 @ 0x55e4c1770140] nal_unit_type: 1(Coded slice of a non-IDR picture), nal_ref_idc: 2
[NULL @ 0x55e4c1749980] ct_type:0 pic_struct:2
[h264 @ 0x55e4c198e700] nal_unit_type: 9(AUD), nal_ref_idc: 0
[h264 @ 0x55e4c198e700] nal_unit_type: 8(PPS), nal_ref_idc: 3
[h264 @ 0x55e4c198e700] nal_unit_type: 6(SEI), nal_ref_idc: 0
[h264 @ 0x55e4c198e700] nal_unit_type: 1(Coded slice of a non-IDR picture), nal_ref_idc: 2
[h264 @ 0x55e4c198e700] ct_type:0 pic_struct:2
[h264 @ 0x55e4c1732140] nal_unit_type: 9(AUD), nal_ref_idc: 0
[h264 @ 0x55e4c1732140] nal_unit_type: 8(PPS), nal_ref_idc: 3
[h264 @ 0x55e4c1732140] nal_unit_type: 6(SEI), nal_ref_idc: 0
[h264 @ 0x55e4c1732140] nal_unit_type: 6(SEI), nal_ref_idc: 0
[h264 @ 0x55e4c1732140] nal_unit_type: 1(Coded slice of a non-IDR picture), nal_ref_idc: 0
[h264 @ 0x55e4c1988c00] nal_unit_type: 9(AUD), nal_ref_idc: 0
[h264 @ 0x55e4c1988c00] nal_unit_type: 8(PPS), nal_ref_idc: 3
[h264 @ 0x55e4c1988c00] nal_unit_type: 6(SEI), nal_ref_idc: 0
[h264 @ 0x55e4c1988c00] nal_unit_type: 1(Coded slice of a non-IDR picture), nal_ref_idc: 0
[h264 @ 0x55e4c1988c00] ct_type:0 pic_struct:2
[NULL @ 0x55e4c1749980] ct_type:0 pic_struct:1
[NULL @ 0x55e4c1749980] ct_type:0 pic_struct:2
[h264 @ 0x55e4c18e2900] nal_unit_type: 9(AUD), nal_ref_idc: 0
[h264 @ 0x55e4c18e2900] nal_unit_type: 8(PPS), nal_ref_idc: 3
[h264 @ 0x55e4c18e2900] nal_unit_type: 6(SEI), nal_ref_idc: 0
[h264 @ 0x55e4c18e2900] nal_unit_type: 6(SEI), nal_ref_idc: 0
[h264 @ 0x55e4c18e2900] nal_unit_type: 1(Coded slice of a non-IDR picture), nal_ref_idc: 2
[NULL @ 0x55e4c1749980] ct_type:0 pic_struct:1
[h264 @ 0x55e4c1770140] nal_unit_type: 9(AUD), nal_ref_idc: 0
[h264 @ 0x55e4c1770140] nal_unit_type: 8(PPS), nal_ref_idc: 3
[h264 @ 0x55e4c1770140] nal_unit_type: 6(SEI), nal_ref_idc: 0
[h264 @ 0x55e4c1770140] nal_unit_type: 1(Coded slice of a non-IDR picture), nal_ref_idc: 2
[h264 @ 0x55e4c1770140] ct_type:0 pic_struct:2
[h264 @ 0x55e4c198e700] nal_unit_type: 9(AUD), nal_ref_idc: 0
[h264 @ 0x55e4c198e700] nal_unit_type: 8(PPS), nal_ref_idc: 3
[h264 @ 0x55e4c198e700] nal_unit_type: 6(SEI), nal_ref_idc: 0
[h264 @ 0x55e4c198e700] nal_unit_type: 6(SEI), nal_ref_idc: 0
[h264 @ 0x55e4c198e700] nal_unit_type: 1(Coded slice of a non-IDR picture), nal_ref_idc: 0
[NULL @ 0x55e4c1749980] ct_type:0 pic_struct:2
[h264 @ 0x55e4c1732140] nal_unit_type: 9(AUD), nal_ref_idc: 0
[h264 @ 0x55e4c1732140] nal_unit_type: 8(PPS), nal_ref_idc: 3
[h264 @ 0x55e4c1732140] nal_unit_type: 6(SEI), nal_ref_idc: 0
[h264 @ 0x55e4c1732140] nal_unit_type: 1(Coded slice of a non-IDR picture), nal_ref_idc: 0
[h264 @ 0x55e4c1732140] ct_type:0 pic_struct:2
[NULL @ 0x55e4c1749980] ct_type:0 pic_struct:1
[NULL @ 0x55e4c1749980] ct_type:0 pic_struct:2
[h264 @ 0x55e4c1988c00] nal_unit_type: 9(AUD), nal_ref_idc: 0
[h264 @ 0x55e4c1988c00] nal_unit_type: 8(PPS), nal_ref_idc: 3
[h264 @ 0x55e4c1988c00] nal_unit_type: 6(SEI), nal_ref_idc: 0
[h264 @ 0x55e4c1988c00] nal_unit_type: 6(SEI), nal_ref_idc: 0
[h264 @ 0x55e4c1988c00] nal_unit_type: 1(Coded slice of a non-IDR picture), nal_ref_idc: 2
[NULL @ 0x55e4c1749980] ct_type:0 pic_struct:1
[h264 @ 0x55e4c18e2900] nal_unit_type: 9(AUD), nal_ref_idc: 0
[h264 @ 0x55e4c18e2900] nal_unit_type: 8(PPS), nal_ref_idc: 3
[h264 @ 0x55e4c18e2900] nal_unit_type: 6(SEI), nal_ref_idc: 0
[h264 @ 0x55e4c18e2900] nal_unit_type: 1(Coded slice of a non-IDR picture), nal_ref_idc: 2
[h264 @ 0x55e4c18e2900] ct_type:0 pic_struct:2
[h264 @ 0x55e4c1770140] nal_unit_type: 9(AUD), nal_ref_idc: 0
[NULL @ 0x55e4c1749980] ct_type:0 pic_struct:2
[h264 @ 0x55e4c1770140] nal_unit_type: 8(PPS), nal_ref_idc: 3
[h264 @ 0x55e4c1770140] nal_unit_type: 6(SEI), nal_ref_idc: 0
[h264 @ 0x55e4c1770140] nal_unit_type: 6(SEI), nal_ref_idc: 0
[h264 @ 0x55e4c1770140] nal_unit_type: 1(Coded slice of a non-IDR picture), nal_ref_idc: 0
[h264 @ 0x55e4c198e700] nal_unit_type: 9(AUD), nal_ref_idc: 0
[h264 @ 0x55e4c198e700] nal_unit_type: 8(PPS), nal_ref_idc: 3
[h264 @ 0x55e4c198e700] nal_unit_type: 6(SEI), nal_ref_idc: 0
[h264 @ 0x55e4c198e700] nal_unit_type: 1(Coded slice of a non-IDR picture), nal_ref_idc: 0
[NULL @ 0x55e4c1749980] ct_type:0 pic_struct:1
[h264 @ 0x55e4c198e700] ct_type:0 pic_struct:2
[NULL @ 0x55e4c1749980] ct_type:0 pic_struct:2
[h264 @ 0x55e4c1732140] nal_unit_type: 9(AUD), nal_ref_idc: 0
[h264 @ 0x55e4c1732140] nal_unit_type: 8(PPS), nal_ref_idc: 3
[h264 @ 0x55e4c1732140] nal_unit_type: 6(SEI), nal_ref_idc: 0
[h264 @ 0x55e4c1732140] nal_unit_type: 6(SEI), nal_ref_idc: 0
[h264 @ 0x55e4c1732140] nal_unit_type: 1(Coded slice of a non-IDR picture), nal_ref_idc: 2
[NULL @ 0x55e4c1749980] ct_type:0 pic_struct:1
[h264 @ 0x55e4c1988c00] nal_unit_type: 9(AUD), nal_ref_idc: 0
[h264 @ 0x55e4c1988c00] nal_unit_type: 8(PPS), nal_ref_idc: 3
[h264 @ 0x55e4c1988c00] nal_unit_type: 6(SEI), nal_ref_idc: 0
[h264 @ 0x55e4c1988c00] nal_unit_type: 1(Coded slice of a non-IDR picture), nal_ref_idc: 2
[h264 @ 0x55e4c1988c00] ct_type:0 pic_struct:2
[h264 @ 0x55e4c18e2900] nal_unit_type: 9(AUD), nal_ref_idc: 0
[h264 @ 0x55e4c18e2900] nal_unit_type: 8(PPS), nal_ref_idc: 3
[h264 @ 0x55e4c18e2900] nal_unit_type: 6(SEI), nal_ref_idc: 0
[h264 @ 0x55e4c18e2900] nal_unit_type: 6(SEI), nal_ref_idc: 0
[h264 @ 0x55e4c18e2900] nal_unit_type: 1(Coded slice of a non-IDR picture), nal_ref_idc: 0
[NULL @ 0x55e4c1749980] ct_type:0 pic_struct:2
[h264 @ 0x55e4c1770140] nal_unit_type: 9(AUD), nal_ref_idc: 0
[h264 @ 0x55e4c1770140] nal_unit_type: 8(PPS), nal_ref_idc: 3
[h264 @ 0x55e4c1770140] nal_unit_type: 6(SEI), nal_ref_idc: 0
[h264 @ 0x55e4c1770140] nal_unit_type: 1(Coded slice of a non-IDR picture), nal_ref_idc: 0
[h264 @ 0x55e4c1770140] ct_type:0 pic_struct:2
[NULL @ 0x55e4c1749980] Decoding VUI
[NULL @ 0x55e4c1749980] ct_type:0 pic_struct:1
[NULL @ 0x55e4c1749980] ct_type:0 pic_struct:2
[h264 @ 0x55e4c198e700] nal_unit_type: 9(AUD), nal_ref_idc: 0
[h264 @ 0x55e4c198e700] nal_unit_type: 7(SPS), nal_ref_idc: 3
[h264 @ 0x55e4c198e700] nal_unit_type: 8(PPS), nal_ref_idc: 3
[h264 @ 0x55e4c198e700] nal_unit_type: 6(SEI), nal_ref_idc: 0
[h264 @ 0x55e4c198e700] nal_unit_type: 6(SEI), nal_ref_idc: 0
[h264 @ 0x55e4c198e700] nal_unit_type: 1(Coded slice of a non-IDR picture), nal_ref_idc: 3
[h264 @ 0x55e4c198e700] Decoding VUI
[NULL @ 0x55e4c1749980] ct_type:0 pic_struct:1
[h264 @ 0x55e4c1732140] nal_unit_type: 9(AUD), nal_ref_idc: 0
[h264 @ 0x55e4c1732140] nal_unit_type: 8(PPS), nal_ref_idc: 3
[h264 @ 0x55e4c1732140] nal_unit_type: 6(SEI), nal_ref_idc: 0
[h264 @ 0x55e4c1732140] nal_unit_type: 1(Coded slice of a non-IDR picture), nal_ref_idc: 2
[h264 @ 0x55e4c1732140] ct_type:0 pic_struct:2
[h264 @ 0x55e4c1988c00] nal_unit_type: 9(AUD), nal_ref_idc: 0
[h264 @ 0x55e4c1988c00] nal_unit_type: 8(PPS), nal_ref_idc: 3
[h264 @ 0x55e4c1988c00] nal_unit_type: 6(SEI), nal_ref_idc: 0
[h264 @ 0x55e4c1988c00] nal_unit_type: 6(SEI), nal_ref_idc: 0
[h264 @ 0x55e4c1988c00] nal_unit_type: 1(Coded slice of a non-IDR picture), nal_ref_idc: 0
[NULL @ 0x55e4c1749980] ct_type:0 pic_struct:2
[NULL @ 0x55e4c1749980] ct_type:0 pic_struct:1
[h264 @ 0x55e4c18e2900] nal_unit_type: 9(AUD), nal_ref_idc: 0
[h264 @ 0x55e4c18e2900] nal_unit_type: 8(PPS), nal_ref_idc: 3
[h264 @ 0x55e4c18e2900] nal_unit_type: 6(SEI), nal_ref_idc: 0
[h264 @ 0x55e4c18e2900] nal_unit_type: 1(Coded slice of a non-IDR picture), nal_ref_idc: 0
[h264 @ 0x55e4c18e2900] ct_type:0 pic_struct:2
[NULL @ 0x55e4c1749980] ct_type:0 pic_struct:2
[NULL @ 0x55e4c1749980] ct_type:0 pic_struct:1
[h264 @ 0x55e4c1770140] nal_unit_type: 9(AUD), nal_ref_idc: 0
[h264 @ 0x55e4c1770140] nal_unit_type: 8(PPS), nal_ref_idc: 3
[h264 @ 0x55e4c1770140] nal_unit_type: 6(SEI), nal_ref_idc: 0
[h264 @ 0x55e4c1770140] nal_unit_type: 6(SEI), nal_ref_idc: 0
[h264 @ 0x55e4c1770140] nal_unit_type: 1(Coded slice of a non-IDR picture), nal_ref_idc: 2
[h264 @ 0x55e4c198e700] nal_unit_type: 9(AUD), nal_ref_idc: 0
[h264 @ 0x55e4c198e700] nal_unit_type: 8(PPS), nal_ref_idc: 3
[h264 @ 0x55e4c198e700] nal_unit_type: 6(SEI), nal_ref_idc: 0
[h264 @ 0x55e4c198e700] nal_unit_type: 1(Coded slice of a non-IDR picture), nal_ref_idc: 2
[h264 @ 0x55e4c198e700] ct_type:0 pic_struct:2
[NULL @ 0x55e4c1749980] ct_type:0 pic_struct:2
[NULL @ 0x55e4c1749980] ct_type:0 pic_struct:1
[h264 @ 0x55e4c1732140] nal_unit_type: 9(AUD), nal_ref_idc: 0
[h264 @ 0x55e4c1732140] nal_unit_type: 8(PPS), nal_ref_idc: 3
[h264 @ 0x55e4c1732140] nal_unit_type: 6(SEI), nal_ref_idc: 0
[h264 @ 0x55e4c1732140] nal_unit_type: 6(SEI), nal_ref_idc: 0
[h264 @ 0x55e4c1732140] nal_unit_type: 1(Coded slice of a non-IDR picture), nal_ref_idc: 0
[h264 @ 0x55e4c1988c00] nal_unit_type: 9(AUD), nal_ref_idc: 0
[h264 @ 0x55e4c1988c00] nal_unit_type: 8(PPS), nal_ref_idc: 3
[h264 @ 0x55e4c1988c00] nal_unit_type: 6(SEI), nal_ref_idc: 0
[h264 @ 0x55e4c1988c00] nal_unit_type: 1(Coded slice of a non-IDR picture), nal_ref_idc: 0
[h264 @ 0x55e4c1988c00] ct_type:0 pic_struct:2
[NULL @ 0x55e4c1749980] ct_type:0 pic_struct:2
[NULL @ 0x55e4c1749980] ct_type:0 pic_struct:1
[h264 @ 0x55e4c18e2900] nal_unit_type: 9(AUD), nal_ref_idc: 0
[h264 @ 0x55e4c18e2900] nal_unit_type: 8(PPS), nal_ref_idc: 3
[h264 @ 0x55e4c18e2900] nal_unit_type: 6(SEI), nal_ref_idc: 0
[h264 @ 0x55e4c18e2900] nal_unit_type: 6(SEI), nal_ref_idc: 0
[h264 @ 0x55e4c18e2900] nal_unit_type: 1(Coded slice of a non-IDR picture), nal_ref_idc: 2
[h264 @ 0x55e4c1770140] nal_unit_type: 9(AUD), nal_ref_idc: 0
[h264 @ 0x55e4c1770140] nal_unit_type: 8(PPS), nal_ref_idc: 3
[h264 @ 0x55e4c1770140] nal_unit_type: 6(SEI), nal_ref_idc: 0
[h264 @ 0x55e4c1770140] nal_unit_type: 1(Coded slice of a non-IDR picture), nal_ref_idc: 2
[h264 @ 0x55e4c1770140] ct_type:0 pic_struct:2
[h264 @ 0x55e4c198e700] nal_unit_type: 9(AUD), nal_ref_idc: 0
[h264 @ 0x55e4c198e700] nal_unit_type: 8(PPS), nal_ref_idc: 3
[h264 @ 0x55e4c198e700] nal_unit_type: 6(SEI), nal_ref_idc: 0
[h264 @ 0x55e4c198e700] nal_unit_type: 6(SEI), nal_ref_idc: 0
[h264 @ 0x55e4c198e700] nal_unit_type: 1(Coded slice of a non-IDR picture), nal_ref_idc: 0
[NULL @ 0x55e4c1749980] ct_type:0 pic_struct:2
[NULL @ 0x55e4c1749980] ct_type:0 pic_struct:1
[h264 @ 0x55e4c1732140] nal_unit_type: 9(AUD), nal_ref_idc: 0
[h264 @ 0x55e4c1732140] nal_unit_type: 8(PPS), nal_ref_idc: 3
[h264 @ 0x55e4c1732140] nal_unit_type: 6(SEI), nal_ref_idc: 0
[h264 @ 0x55e4c1732140] nal_unit_type: 1(Coded slice of a non-IDR picture), nal_ref_idc: 0
[h264 @ 0x55e4c1732140] ct_type:0 pic_struct:2
[NULL @ 0x55e4c1749980] ct_type:0 pic_struct:2
[h264 @ 0x55e4c1988c00] nal_unit_type: 9(AUD), nal_ref_idc: 0
[h264 @ 0x55e4c1988c00] nal_unit_type: 8(PPS), nal_ref_idc: 3
[h264 @ 0x55e4c1988c00] nal_unit_type: 6(SEI), nal_ref_idc: 0
[h264 @ 0x55e4c1988c00] nal_unit_type: 6(SEI), nal_ref_idc: 0
[h264 @ 0x55e4c1988c00] nal_unit_type: 1(Coded slice of a non-IDR picture), nal_ref_idc: 2
[h264 @ 0x55e4c18e2900] nal_unit_type: 9(AUD), nal_ref_idc: 0
[h264 @ 0x55e4c18e2900] nal_unit_type: 8(PPS), nal_ref_idc: 3
[h264 @ 0x55e4c18e2900] nal_unit_type: 6(SEI), nal_ref_idc: 0
[h264 @ 0x55e4c18e2900] nal_unit_type: 1(Coded slice of a non-IDR picture), nal_ref_idc: 2
[h264 @ 0x55e4c18e2900] ct_type:0 pic_struct:2
[NULL @ 0x55e4c1749980] ct_type:0 pic_struct:1
[NULL @ 0x55e4c1749980] ct_type:0 pic_struct:2
[h264 @ 0x55e4c1770140] nal_unit_type: 9(AUD), nal_ref_idc: 0
[h264 @ 0x55e4c1770140] nal_unit_type: 8(PPS), nal_ref_idc: 3
[h264 @ 0x55e4c1770140] nal_unit_type: 6(SEI), nal_ref_idc: 0
[h264 @ 0x55e4c1770140] nal_unit_type: 6(SEI), nal_ref_idc: 0
[h264 @ 0x55e4c1770140] nal_unit_type: 1(Coded slice of a non-IDR picture), nal_ref_idc: 0
[NULL @ 0x55e4c1749980] ct_type:0 pic_struct:1
[h264 @ 0x55e4c198e700] nal_unit_type: 9(AUD), nal_ref_idc: 0
[h264 @ 0x55e4c198e700] nal_unit_type: 8(PPS), nal_ref_idc: 3
[h264 @ 0x55e4c198e700] nal_unit_type: 6(SEI), nal_ref_idc: 0
[h264 @ 0x55e4c198e700] nal_unit_type: 1(Coded slice of a non-IDR picture), nal_ref_idc: 0
[h264 @ 0x55e4c198e700] ct_type:0 pic_struct:2
[h264 @ 0x55e4c1732140] nal_unit_type: 9(AUD), nal_ref_idc: 0
[h264 @ 0x55e4c1732140] nal_unit_type: 8(PPS), nal_ref_idc: 3
[h264 @ 0x55e4c1732140] nal_unit_type: 6(SEI), nal_ref_idc: 0
[h264 @ 0x55e4c1732140] nal_unit_type: 6(SEI), nal_ref_idc: 0
[h264 @ 0x55e4c1732140] nal_unit_type: 1(Coded slice of a non-IDR picture), nal_ref_idc: 2
[NULL @ 0x55e4c1749980] ct_type:0 pic_struct:2
[NULL @ 0x55e4c1749980] ct_type:0 pic_struct:1
[h264 @ 0x55e4c1988c00] nal_unit_type: 9(AUD), nal_ref_idc: 0
[h264 @ 0x55e4c1988c00] nal_unit_type: 8(PPS), nal_ref_idc: 3
[h264 @ 0x55e4c1988c00] nal_unit_type: 6(SEI), nal_ref_idc: 0
[h264 @ 0x55e4c1988c00] nal_unit_type: 1(Coded slice of a non-IDR picture), nal_ref_idc: 2
[h264 @ 0x55e4c1988c00] ct_type:0 pic_struct:2
[NULL @ 0x55e4c1749980] ct_type:0 pic_struct:2
[h264 @ 0x55e4c18e2900] nal_unit_type: 9(AUD), nal_ref_idc: 0
[h264 @ 0x55e4c18e2900] nal_unit_type: 8(PPS), nal_ref_idc: 3
[h264 @ 0x55e4c18e2900] nal_unit_type: 6(SEI), nal_ref_idc: 0
[h264 @ 0x55e4c18e2900] nal_unit_type: 6(SEI), nal_ref_idc: 0
[h264 @ 0x55e4c18e2900] nal_unit_type: 1(Coded slice of a non-IDR picture), nal_ref_idc: 0
[NULL @ 0x55e4c1749980] ct_type:0 pic_struct:1
[h264 @ 0x55e4c1770140] nal_unit_type: 9(AUD), nal_ref_idc: 0
[h264 @ 0x55e4c1770140] nal_unit_type: 8(PPS), nal_ref_idc: 3
[h264 @ 0x55e4c1770140] nal_unit_type: 6(SEI), nal_ref_idc: 0
[h264 @ 0x55e4c1770140] nal_unit_type: 1(Coded slice of a non-IDR picture), nal_ref_idc: 0
[h264 @ 0x55e4c1770140] ct_type:0 pic_struct:2
[NULL @ 0x55e4c1749980] ct_type:0 pic_struct:2
[h264 @ 0x55e4c198e700] nal_unit_type: 9(AUD), nal_ref_idc: 0
[h264 @ 0x55e4c198e700] nal_unit_type: 8(PPS), nal_ref_idc: 3
[h264 @ 0x55e4c198e700] nal_unit_type: 6(SEI), nal_ref_idc: 0
[h264 @ 0x55e4c198e700] nal_unit_type: 6(SEI), nal_ref_idc: 0
[h264 @ 0x55e4c198e700] nal_unit_type: 1(Coded slice of a non-IDR picture), nal_ref_idc: 2
[hls @ 0x55e4c16a3e80] HLS request for url 'http://138.121.15.230:9002/CARACOL/tracks-a2/2026/07/09/03/35/21-05472.ts', offset 0, playlist 1
[h264 @ 0x55e4c1732140] nal_unit_type: 9(AUD), nal_ref_idc: 0
[h264 @ 0x55e4c1732140] nal_unit_type: 8(PPS), nal_ref_idc: 3
[h264 @ 0x55e4c1732140] nal_unit_type: 6(SEI), nal_ref_idc: 0
[h264 @ 0x55e4c1732140] nal_unit_type: 1(Coded slice of a non-IDR picture), nal_ref_idc: 2
[h264 @ 0x55e4c1732140] ct_type:0 pic_struct:2
[http @ 0x55e4c16c6100] Opening 'http://138.121.15.230:9002/CARACOL/tracks-a2/2026/07/09/03/35/21-05472.ts' for reading
[http @ 0x55e4c16c2bc0] request: GET /CARACOL/tracks-a2/2026/07/09/03/35/21-05472.ts HTTP/1.1
User-Agent: Lavf/60.16.100
Accept: */*
Range: bytes=0-
Connection: keep-alive
Host: 138.121.15.230:9002
Icy-MetaData: 1


[hls @ 0x55e4c16a3e80] No longer receiving playlist 0 ('http://138.121.15.230:9002/CARACOL/tracks-a1/mono.m3u8')
[hls @ 0x55e4c16a3e80] HLS request for url 'http://138.121.15.230:9002/CARACOL/tracks-v1a1/2026/07/09/03/35/21-05472.ts', offset 0, playlist 2
[http @ 0x55e4c16fa940] Opening 'http://138.121.15.230:9002/CARACOL/tracks-v1a1/2026/07/09/03/35/21-05472.ts' for reading
[http @ 0x55e4c16c4b80] request: GET /CARACOL/tracks-v1a1/2026/07/09/03/35/21-05472.ts HTTP/1.1
User-Agent: Lavf/60.16.100
Accept: */*
Range: bytes=0-
Connection: keep-alive
Host: 138.121.15.230:9002
Icy-MetaData: 1


[NULL @ 0x55e4c1749980] ct_type:0 pic_struct:1
[h264 @ 0x55e4c1988c00] nal_unit_type: 9(AUD), nal_ref_idc: 0
[h264 @ 0x55e4c1988c00] nal_unit_type: 8(PPS), nal_ref_idc: 3
[h264 @ 0x55e4c1988c00] nal_unit_type: 6(SEI), nal_ref_idc: 0
[h264 @ 0x55e4c1988c00] nal_unit_type: 6(SEI), nal_ref_idc: 0
[h264 @ 0x55e4c1988c00] nal_unit_type: 1(Coded slice of a non-IDR picture), nal_ref_idc: 0
[NULL @ 0x55e4c1749980] Decoding VUI
[NULL @ 0x55e4c1749980] ct_type:0 pic_struct:1
[h264 @ 0x55e4c18e2900] nal_unit_type: 9(AUD), nal_ref_idc: 0
[h264 @ 0x55e4c18e2900] nal_unit_type: 7(SPS), nal_ref_idc: 3
[h264 @ 0x55e4c18e2900] nal_unit_type: 8(PPS), nal_ref_idc: 3
[h264 @ 0x55e4c18e2900] nal_unit_type: 6(SEI), nal_ref_idc: 0
[h264 @ 0x55e4c18e2900] nal_unit_type: 6(SEI), nal_ref_idc: 0
[h264 @ 0x55e4c18e2900] nal_unit_type: 1(Coded slice of a non-IDR picture), nal_ref_idc: 3
[h264 @ 0x55e4c18e2900] Decoding VUI
frame=   98 fps= 70 q=-0.0 size=N/A time=00:00:03.39 bitrate=N/A speed=2.42x    [NULL @ 0x55e4c1749980] ct_type:0 pic_struct:2
[NULL @ 0x55e4c1749980] ct_type:0 pic_struct:1
[h264 @ 0x55e4c1770140] nal_unit_type: 9(AUD), nal_ref_idc: 0
[h264 @ 0x55e4c1770140] nal_unit_type: 8(PPS), nal_ref_idc: 3
[h264 @ 0x55e4c1770140] nal_unit_type: 6(SEI), nal_ref_idc: 0
[h264 @ 0x55e4c1770140] nal_unit_type: 1(Coded slice of a non-IDR picture), nal_ref_idc: 2
[h264 @ 0x55e4c1770140] ct_type:0 pic_struct:2
[h264 @ 0x55e4c1770140] Invalid POC 65644<65708
[h264 @ 0x55e4c198e700] nal_unit_type: 9(AUD), nal_ref_idc: 0
[h264 @ 0x55e4c198e700] nal_unit_type: 8(PPS), nal_ref_idc: 3
[h264 @ 0x55e4c198e700] nal_unit_type: 6(SEI), nal_ref_idc: 0
[h264 @ 0x55e4c198e700] nal_unit_type: 6(SEI), nal_ref_idc: 0
[h264 @ 0x55e4c198e700] nal_unit_type: 1(Coded slice of a non-IDR picture), nal_ref_idc: 0
[NULL @ 0x55e4c1749980] ct_type:0 pic_struct:2
[NULL @ 0x55e4c1749980] ct_type:0 pic_struct:1
[h264 @ 0x55e4c1732140] nal_unit_type: 9(AUD), nal_ref_idc: 0
[h264 @ 0x55e4c1732140] nal_unit_type: 8(PPS), nal_ref_idc: 3
[h264 @ 0x55e4c1732140] nal_unit_type: 6(SEI), nal_ref_idc: 0
[h264 @ 0x55e4c1732140] nal_unit_type: 1(Coded slice of a non-IDR picture), nal_ref_idc: 0
[h264 @ 0x55e4c1732140] ct_type:0 pic_struct:2
[h264 @ 0x55e4c1732140] Invalid POC 65642<65644
[h264 @ 0x55e4c1988c00] nal_unit_type: 9(AUD), nal_ref_idc: 0
[h264 @ 0x55e4c1988c00] nal_unit_type: 8(PPS), nal_ref_idc: 3
[h264 @ 0x55e4c1988c00] nal_unit_type: 6(SEI), nal_ref_idc: 0
[h264 @ 0x55e4c1988c00] nal_unit_type: 6(SEI), nal_ref_idc: 0
[h264 @ 0x55e4c1988c00] nal_unit_type: 1(Coded slice of a non-IDR picture), nal_ref_idc: 2
[NULL @ 0x55e4c1749980] ct_type:0 pic_struct:2
[NULL @ 0x55e4c1749980] ct_type:0 pic_struct:1
[h264 @ 0x55e4c18e2900] nal_unit_type: 9(AUD), nal_ref_idc: 0
[h264 @ 0x55e4c18e2900] nal_unit_type: 8(PPS), nal_ref_idc: 3
[h264 @ 0x55e4c18e2900] nal_unit_type: 6(SEI), nal_ref_idc: 0
[h264 @ 0x55e4c18e2900] nal_unit_type: 1(Coded slice of a non-IDR picture), nal_ref_idc: 2
[out_0_1 @ 0x55e4c18b2580] EOF on sink link out_0_1:default.
[h264 @ 0x55e4c18e2900] ct_type:0 pic_struct:2
frame=  100 fps= 52 q=-0.0 size=N/A time=00:00:03.40 bitrate=N/A speed=1.77x    [NULL @ 0x55e4c1749980] ct_type:0 pic_struct:2
[h264 @ 0x55e4c1770140] nal_unit_type: 9(AUD), nal_ref_idc: 0
[h264 @ 0x55e4c1770140] nal_unit_type: 8(PPS), nal_ref_idc: 3
[h264 @ 0x55e4c1770140] nal_unit_type: 6(SEI), nal_ref_idc: 0
[h264 @ 0x55e4c1770140] nal_unit_type: 6(SEI), nal_ref_idc: 0
[h264 @ 0x55e4c1770140] nal_unit_type: 1(Coded slice of a non-IDR picture), nal_ref_idc: 0
[h264 @ 0x55e4c198e700] nal_unit_type: 9(AUD), nal_ref_idc: 0
[h264 @ 0x55e4c198e700] nal_unit_type: 8(PPS), nal_ref_idc: 3
[h264 @ 0x55e4c198e700] nal_unit_type: 6(SEI), nal_ref_idc: 0
[h264 @ 0x55e4c198e700] nal_unit_type: 1(Coded slice of a non-IDR picture), nal_ref_idc: 0
[out_0_0 @ 0x55e4c198f580] EOF on sink link out_0_0:default.
No more output streams to write to, finishing.
[h264 @ 0x55e4c198e700] ct_type:0 pic_struct:2
[aist#0:1/ac3 @ 0x55e4c1821140] Decoder thread received EOF packet
[aist#0:1/ac3 @ 0x55e4c1821140] Decoder returned EOF, finishing
[aist#0:1/ac3 @ 0x55e4c1821140] Terminating decoder thread
[vist#0:2/h264 @ 0x55e4c16c2f00] Decoder thread received EOF packet
[vist#0:2/h264 @ 0x55e4c16c2f00] Decoder returned EOF, finishing
[vist#0:2/h264 @ 0x55e4c16c2f00] Terminating decoder thread
[out#0/null @ 0x55e4c1984480] All streams finished
[out#0/null @ 0x55e4c1984480] Terminating muxer thread
[out#0/null @ 0x55e4c1984480] Output file #0 (pipe:):
[out#0/null @ 0x55e4c1984480]   Output stream #0:0 (video): 100 frames encoded; 100 packets muxed (48000 bytes); 
[out#0/null @ 0x55e4c1984480]   Output stream #0:1 (audio): 107 frames encoded (164352 samples); 107 packets muxed (1972224 bytes); 
[out#0/null @ 0x55e4c1984480]   Total: 207 packets (2020224 bytes) muxed
[out#0/null @ 0x55e4c1984480] video:47kB audio:1926kB subtitle:0kB other streams:0kB global headers:0kB muxing overhead: unknown
frame=  100 fps= 52 q=-0.0 Lsize=N/A time=00:00:03.40 bitrate=N/A speed=1.76x    
[NULL @ 0x55e4c1749980] ct_type:0 pic_struct:1
[in#0/hls @ 0x55e4c16a3d80] Terminating demuxer thread
[in#0/hls @ 0x55e4c16a3d80] Input file #0 (http://138.121.15.230:9002/CARACOL/index.m3u8):
[in#0/hls @ 0x55e4c16a3d80]   Input stream #0:1 (audio): 112 packets read (200704 bytes); 111 frames decoded; 0 decode errors (170496 samples); 
[in#0/hls @ 0x55e4c16a3d80]   Input stream #0:2 (video): 212 packets read (3684430 bytes); 104 frames decoded; 0 decode errors; 
[in#0/hls @ 0x55e4c16a3d80]   Total: 324 packets (3885134 bytes) demuxed
[AVIOContext @ 0x55e4c16d55c0] Statistics: 144384 bytes read, 0 seeks
[AVIOContext @ 0x55e4c16e0600] Statistics: 0 bytes read, 0 seeks
[AVIOContext @ 0x55e4c16c5480] Statistics: 34958 bytes read, 0 seeks
[AVIOContext @ 0x55e4c16c4ec0] Statistics: 210560 bytes read, 0 seeks
[AVIOContext @ 0x55e4c16ffd40] Statistics: 270650 bytes read, 0 seeks
[AVIOContext @ 0x55e4c1702780] Statistics: 3735936 bytes read, 0 seeks
[AVIOContext @ 0x55e4c16ae480] Statistics: 975 bytes read, 0 seeks
[AVIOContext @ 0x55e4c16af100] Statistics: 427 bytes read, 0 seeks
