ffmpeg started on 2026-07-09 at 03:36:01
Report written to "ffmpeg-20260709-033601.log"
Log level: 48
Command line:
ffmpeg -i https://raw.githubusercontent.com/thomraider12/canaistvpt/main/m3u8s/tvireality.m3u8 -t 7 -f null -
ffmpeg version 6.1.1-3ubuntu5 Copyright (c) 2000-2023 the FFmpeg developers
  built with gcc 13 (Ubuntu 13.2.0-23ubuntu3)
  configuration: --prefix=/usr --extra-version=3ubuntu5 --toolchain=hardened --libdir=/usr/lib/x86_64-linux-gnu --incdir=/usr/include/x86_64-linux-gnu --arch=amd64 --enable-gpl --disable-stripping --disable-omx --enable-gnutls --enable-libaom --enable-libass --enable-libbs2b --enable-libcaca --enable-libcdio --enable-libcodec2 --enable-libdav1d --enable-libflite --enable-libfontconfig --enable-libfreetype --enable-libfribidi --enable-libglslang --enable-libgme --enable-libgsm --enable-libharfbuzz --enable-libmp3lame --enable-libmysofa --enable-libopenjpeg --enable-libopenmpt --enable-libopus --enable-librubberband --enable-libshine --enable-libsnappy --enable-libsoxr --enable-libspeex --enable-libtheora --enable-libtwolame --enable-libvidstab --enable-libvorbis --enable-libvpx --enable-libwebp --enable-libx265 --enable-libxml2 --enable-libxvid --enable-libzimg --enable-openal --enable-opencl --enable-opengl --disable-sndio --enable-libvpl --disable-libmfx --enable-libdc1394 --enable-libdrm --enable-libiec618  libavutil      58. 29.100 / 58. 29.100
  libavcodec     60. 31.102 / 60. 31.102
  libavformat    60. 16.100 / 60. 16.100
  libavdevice    60.  3.100 / 60.  3.100
  libavfilter     9. 12.100 /  9. 12.100
  libswscale      7.  5.100 /  7.  5.100
  libswresample   4. 12.100 /  4. 12.100
  libpostproc    57.  3.100 / 57.  3.100
Splitting the commandline.
Reading option '-i' ... matched as output url with argument 'https://raw.githubusercontent.com/thomraider12/canaistvpt/main/m3u8s/tvireality.m3u8'.
Reading option '-t' ... matched as option 't' (record or transcode "duration" seconds of audio/video) with argument '7'.
Reading option '-f' ... matched as option 'f' (force format) with argument 'null'.
Reading option '-' ... matched as output url.
Finished splitting the commandline.
Parsing a group of options: global .
Successfully parsed a group of options.
Parsing a group of options: input url https://raw.githubusercontent.com/thomraider12/canaistvpt/main/m3u8s/tvireality.m3u8.
Successfully parsed a group of options.
Opening an input file: https://raw.githubusercontent.com/thomraider12/canaistvpt/main/m3u8s/tvireality.m3u8.
[AVFormatContext @ 0x563df2441e80] Opening 'https://raw.githubusercontent.com/thomraider12/canaistvpt/main/m3u8s/tvireality.m3u8' for reading
[https @ 0x563df2442500] Setting default whitelist 'http,https,tls,rtp,tcp,udp,crypto,httpproxy'
[tcp @ 0x563df2401f40] Original list of addresses:
[tcp @ 0x563df2401f40] Address 185.199.109.133 port 443
[tcp @ 0x563df2401f40] Address 185.199.110.133 port 443
[tcp @ 0x563df2401f40] Address 185.199.108.133 port 443
[tcp @ 0x563df2401f40] Address 185.199.111.133 port 443
[tcp @ 0x563df2401f40] Address 2606:50c0:8000::154 port 443
[tcp @ 0x563df2401f40] Address 2606:50c0:8002::154 port 443
[tcp @ 0x563df2401f40] Address 2606:50c0:8003::154 port 443
[tcp @ 0x563df2401f40] Address 2606:50c0:8001::154 port 443
[tcp @ 0x563df2401f40] Interleaved list of addresses:
[tcp @ 0x563df2401f40] Address 185.199.109.133 port 443
[tcp @ 0x563df2401f40] Address 2606:50c0:8000::154 port 443
[tcp @ 0x563df2401f40] Address 185.199.110.133 port 443
[tcp @ 0x563df2401f40] Address 2606:50c0:8002::154 port 443
[tcp @ 0x563df2401f40] Address 185.199.108.133 port 443
[tcp @ 0x563df2401f40] Address 2606:50c0:8003::154 port 443
[tcp @ 0x563df2401f40] Address 185.199.111.133 port 443
[tcp @ 0x563df2401f40] Address 2606:50c0:8001::154 port 443
[tcp @ 0x563df2401f40] Starting connection attempt to 185.199.109.133 port 443
[tcp @ 0x563df2401f40] Successfully connected to 185.199.109.133 port 443
[https @ 0x563df2442500] request: GET /thomraider12/canaistvpt/main/m3u8s/tvireality.m3u8 HTTP/1.1
User-Agent: Lavf/60.16.100
Accept: */*
Range: bytes=0-
Connection: close
Host: raw.githubusercontent.com
Icy-MetaData: 1


[hls @ 0x563df2441e80] Format hls probed with size=2048 and score=100
[hls @ 0x563df2441e80] Skip ('#EXT-X-VERSION:3')
[hls @ 0x563df2441e80] Opening 'https://video-auth4.iol.pt/live_tvi_reality/live_tvi_reality/edge_servers/tvireality-720_passthrough/chunks.m3u8?wmsAuthSign=c2VydmVyX3RpbWU9Ny84LzIwMjYgOToxNToyOCBQTSZoYXNoX3ZhbHVlPTZZK05xV1hIN1pkVmllNkNacEFtMGc9PSZ2YWxpZG1pbnV0ZXM9MTQ0MCZpZD02NTM3ZGZkYy0wMjUzLTQzOWQtYjYzZC1mMjdiZWU3ZGNhYjE=' for reading
[tcp @ 0x563df277b8c0] Original list of addresses:
[tcp @ 0x563df277b8c0] Address 195.23.102.205 port 443
[tcp @ 0x563df277b8c0] Interleaved list of addresses:
[tcp @ 0x563df277b8c0] Address 195.23.102.205 port 443
[tcp @ 0x563df277b8c0] Starting connection attempt to 195.23.102.205 port 443
[tcp @ 0x563df277b8c0] Successfully connected to 195.23.102.205 port 443
[https @ 0x563df27785c0] request: GET /live_tvi_reality/live_tvi_reality/edge_servers/tvireality-720_passthrough/chunks.m3u8?wmsAuthSign=c2VydmVyX3RpbWU9Ny84LzIwMjYgOToxNToyOCBQTSZoYXNoX3ZhbHVlPTZZK05xV1hIN1pkVmllNkNacEFtMGc9PSZ2YWxpZG1pbnV0ZXM9MTQ0MCZpZD02NTM3ZGZkYy0wMjUzLTQzOWQtYjYzZC1mMjdiZWU3ZGNhYjE= HTTP/1.1
User-Agent: Lavf/60.16.100
Accept: */*
Range: bytes=0-
Connection: keep-alive
Host: video-auth4.iol.pt
Icy-MetaData: 1


[hls @ 0x563df2441e80] Skip ('#EXT-X-VERSION:3')
[hls @ 0x563df2441e80] Skip ('#EXT-X-PROGRAM-DATE-TIME:2026-07-09T03:34:59.893Z')
[hls @ 0x563df2441e80] Skip ('#EXT-X-PROGRAM-DATE-TIME:2026-07-09T03:35:09.893Z')
[hls @ 0x563df2441e80] Skip ('#EXT-X-PROGRAM-DATE-TIME:2026-07-09T03:35:19.893Z')
[hls @ 0x563df2441e80] Skip ('#EXT-X-PROGRAM-DATE-TIME:2026-07-09T03:35:29.893Z')
[hls @ 0x563df2441e80] Skip ('#EXT-X-PROGRAM-DATE-TIME:2026-07-09T03:35:39.893Z')
[hls @ 0x563df2441e80] Skip ('#EXT-X-PROGRAM-DATE-TIME:2026-07-09T03:35:49.893Z')
[hls @ 0x563df2441e80] HLS request for url 'https://video-auth4.iol.pt/live_tvi_reality/live_tvi_reality/edge_servers/tvireality-720_passthrough/l_58_188150040_18815.ts?nimblesessionid=762967133&wmsAuthSign=c2VydmVyX3RpbWU9Ny84LzIwMjYgOToxNToyOCBQTSZoYXNoX3ZhbHVlPTZZK05xV1hIN1pkVmllNkNacEFtMGc9PSZ2YWxpZG1pbnV0ZXM9MTQ0MCZpZD02NTM3ZGZkYy0wMjUzLTQzOWQtYjYzZC1mMjdiZWU3ZGNhYjE=', offset 0, playlist 0
[hls @ 0x563df2441e80] Opening 'https://video-auth4.iol.pt/live_tvi_reality/live_tvi_reality/edge_servers/tvireality-720_passthrough/l_58_188150040_18815.ts?nimblesessionid=762967133&wmsAuthSign=c2VydmVyX3RpbWU9Ny84LzIwMjYgOToxNToyOCBQTSZoYXNoX3ZhbHVlPTZZK05xV1hIN1pkVmllNkNacEFtMGc9PSZ2YWxpZG1pbnV0ZXM9MTQ0MCZpZD02NTM3ZGZkYy0wMjUzLTQzOWQtYjYzZC1mMjdiZWU3ZGNhYjE=' for reading
[tcp @ 0x563df2785340] Original list of addresses:
[tcp @ 0x563df2785340] Address 195.23.102.205 port 443
[tcp @ 0x563df2785340] Interleaved list of addresses:
[tcp @ 0x563df2785340] Address 195.23.102.205 port 443
[tcp @ 0x563df2785340] Starting connection attempt to 195.23.102.205 port 443
[tcp @ 0x563df2785340] Successfully connected to 195.23.102.205 port 443
[https @ 0x563df2a93880] request: GET /live_tvi_reality/live_tvi_reality/edge_servers/tvireality-720_passthrough/l_58_188150040_18815.ts?nimblesessionid=762967133&wmsAuthSign=c2VydmVyX3RpbWU9Ny84LzIwMjYgOToxNToyOCBQTSZoYXNoX3ZhbHVlPTZZK05xV1hIN1pkVmllNkNacEFtMGc9PSZ2YWxpZG1pbnV0ZXM9MTQ0MCZpZD02NTM3ZGZkYy0wMjUzLTQzOWQtYjYzZC1mMjdiZWU3ZGNhYjE= HTTP/1.1
User-Agent: Lavf/60.16.100
Accept: */*
Range: bytes=0-
Connection: keep-alive
Host: video-auth4.iol.pt
Icy-MetaData: 1


[hls @ 0x563df2441e80] HLS request for url 'https://video-auth4.iol.pt/live_tvi_reality/live_tvi_reality/edge_servers/tvireality-720_passthrough/l_58_188160040_18816.ts?nimblesessionid=762967133&wmsAuthSign=c2VydmVyX3RpbWU9Ny84LzIwMjYgOToxNToyOCBQTSZoYXNoX3ZhbHVlPTZZK05xV1hIN1pkVmllNkNacEFtMGc9PSZ2YWxpZG1pbnV0ZXM9MTQ0MCZpZD02NTM3ZGZkYy0wMjUzLTQzOWQtYjYzZC1mMjdiZWU3ZGNhYjE=', offset 0, playlist 0
[hls @ 0x563df2441e80] Opening 'https://video-auth4.iol.pt/live_tvi_reality/live_tvi_reality/edge_servers/tvireality-720_passthrough/l_58_188160040_18816.ts?nimblesessionid=762967133&wmsAuthSign=c2VydmVyX3RpbWU9Ny84LzIwMjYgOToxNToyOCBQTSZoYXNoX3ZhbHVlPTZZK05xV1hIN1pkVmllNkNacEFtMGc9PSZ2YWxpZG1pbnV0ZXM9MTQ0MCZpZD02NTM3ZGZkYy0wMjUzLTQzOWQtYjYzZC1mMjdiZWU3ZGNhYjE=' for reading
[tcp @ 0x563df2dba740] Original list of addresses:
[tcp @ 0x563df2dba740] Address 195.23.102.205 port 443
[tcp @ 0x563df2dba740] Interleaved list of addresses:
[tcp @ 0x563df2dba740] Address 195.23.102.205 port 443
[tcp @ 0x563df2dba740] Starting connection attempt to 195.23.102.205 port 443
[tcp @ 0x563df2dba740] Successfully connected to 195.23.102.205 port 443
[https @ 0x563df2dbb400] request: GET /live_tvi_reality/live_tvi_reality/edge_servers/tvireality-720_passthrough/l_58_188160040_18816.ts?nimblesessionid=762967133&wmsAuthSign=c2VydmVyX3RpbWU9Ny84LzIwMjYgOToxNToyOCBQTSZoYXNoX3ZhbHVlPTZZK05xV1hIN1pkVmllNkNacEFtMGc9PSZ2YWxpZG1pbnV0ZXM9MTQ0MCZpZD02NTM3ZGZkYy0wMjUzLTQzOWQtYjYzZC1mMjdiZWU3ZGNhYjE= HTTP/1.1
User-Agent: Lavf/60.16.100
Accept: */*
Range: bytes=0-
Connection: keep-alive
Host: video-auth4.iol.pt
Icy-MetaData: 1


Format mpegts probed with size=2048 and score=50
[mpegts @ 0x563df2a91100] stream=0 stream_type=1b pid=100 prog_reg_desc=
[mpegts @ 0x563df2a91100] stream=1 stream_type=f pid=101 prog_reg_desc=
[hls @ 0x563df2441e80] Before avformat_find_stream_info() pos: 406 bytes read:406 seeks:0 nb_streams:2
For transform of length 120, inverse, mdct_float, flags: [aligned, out_of_place], found 6 matches:
    1: mdct_inv_float_avx2 - type: mdct_float, len: [16, ∞], factors[2]: [2, any], flags: [aligned, out_of_place, inv_only], prio: 511
    2: mdct_pfa_15xM_inv_float_c - type: mdct_float, len: [30, ∞], factors[2]: [15, any], flags: [unaligned, out_of_place, inv_only], prio: 304
    3: mdct_pfa_5xM_inv_float_c - type: mdct_float, len: [10, ∞], factors[2]: [5, any], flags: [unaligned, out_of_place, inv_only], prio: 144
    4: mdct_pfa_3xM_inv_float_c - type: mdct_float, len: [6, ∞], factors[2]: [3, any], flags: [unaligned, out_of_place, inv_only], prio: 112
    5: mdct_inv_float_c - type: mdct_float, len: [2, ∞], factors[2]: [2, any], flags: [unaligned, out_of_place, inv_only], prio: 96
    6: mdct_naive_inv_float_c - type: mdct_float, len: [2, ∞], factors[2]: [2, any], flags: [unaligned, out_of_place, inv_only], prio: -130976
For transform of length 60, inverse, fft_float, flags: [aligned, inplace, preshuf, asm_call], found 1 matches:
    1: fft_pfa_15xM_asm_float_avx2 - type: fft_float, len: [60, ∞], factors[2]: [15, 2], flags: [aligned, inplace, out_of_place, preshuf, asm_call], prio: 655
For transform of length 4, inverse, fft_float, flags: [aligned, inplace, preshuf, asm_call], found 1 matches:
    1: fft4_fwd_asm_float_sse2 - type: fft_float, len: 4, factor: 2, flags: [aligned, inplace, out_of_place, preshuf, asm_call], prio: 352
Transform tree:
    mdct_inv_float_avx2 - type: mdct_float, len: 120, factors[2]: [2, any], flags: [aligned, out_of_place, inv_only]
        fft_pfa_15xM_asm_float_avx2 - type: fft_float, len: 60, factors[2]: [15, 2], flags: [aligned, inplace, out_of_place, preshuf, asm_call]
            fft4_fwd_asm_float_sse2 - type: fft_float, len: 4, factor: 2, flags: [aligned, inplace, out_of_place, preshuf, asm_call]
For transform of length 128, inverse, mdct_float, flags: [aligned, out_of_place], found 3 matches:
    1: mdct_inv_float_avx2 - type: mdct_float, len: [16, ∞], factors[2]: [2, any], flags: [aligned, out_of_place, inv_only], prio: 511
    2: mdct_inv_float_c - type: mdct_float, len: [2, ∞], factors[2]: [2, any], flags: [unaligned, out_of_place, inv_only], prio: 96
    3: mdct_naive_inv_float_c - type: mdct_float, len: [2, ∞], factors[2]: [2, any], flags: [unaligned, out_of_place, inv_only], prio: -130976
For transform of length 64, inverse, fft_float, flags: [aligned, inplace, preshuf, asm_call], found 3 matches:
    1: fft_sr_asm_float_fma3 - type: fft_float, len: [64, 131072], factor: 2, flags: [aligned, inplace, out_of_place, preshuf, asm_call], prio: 448
    2: fft_sr_asm_float_avx2 - type: fft_float, len: [64, 131072], factor: 2, flags: [aligned, inplace, out_of_place, preshuf, asm_call], prio: 447
    3: fft_sr_asm_float_avx - type: fft_float, len: [64, 131072], factor: 2, flags: [aligned, inplace, out_of_place, preshuf, asm_call], prio: 416
Transform tree:
    mdct_inv_float_avx2 - type: mdct_float, len: 128, factors[2]: [2, any], flags: [aligned, out_of_place, inv_only]
        fft_sr_asm_float_fma3 - type: fft_float, len: 64, factor: 2, flags: [aligned, inplace, out_of_place, preshuf, asm_call]
For transform of length 480, inverse, mdct_float, flags: [aligned, out_of_place], found 6 matches:
    1: mdct_inv_float_avx2 - type: mdct_float, len: [16, ∞], factors[2]: [2, any], flags: [aligned, out_of_place, inv_only], prio: 511
    2: mdct_pfa_15xM_inv_float_c - type: mdct_float, len: [30, ∞], factors[2]: [15, any], flags: [unaligned, out_of_place, inv_only], prio: 304
    3: mdct_pfa_5xM_inv_float_c - type: mdct_float, len: [10, ∞], factors[2]: [5, any], flags: [unaligned, out_of_place, inv_only], prio: 144
    4: mdct_pfa_3xM_inv_float_c - type: mdct_float, len: [6, ∞], factors[2]: [3, any], flags: [unaligned, out_of_place, inv_only], prio: 112
    5: mdct_inv_float_c - type: mdct_float, len: [2, ∞], factors[2]: [2, any], flags: [unaligned, out_of_place, inv_only], prio: 96
    6: mdct_naive_inv_float_c - type: mdct_float, len: [2, ∞], factors[2]: [2, any], flags: [unaligned, out_of_place, inv_only], prio: -130976
For transform of length 240, inverse, fft_float, flags: [aligned, inplace, preshuf, asm_call], found 1 matches:
    1: fft_pfa_15xM_asm_float_avx2 - type: fft_float, len: [60, ∞], factors[2]: [15, 2], flags: [aligned, inplace, out_of_place, preshuf, asm_call], prio: 655
For transform of length 16, inverse, fft_float, flags: [aligned, inplace, preshuf, asm_call], found 2 matches:
    1: fft16_asm_float_fma3 - type: fft_float, len: 16, factor: 2, flags: [aligned, inplace, out_of_place, preshuf, asm_call], prio: 512
    2: fft16_asm_float_avx - type: fft_float, len: 16, factor: 2, flags: [aligned, inplace, out_of_place, preshuf, asm_call], prio: 480
Transform tree:
    mdct_inv_float_avx2 - type: mdct_float, len: 480, factors[2]: [2, any], flags: [aligned, out_of_place, inv_only]
        fft_pfa_15xM_asm_float_avx2 - type: fft_float, len: 240, factors[2]: [15, 2], flags: [aligned, inplace, out_of_place, preshuf, asm_call]
            fft16_asm_float_fma3 - type: fft_float, len: 16, factor: 2, flags: [aligned, inplace, out_of_place, preshuf, asm_call]
For transform of length 512, inverse, mdct_float, flags: [aligned, out_of_place], found 3 matches:
    1: mdct_inv_float_avx2 - type: mdct_float, len: [16, ∞], factors[2]: [2, any], flags: [aligned, out_of_place, inv_only], prio: 511
    2: mdct_inv_float_c - type: mdct_float, len: [2, ∞], factors[2]: [2, any], flags: [unaligned, out_of_place, inv_only], prio: 96
    3: mdct_naive_inv_float_c - type: mdct_float, len: [2, ∞], factors[2]: [2, any], flags: [unaligned, out_of_place, inv_only], prio: -130976
For transform of length 256, inverse, fft_float, flags: [aligned, inplace, preshuf, asm_call], found 3 matches:
    1: fft_sr_asm_float_fma3 - type: fft_float, len: [64, 131072], factor: 2, flags: [aligned, inplace, out_of_place, preshuf, asm_call], prio: 448
    2: fft_sr_asm_float_avx2 - type: fft_float, len: [64, 131072], factor: 2, flags: [aligned, inplace, out_of_place, preshuf, asm_call], prio: 447
    3: fft_sr_asm_float_avx - type: fft_float, len: [64, 131072], factor: 2, flags: [aligned, inplace, out_of_place, preshuf, asm_call], prio: 416
Transform tree:
    mdct_inv_float_avx2 - type: mdct_float, len: 512, factors[2]: [2, any], flags: [aligned, out_of_place, inv_only]
        fft_sr_asm_float_fma3 - type: fft_float, len: 256, factor: 2, flags: [aligned, inplace, out_of_place, preshuf, asm_call]
For transform of length 960, inverse, mdct_float, flags: [aligned, out_of_place], found 6 matches:
    1: mdct_inv_float_avx2 - type: mdct_float, len: [16, ∞], factors[2]: [2, any], flags: [aligned, out_of_place, inv_only], prio: 511
    2: mdct_pfa_15xM_inv_float_c - type: mdct_float, len: [30, ∞], factors[2]: [15, any], flags: [unaligned, out_of_place, inv_only], prio: 304
    3: mdct_pfa_5xM_inv_float_c - type: mdct_float, len: [10, ∞], factors[2]: [5, any], flags: [unaligned, out_of_place, inv_only], prio: 144
    4: mdct_pfa_3xM_inv_float_c - type: mdct_float, len: [6, ∞], factors[2]: [3, any], flags: [unaligned, out_of_place, inv_only], prio: 112
    5: mdct_inv_float_c - type: mdct_float, len: [2, ∞], factors[2]: [2, any], flags: [unaligned, out_of_place, inv_only], prio: 96
    6: mdct_naive_inv_float_c - type: mdct_float, len: [2, ∞], factors[2]: [2, any], flags: [unaligned, out_of_place, inv_only], prio: -130976
For transform of length 480, inverse, fft_float, flags: [aligned, inplace, preshuf, asm_call], found 1 matches:
    1: fft_pfa_15xM_asm_float_avx2 - type: fft_float, len: [60, ∞], factors[2]: [15, 2], flags: [aligned, inplace, out_of_place, preshuf, asm_call], prio: 655
For transform of length 32, inverse, fft_float, flags: [aligned, inplace, preshuf, asm_call], found 2 matches:
    1: fft32_asm_float_fma3 - type: fft_float, len: 32, factor: 2, flags: [aligned, inplace, out_of_place, preshuf, asm_call], prio: 512
    2: fft32_asm_float_avx - type: fft_float, len: 32, factor: 2, flags: [aligned, inplace, out_of_place, preshuf, asm_call], prio: 480
Transform tree:
    mdct_inv_float_avx2 - type: mdct_float, len: 960, factors[2]: [2, any], flags: [aligned, out_of_place, inv_only]
        fft_pfa_15xM_asm_float_avx2 - type: fft_float, len: 480, factors[2]: [15, 2], flags: [aligned, inplace, out_of_place, preshuf, asm_call]
            fft32_asm_float_fma3 - type: fft_float, len: 32, factor: 2, flags: [aligned, inplace, out_of_place, preshuf, asm_call]
For transform of length 1024, inverse, mdct_float, flags: [aligned, out_of_place], found 3 matches:
    1: mdct_inv_float_avx2 - type: mdct_float, len: [16, ∞], factors[2]: [2, any], flags: [aligned, out_of_place, inv_only], prio: 511
    2: mdct_inv_float_c - type: mdct_float, len: [2, ∞], factors[2]: [2, any], flags: [unaligned, out_of_place, inv_only], prio: 96
    3: mdct_naive_inv_float_c - type: mdct_float, len: [2, ∞], factors[2]: [2, any], flags: [unaligned, out_of_place, inv_only], prio: -130976
For transform of length 512, inverse, fft_float, flags: [aligned, inplace, preshuf, asm_call], found 3 matches:
    1: fft_sr_asm_float_fma3 - type: fft_float, len: [64, 131072], factor: 2, flags: [aligned, inplace, out_of_place, preshuf, asm_call], prio: 448
    2: fft_sr_asm_float_avx2 - type: fft_float, len: [64, 131072], factor: 2, flags: [aligned, inplace, out_of_place, preshuf, asm_call], prio: 447
    3: fft_sr_asm_float_avx - type: fft_float, len: [64, 131072], factor: 2, flags: [aligned, inplace, out_of_place, preshuf, asm_call], prio: 416
Transform tree:
    mdct_inv_float_avx2 - type: mdct_float, len: 1024, factors[2]: [2, any], flags: [aligned, out_of_place, inv_only]
        fft_sr_asm_float_fma3 - type: fft_float, len: 512, factor: 2, flags: [aligned, inplace, out_of_place, preshuf, asm_call]
For transform of length 1024, forward, mdct_float, flags: [aligned, out_of_place], found 2 matches:
    1: mdct_fwd_float_c - type: mdct_float, len: [2, ∞], factors[2]: [2, any], flags: [unaligned, out_of_place, fwd_only], prio: 96
    2: mdct_naive_fwd_float_c - type: mdct_float, len: [2, ∞], factors[2]: [2, any], flags: [unaligned, out_of_place, fwd_only], prio: -130976
For transform of length 512, forward, fft_float, flags: [aligned, inplace, preshuf], found 5 matches:
    1: fft_sr_ns_float_fma3 - type: fft_float, len: [64, 131072], factor: 2, flags: [aligned, inplace, out_of_place, preshuf], prio: 448
    2: fft_sr_ns_float_avx2 - type: fft_float, len: [64, 131072], factor: 2, flags: [aligned, inplace, out_of_place, preshuf], prio: 447
    3: fft_sr_ns_float_avx - type: fft_float, len: [64, 131072], factor: 2, flags: [aligned, inplace, out_of_place, preshuf], prio: 416
    4: fft_pfa_ns_float_c - type: fft_float, len: [6, ∞], factors[2]: [7, 5, 3, 2, any], flags: [unaligned, inplace, out_of_place, preshuf], prio: 112
    5: fft512_ns_float_c - type: fft_float, len: 512, factor: 2, flags: [unaligned, inplace, out_of_place, preshuf], prio: 96
Transform tree:
    mdct_fwd_float_c - type: mdct_float, len: 1024, factors[2]: [2, any], flags: [unaligned, out_of_place, fwd_only]
        fft_sr_ns_float_fma3 - type: fft_float, len: 512, factor: 2, flags: [aligned, inplace, out_of_place, preshuf]
[mpegts @ 0x563df2a91100] All programs have pmt, headers found
[mpegts @ 0x563df2a91100] probing stream 1 pp:2500
[mpegts @ 0x563df2a91100] Probe with size=1033, packets=1 detected aac with score=51
[mpegts @ 0x563df2a91100] probed stream 1
For transform of length 64, inverse, mdct_float, flags: [aligned, out_of_place], found 3 matches:
    1: mdct_inv_float_avx2 - type: mdct_float, len: [16, ∞], factors[2]: [2, any], flags: [aligned, out_of_place, inv_only], prio: 511
    2: mdct_inv_float_c - type: mdct_float, len: [2, ∞], factors[2]: [2, any], flags: [unaligned, out_of_place, inv_only], prio: 96
    3: mdct_naive_inv_float_c - type: mdct_float, len: [2, ∞], factors[2]: [2, any], flags: [unaligned, out_of_place, inv_only], prio: -130976
For transform of length 32, inverse, fft_float, flags: [aligned, inplace, preshuf, asm_call], found 2 matches:
    1: fft32_asm_float_fma3 - type: fft_float, len: 32, factor: 2, flags: [aligned, inplace, out_of_place, preshuf, asm_call], prio: 512
    2: fft32_asm_float_avx - type: fft_float, len: 32, factor: 2, flags: [aligned, inplace, out_of_place, preshuf, asm_call], prio: 480
Transform tree:
    mdct_inv_float_avx2 - type: mdct_float, len: 64, factors[2]: [2, any], flags: [aligned, out_of_place, inv_only]
        fft32_asm_float_fma3 - type: fft_float, len: 32, factor: 2, flags: [aligned, inplace, out_of_place, preshuf, asm_call]
For transform of length 64, inverse, mdct_float, flags: [aligned, out_of_place], found 3 matches:
    1: mdct_inv_float_avx2 - type: mdct_float, len: [16, ∞], factors[2]: [2, any], flags: [aligned, out_of_place, inv_only], prio: 511
    2: mdct_inv_float_c - type: mdct_float, len: [2, ∞], factors[2]: [2, any], flags: [unaligned, out_of_place, inv_only], prio: 96
    3: mdct_naive_inv_float_c - type: mdct_float, len: [2, ∞], factors[2]: [2, any], flags: [unaligned, out_of_place, inv_only], prio: -130976
For transform of length 32, inverse, fft_float, flags: [aligned, inplace, preshuf, asm_call], found 2 matches:
    1: fft32_asm_float_fma3 - type: fft_float, len: 32, factor: 2, flags: [aligned, inplace, out_of_place, preshuf, asm_call], prio: 512
    2: fft32_asm_float_avx - type: fft_float, len: 32, factor: 2, flags: [aligned, inplace, out_of_place, preshuf, asm_call], prio: 480
Transform tree:
    mdct_inv_float_avx2 - type: mdct_float, len: 64, factors[2]: [2, any], flags: [aligned, out_of_place, inv_only]
        fft32_asm_float_fma3 - type: fft_float, len: 32, factor: 2, flags: [aligned, inplace, out_of_place, preshuf, asm_call]
[NULL @ 0x563df2dc7240] Decoding VUI
[NULL @ 0x563df2dc7240] Decoding VUI
[NULL @ 0x563df2dc7240] ct_type:0 pic_struct:0
[extract_extradata @ 0x563df3130500] nal_unit_type: 9(AUD), nal_ref_idc: 0
[extract_extradata @ 0x563df3130500] nal_unit_type: 7(SPS), nal_ref_idc: 1
[extract_extradata @ 0x563df3130500] nal_unit_type: 8(PPS), nal_ref_idc: 1
[extract_extradata @ 0x563df3130500] nal_unit_type: 7(SPS), nal_ref_idc: 1
[extract_extradata @ 0x563df3130500] nal_unit_type: 8(PPS), nal_ref_idc: 1
[extract_extradata @ 0x563df3130500] nal_unit_type: 6(SEI), nal_ref_idc: 0
[extract_extradata @ 0x563df3130500] nal_unit_type: 6(SEI), nal_ref_idc: 0
[extract_extradata @ 0x563df3130500] nal_unit_type: 5(IDR), nal_ref_idc: 1
[extract_extradata @ 0x563df3130500] nal_unit_type: 5(IDR), nal_ref_idc: 1
[extract_extradata @ 0x563df3130500] nal_unit_type: 5(IDR), nal_ref_idc: 1
[extract_extradata @ 0x563df3130500] nal_unit_type: 5(IDR), nal_ref_idc: 1
[h264 @ 0x563df30cf000] nal_unit_type: 9(AUD), nal_ref_idc: 0
[h264 @ 0x563df30cf000] nal_unit_type: 7(SPS), nal_ref_idc: 1
[h264 @ 0x563df30cf000] nal_unit_type: 8(PPS), nal_ref_idc: 1
[h264 @ 0x563df30cf000] nal_unit_type: 7(SPS), nal_ref_idc: 1
[h264 @ 0x563df30cf000] nal_unit_type: 8(PPS), nal_ref_idc: 1
[h264 @ 0x563df30cf000] nal_unit_type: 6(SEI), nal_ref_idc: 0
[h264 @ 0x563df30cf000] nal_unit_type: 6(SEI), nal_ref_idc: 0
[h264 @ 0x563df30cf000] nal_unit_type: 5(IDR), nal_ref_idc: 1
[h264 @ 0x563df30cf000] nal_unit_type: 5(IDR), nal_ref_idc: 1
[h264 @ 0x563df30cf000] nal_unit_type: 5(IDR), nal_ref_idc: 1
[h264 @ 0x563df30cf000] nal_unit_type: 5(IDR), nal_ref_idc: 1
[h264 @ 0x563df30cf000] Decoding VUI
[h264 @ 0x563df30cf000] Decoding VUI
[h264 @ 0x563df30cf000] Format yuv420p chosen by get_format().
[h264 @ 0x563df30cf000] Reinit context to 1280x720, pix_fmt: yuv420p
[h264 @ 0x563df30cf000] ct_type:0 pic_struct:0
[h264 @ 0x563df30cf000] no picture 
[NULL @ 0x563df2dc7240] ct_type:0 pic_struct:0
[NULL @ 0x563df2dc7240] ct_type:0 pic_struct:0
[NULL @ 0x563df2dc7240] ct_type:0 pic_struct:0
[NULL @ 0x563df2dc7240] ct_type:0 pic_struct:0
[NULL @ 0x563df2dc7240] ct_type:0 pic_struct:0
[NULL @ 0x563df2dc7240] ct_type:0 pic_struct:0
[NULL @ 0x563df2dc7240] ct_type:0 pic_struct:0
[NULL @ 0x563df2dc7240] ct_type:0 pic_struct:0
[NULL @ 0x563df2dc7240] ct_type:0 pic_struct:0
[NULL @ 0x563df2dc7240] ct_type:0 pic_struct:0
[NULL @ 0x563df2dc7240] ct_type:0 pic_struct:0
[NULL @ 0x563df2dc7240] ct_type:0 pic_struct:0
[NULL @ 0x563df2dc7240] ct_type:0 pic_struct:0
[NULL @ 0x563df2dc7240] ct_type:0 pic_struct:0
[NULL @ 0x563df2dc7240] ct_type:0 pic_struct:0
[NULL @ 0x563df2dc7240] ct_type:0 pic_struct:0
[NULL @ 0x563df2dc7240] ct_type:0 pic_struct:0
[NULL @ 0x563df2dc7240] ct_type:0 pic_struct:0
[NULL @ 0x563df2dc7240] ct_type:0 pic_struct:0
[NULL @ 0x563df2dc7240] ct_type:0 pic_struct:0
[hls @ 0x563df2441e80] All info found
[hls @ 0x563df2441e80] After avformat_find_stream_info() pos: 406 bytes read:406 seeks:0 frames:60
Input #0, hls, from 'https://raw.githubusercontent.com/thomraider12/canaistvpt/main/m3u8s/tvireality.m3u8':
  Duration: N/A, start: 92706.262311, bitrate: N/A
  Program 0 
    Metadata:
      variant_bitrate : 1414170
  Stream #0:0, 21, 1/90000: Video: h264 (High) ([27][0][0][0] / 0x001B), yuv420p(tv, bt709), 1280x720 [SAR 1:1 DAR 16:9], 25 fps, 25 tbr, 90k tbn
    Metadata:
      variant_bitrate : 1414170
  Stream #0:1, 39, 1/90000: Audio: aac (LC) ([15][0][0][0] / 0x000F), 48000 Hz, stereo, fltp
    Metadata:
      variant_bitrate : 1414170
Successfully opened the file.
Parsing a group of options: output url -.
Applying option t (record or transcode "duration" seconds of audio/video) with argument 7.
Applying option f (force format) with argument null.
Successfully parsed a group of options.
Opening an output file: -.
[out#0/null @ 0x563df3130580] No explicit maps, mapping streams automatically...
[vost#0:0/wrapped_avframe @ 0x563df30f4900] Created video stream from input stream 0:0
detected 4 logical cores
[h264 @ 0x563df3152e80] nal_unit_type: 7(SPS), nal_ref_idc: 1
[h264 @ 0x563df3152e80] nal_unit_type: 8(PPS), nal_ref_idc: 1
[h264 @ 0x563df3152e80] nal_unit_type: 7(SPS), nal_ref_idc: 1
[h264 @ 0x563df3152e80] nal_unit_type: 8(PPS), nal_ref_idc: 1
[h264 @ 0x563df3152e80] Decoding VUI
[h264 @ 0x563df3152e80] Decoding VUI
[aost#0:1/pcm_s16le @ 0x563df3199400] Created audio stream from input stream 0:1
For transform of length 64, inverse, mdct_float, flags: [aligned, out_of_place], found 3 matches:
    1: mdct_inv_float_avx2 - type: mdct_float, len: [16, ∞], factors[2]: [2, any], flags: [aligned, out_of_place, inv_only], prio: 511
    2: mdct_inv_float_c - type: mdct_float, len: [2, ∞], factors[2]: [2, any], flags: [unaligned, out_of_place, inv_only], prio: 96
    3: mdct_naive_inv_float_c - type: mdct_float, len: [2, ∞], factors[2]: [2, any], flags: [unaligned, out_of_place, inv_only], prio: -130976
For transform of length 32, inverse, fft_float, flags: [aligned, inplace, preshuf, asm_call], found 2 matches:
    1: fft32_asm_float_fma3 - type: fft_float, len: 32, factor: 2, flags: [aligned, inplace, out_of_place, preshuf, asm_call], prio: 512
    2: fft32_asm_float_avx - type: fft_float, len: 32, factor: 2, flags: [aligned, inplace, out_of_place, preshuf, asm_call], prio: 480
Transform tree:
    mdct_inv_float_avx2 - type: mdct_float, len: 64, factors[2]: [2, any], flags: [aligned, out_of_place, inv_only]
        fft32_asm_float_fma3 - type: fft_float, len: 32, factor: 2, flags: [aligned, inplace, out_of_place, preshuf, asm_call]
For transform of length 64, inverse, mdct_float, flags: [aligned, out_of_place], found 3 matches:
    1: mdct_inv_float_avx2 - type: mdct_float, len: [16, ∞], factors[2]: [2, any], flags: [aligned, out_of_place, inv_only], prio: 511
    2: mdct_inv_float_c - type: mdct_float, len: [2, ∞], factors[2]: [2, any], flags: [unaligned, out_of_place, inv_only], prio: 96
    3: mdct_naive_inv_float_c - type: mdct_float, len: [2, ∞], factors[2]: [2, any], flags: [unaligned, out_of_place, inv_only], prio: -130976
For transform of length 32, inverse, fft_float, flags: [aligned, inplace, preshuf, asm_call], found 2 matches:
    1: fft32_asm_float_fma3 - type: fft_float, len: 32, factor: 2, flags: [aligned, inplace, out_of_place, preshuf, asm_call], prio: 512
    2: fft32_asm_float_avx - type: fft_float, len: 32, factor: 2, flags: [aligned, inplace, out_of_place, preshuf, asm_call], prio: 480
Transform tree:
    mdct_inv_float_avx2 - type: mdct_float, len: 64, factors[2]: [2, any], flags: [aligned, out_of_place, inv_only]
        fft32_asm_float_fma3 - type: fft_float, len: 32, factor: 2, flags: [aligned, inplace, out_of_place, preshuf, asm_call]
For transform of length 120, inverse, mdct_float, flags: [aligned, out_of_place], found 6 matches:
    1: mdct_inv_float_avx2 - type: mdct_float, len: [16, ∞], factors[2]: [2, any], flags: [aligned, out_of_place, inv_only], prio: 511
    2: mdct_pfa_15xM_inv_float_c - type: mdct_float, len: [30, ∞], factors[2]: [15, any], flags: [unaligned, out_of_place, inv_only], prio: 304
    3: mdct_pfa_5xM_inv_float_c - type: mdct_float, len: [10, ∞], factors[2]: [5, any], flags: [unaligned, out_of_place, inv_only], prio: 144
    4: mdct_pfa_3xM_inv_float_c - type: mdct_float, len: [6, ∞], factors[2]: [3, any], flags: [unaligned, out_of_place, inv_only], prio: 112
    5: mdct_inv_float_c - type: mdct_float, len: [2, ∞], factors[2]: [2, any], flags: [unaligned, out_of_place, inv_only], prio: 96
    6: mdct_naive_inv_float_c - type: mdct_float, len: [2, ∞], factors[2]: [2, any], flags: [unaligned, out_of_place, inv_only], prio: -130976
For transform of length 60, inverse, fft_float, flags: [aligned, inplace, preshuf, asm_call], found 1 matches:
    1: fft_pfa_15xM_asm_float_avx2 - type: fft_float, len: [60, ∞], factors[2]: [15, 2], flags: [aligned, inplace, out_of_place, preshuf, asm_call], prio: 655
For transform of length 4, inverse, fft_float, flags: [aligned, inplace, preshuf, asm_call], found 1 matches:
    1: fft4_fwd_asm_float_sse2 - type: fft_float, len: 4, factor: 2, flags: [aligned, inplace, out_of_place, preshuf, asm_call], prio: 352
Transform tree:
    mdct_inv_float_avx2 - type: mdct_float, len: 120, factors[2]: [2, any], flags: [aligned, out_of_place, inv_only]
        fft_pfa_15xM_asm_float_avx2 - type: fft_float, len: 60, factors[2]: [15, 2], flags: [aligned, inplace, out_of_place, preshuf, asm_call]
            fft4_fwd_asm_float_sse2 - type: fft_float, len: 4, factor: 2, flags: [aligned, inplace, out_of_place, preshuf, asm_call]
For transform of length 128, inverse, mdct_float, flags: [aligned, out_of_place], found 3 matches:
    1: mdct_inv_float_avx2 - type: mdct_float, len: [16, ∞], factors[2]: [2, any], flags: [aligned, out_of_place, inv_only], prio: 511
    2: mdct_inv_float_c - type: mdct_float, len: [2, ∞], factors[2]: [2, any], flags: [unaligned, out_of_place, inv_only], prio: 96
    3: mdct_naive_inv_float_c - type: mdct_float, len: [2, ∞], factors[2]: [2, any], flags: [unaligned, out_of_place, inv_only], prio: -130976
For transform of length 64, inverse, fft_float, flags: [aligned, inplace, preshuf, asm_call], found 3 matches:
    1: fft_sr_asm_float_fma3 - type: fft_float, len: [64, 131072], factor: 2, flags: [aligned, inplace, out_of_place, preshuf, asm_call], prio: 448
    2: fft_sr_asm_float_avx2 - type: fft_float, len: [64, 131072], factor: 2, flags: [aligned, inplace, out_of_place, preshuf, asm_call], prio: 447
    3: fft_sr_asm_float_avx - type: fft_float, len: [64, 131072], factor: 2, flags: [aligned, inplace, out_of_place, preshuf, asm_call], prio: 416
Transform tree:
    mdct_inv_float_avx2 - type: mdct_float, len: 128, factors[2]: [2, any], flags: [aligned, out_of_place, inv_only]
        fft_sr_asm_float_fma3 - type: fft_float, len: 64, factor: 2, flags: [aligned, inplace, out_of_place, preshuf, asm_call]
For transform of length 480, inverse, mdct_float, flags: [aligned, out_of_place], found 6 matches:
    1: mdct_inv_float_avx2 - type: mdct_float, len: [16, ∞], factors[2]: [2, any], flags: [aligned, out_of_place, inv_only], prio: 511
    2: mdct_pfa_15xM_inv_float_c - type: mdct_float, len: [30, ∞], factors[2]: [15, any], flags: [unaligned, out_of_place, inv_only], prio: 304
    3: mdct_pfa_5xM_inv_float_c - type: mdct_float, len: [10, ∞], factors[2]: [5, any], flags: [unaligned, out_of_place, inv_only], prio: 144
    4: mdct_pfa_3xM_inv_float_c - type: mdct_float, len: [6, ∞], factors[2]: [3, any], flags: [unaligned, out_of_place, inv_only], prio: 112
    5: mdct_inv_float_c - type: mdct_float, len: [2, ∞], factors[2]: [2, any], flags: [unaligned, out_of_place, inv_only], prio: 96
    6: mdct_naive_inv_float_c - type: mdct_float, len: [2, ∞], factors[2]: [2, any], flags: [unaligned, out_of_place, inv_only], prio: -130976
For transform of length 240, inverse, fft_float, flags: [aligned, inplace, preshuf, asm_call], found 1 matches:
    1: fft_pfa_15xM_asm_float_avx2 - type: fft_float, len: [60, ∞], factors[2]: [15, 2], flags: [aligned, inplace, out_of_place, preshuf, asm_call], prio: 655
For transform of length 16, inverse, fft_float, flags: [aligned, inplace, preshuf, asm_call], found 2 matches:
    1: fft16_asm_float_fma3 - type: fft_float, len: 16, factor: 2, flags: [aligned, inplace, out_of_place, preshuf, asm_call], prio: 512
    2: fft16_asm_float_avx - type: fft_float, len: 16, factor: 2, flags: [aligned, inplace, out_of_place, preshuf, asm_call], prio: 480
Transform tree:
    mdct_inv_float_avx2 - type: mdct_float, len: 480, factors[2]: [2, any], flags: [aligned, out_of_place, inv_only]
        fft_pfa_15xM_asm_float_avx2 - type: fft_float, len: 240, factors[2]: [15, 2], flags: [aligned, inplace, out_of_place, preshuf, asm_call]
            fft16_asm_float_fma3 - type: fft_float, len: 16, factor: 2, flags: [aligned, inplace, out_of_place, preshuf, asm_call]
For transform of length 512, inverse, mdct_float, flags: [aligned, out_of_place], found 3 matches:
    1: mdct_inv_float_avx2 - type: mdct_float, len: [16, ∞], factors[2]: [2, any], flags: [aligned, out_of_place, inv_only], prio: 511
    2: mdct_inv_float_c - type: mdct_float, len: [2, ∞], factors[2]: [2, any], flags: [unaligned, out_of_place, inv_only], prio: 96
    3: mdct_naive_inv_float_c - type: mdct_float, len: [2, ∞], factors[2]: [2, any], flags: [unaligned, out_of_place, inv_only], prio: -130976
For transform of length 256, inverse, fft_float, flags: [aligned, inplace, preshuf, asm_call], found 3 matches:
    1: fft_sr_asm_float_fma3 - type: fft_float, len: [64, 131072], factor: 2, flags: [aligned, inplace, out_of_place, preshuf, asm_call], prio: 448
    2: fft_sr_asm_float_avx2 - type: fft_float, len: [64, 131072], factor: 2, flags: [aligned, inplace, out_of_place, preshuf, asm_call], prio: 447
    3: fft_sr_asm_float_avx - type: fft_float, len: [64, 131072], factor: 2, flags: [aligned, inplace, out_of_place, preshuf, asm_call], prio: 416
Transform tree:
    mdct_inv_float_avx2 - type: mdct_float, len: 512, factors[2]: [2, any], flags: [aligned, out_of_place, inv_only]
        fft_sr_asm_float_fma3 - type: fft_float, len: 256, factor: 2, flags: [aligned, inplace, out_of_place, preshuf, asm_call]
For transform of length 960, inverse, mdct_float, flags: [aligned, out_of_place], found 6 matches:
    1: mdct_inv_float_avx2 - type: mdct_float, len: [16, ∞], factors[2]: [2, any], flags: [aligned, out_of_place, inv_only], prio: 511
    2: mdct_pfa_15xM_inv_float_c - type: mdct_float, len: [30, ∞], factors[2]: [15, any], flags: [unaligned, out_of_place, inv_only], prio: 304
    3: mdct_pfa_5xM_inv_float_c - type: mdct_float, len: [10, ∞], factors[2]: [5, any], flags: [unaligned, out_of_place, inv_only], prio: 144
    4: mdct_pfa_3xM_inv_float_c - type: mdct_float, len: [6, ∞], factors[2]: [3, any], flags: [unaligned, out_of_place, inv_only], prio: 112
    5: mdct_inv_float_c - type: mdct_float, len: [2, ∞], factors[2]: [2, any], flags: [unaligned, out_of_place, inv_only], prio: 96
    6: mdct_naive_inv_float_c - type: mdct_float, len: [2, ∞], factors[2]: [2, any], flags: [unaligned, out_of_place, inv_only], prio: -130976
For transform of length 480, inverse, fft_float, flags: [aligned, inplace, preshuf, asm_call], found 1 matches:
    1: fft_pfa_15xM_asm_float_avx2 - type: fft_float, len: [60, ∞], factors[2]: [15, 2], flags: [aligned, inplace, out_of_place, preshuf, asm_call], prio: 655
For transform of length 32, inverse, fft_float, flags: [aligned, inplace, preshuf, asm_call], found 2 matches:
    1: fft32_asm_float_fma3 - type: fft_float, len: 32, factor: 2, flags: [aligned, inplace, out_of_place, preshuf, asm_call], prio: 512
    2: fft32_asm_float_avx - type: fft_float, len: 32, factor: 2, flags: [aligned, inplace, out_of_place, preshuf, asm_call], prio: 480
Transform tree:
    mdct_inv_float_avx2 - type: mdct_float, len: 960, factors[2]: [2, any], flags: [aligned, out_of_place, inv_only]
        fft_pfa_15xM_asm_float_avx2 - type: fft_float, len: 480, factors[2]: [15, 2], flags: [aligned, inplace, out_of_place, preshuf, asm_call]
            fft32_asm_float_fma3 - type: fft_float, len: 32, factor: 2, flags: [aligned, inplace, out_of_place, preshuf, asm_call]
For transform of length 1024, inverse, mdct_float, flags: [aligned, out_of_place], found 3 matches:
    1: mdct_inv_float_avx2 - type: mdct_float, len: [16, ∞], factors[2]: [2, any], flags: [aligned, out_of_place, inv_only], prio: 511
    2: mdct_inv_float_c - type: mdct_float, len: [2, ∞], factors[2]: [2, any], flags: [unaligned, out_of_place, inv_only], prio: 96
    3: mdct_naive_inv_float_c - type: mdct_float, len: [2, ∞], factors[2]: [2, any], flags: [unaligned, out_of_place, inv_only], prio: -130976
For transform of length 512, inverse, fft_float, flags: [aligned, inplace, preshuf, asm_call], found 3 matches:
    1: fft_sr_asm_float_fma3 - type: fft_float, len: [64, 131072], factor: 2, flags: [aligned, inplace, out_of_place, preshuf, asm_call], prio: 448
    2: fft_sr_asm_float_avx2 - type: fft_float, len: [64, 131072], factor: 2, flags: [aligned, inplace, out_of_place, preshuf, asm_call], prio: 447
    3: fft_sr_asm_float_avx - type: fft_float, len: [64, 131072], factor: 2, flags: [aligned, inplace, out_of_place, preshuf, asm_call], prio: 416
Transform tree:
    mdct_inv_float_avx2 - type: mdct_float, len: 1024, factors[2]: [2, any], flags: [aligned, out_of_place, inv_only]
        fft_sr_asm_float_fma3 - type: fft_float, len: 512, factor: 2, flags: [aligned, inplace, out_of_place, preshuf, asm_call]
For transform of length 1024, forward, mdct_float, flags: [aligned, out_of_place], found 2 matches:
    1: mdct_fwd_float_c - type: mdct_float, len: [2, ∞], factors[2]: [2, any], flags: [unaligned, out_of_place, fwd_only], prio: 96
    2: mdct_naive_fwd_float_c - type: mdct_float, len: [2, ∞], factors[2]: [2, any], flags: [unaligned, out_of_place, fwd_only], prio: -130976
For transform of length 512, forward, fft_float, flags: [aligned, inplace, preshuf], found 5 matches:
    1: fft_sr_ns_float_fma3 - type: fft_float, len: [64, 131072], factor: 2, flags: [aligned, inplace, out_of_place, preshuf], prio: 448
    2: fft_sr_ns_float_avx2 - type: fft_float, len: [64, 131072], factor: 2, flags: [aligned, inplace, out_of_place, preshuf], prio: 447
    3: fft_sr_ns_float_avx - type: fft_float, len: [64, 131072], factor: 2, flags: [aligned, inplace, out_of_place, preshuf], prio: 416
    4: fft_pfa_ns_float_c - type: fft_float, len: [6, ∞], factors[2]: [7, 5, 3, 2, any], flags: [unaligned, inplace, out_of_place, preshuf], prio: 112
    5: fft512_ns_float_c - type: fft_float, len: 512, factor: 2, flags: [unaligned, inplace, out_of_place, preshuf], prio: 96
Transform tree:
    mdct_fwd_float_c - type: mdct_float, len: 1024, factors[2]: [2, any], flags: [unaligned, out_of_place, fwd_only]
        fft_sr_ns_float_fma3 - type: fft_float, len: 512, factor: 2, flags: [aligned, inplace, out_of_place, preshuf]
Successfully opened the file.
Stream mapping:
  Stream #0:0 -> #0:0 (h264 (native) -> wrapped_avframe (native))
  Stream #0:1 -> #0:1 (aac (native) -> pcm_s16le (native))
Press [q] to stop, [?] for help
[graph_1_in_0_1 @ 0x563df31ae940] Setting 'time_base' to value '1/48000'
[graph_1_in_0_1 @ 0x563df31ae940] Setting 'sample_rate' to value '48000'
[graph_1_in_0_1 @ 0x563df31ae940] Setting 'sample_fmt' to value 'fltp'
[graph_1_in_0_1 @ 0x563df31ae940] Setting 'channel_layout' to value 'stereo'
[graph_1_in_0_1 @ 0x563df31ae940] tb:1/48000 samplefmt:fltp samplerate:48000 chlayout:stereo
[format_out_0_1 @ 0x563df31aee00] Setting 'sample_fmts' to value 's16'
[format_out_0_1 @ 0x563df31aee00] auto-inserting filter 'auto_aresample_0' between the filter 'Parsed_anull_0' and the filter 'format_out_0_1'
[AVFilterGraph @ 0x563df31b87c0] query_formats: 5 queried, 6 merged, 7 already done, 0 delayed
[auto_aresample_0 @ 0x563df31aff40] [SWR @ 0x563df31e6cc0] Using fltp internally between filters
[auto_aresample_0 @ 0x563df31aff40] ch:2 chl:stereo fmt:fltp r:48000Hz -> ch:2 chl:stereo fmt:s16 r:48000Hz
[h264 @ 0x563df3152e80] nal_unit_type: 9(AUD), nal_ref_idc: 0
[h264 @ 0x563df3152e80] nal_unit_type: 7(SPS), nal_ref_idc: 1
[h264 @ 0x563df3152e80] nal_unit_type: 8(PPS), nal_ref_idc: 1
[h264 @ 0x563df3152e80] nal_unit_type: 7(SPS), nal_ref_idc: 1
[h264 @ 0x563df3152e80] nal_unit_type: 8(PPS), nal_ref_idc: 1
[h264 @ 0x563df3152e80] nal_unit_type: 6(SEI), nal_ref_idc: 0
[h264 @ 0x563df3152e80] nal_unit_type: 6(SEI), nal_ref_idc: 0
[h264 @ 0x563df3152e80] nal_unit_type: 5(IDR), nal_ref_idc: 1
[h264 @ 0x563df3152e80] nal_unit_type: 5(IDR), nal_ref_idc: 1
[h264 @ 0x563df3152e80] nal_unit_type: 5(IDR), nal_ref_idc: 1
[h264 @ 0x563df3152e80] nal_unit_type: 5(IDR), nal_ref_idc: 1
[h264 @ 0x563df3152e80] Decoding VUI
[h264 @ 0x563df3152e80] Decoding VUI
[h264 @ 0x563df3152e80] Format yuv420p chosen by get_format().
[h264 @ 0x563df3152e80] Reinit context to 1280x720, pix_fmt: yuv420p
[h264 @ 0x563df3152e80] ct_type:0 pic_struct:0
[h264 @ 0x563df3152e80] no picture 
[h264 @ 0x563df325ee80] nal_unit_type: 9(AUD), nal_ref_idc: 0
[h264 @ 0x563df325ee80] nal_unit_type: 6(SEI), nal_ref_idc: 0
[h264 @ 0x563df325ee80] nal_unit_type: 1(Coded slice of a non-IDR picture), nal_ref_idc: 1
[h264 @ 0x563df325ee80] nal_unit_type: 1(Coded slice of a non-IDR picture), nal_ref_idc: 1
[h264 @ 0x563df325ee80] nal_unit_type: 1(Coded slice of a non-IDR picture), nal_ref_idc: 1
[h264 @ 0x563df325ee80] nal_unit_type: 1(Coded slice of a non-IDR picture), nal_ref_idc: 1
[h264 @ 0x563df325ee80] ct_type:0 pic_struct:0
[h264 @ 0x563df315c300] nal_unit_type: 9(AUD), nal_ref_idc: 0
[h264 @ 0x563df315c300] nal_unit_type: 6(SEI), nal_ref_idc: 0
[h264 @ 0x563df315c300] nal_unit_type: 1(Coded slice of a non-IDR picture), nal_ref_idc: 0
[h264 @ 0x563df315c300] nal_unit_type: 1(Coded slice of a non-IDR picture), nal_ref_idc: 0
[h264 @ 0x563df315c300] nal_unit_type: 1(Coded slice of a non-IDR picture), nal_ref_idc: 0
[h264 @ 0x563df315c300] nal_unit_type: 1(Coded slice of a non-IDR picture), nal_ref_idc: 0
[h264 @ 0x563df315c300] ct_type:0 pic_struct:0
[h264 @ 0x563df2dd2c80] nal_unit_type: 9(AUD), nal_ref_idc: 0
[h264 @ 0x563df2dd2c80] nal_unit_type: 6(SEI), nal_ref_idc: 0
[h264 @ 0x563df2dd2c80] nal_unit_type: 1(Coded slice of a non-IDR picture), nal_ref_idc: 0
[h264 @ 0x563df2dd2c80] nal_unit_type: 1(Coded slice of a non-IDR picture), nal_ref_idc: 0
[h264 @ 0x563df2dd2c80] nal_unit_type: 1(Coded slice of a non-IDR picture), nal_ref_idc: 0
[h264 @ 0x563df2dd2c80] nal_unit_type: 1(Coded slice of a non-IDR picture), nal_ref_idc: 0
[h264 @ 0x563df2dd2c80] ct_type:0 pic_struct:0
[h264 @ 0x563df30d9140] nal_unit_type: 9(AUD), nal_ref_idc: 0
[h264 @ 0x563df30d9140] nal_unit_type: 6(SEI), nal_ref_idc: 0
[h264 @ 0x563df30d9140] nal_unit_type: 1(Coded slice of a non-IDR picture), nal_ref_idc: 1
[h264 @ 0x563df30d9140] nal_unit_type: 1(Coded slice of a non-IDR picture), nal_ref_idc: 1
[h264 @ 0x563df30d9140] nal_unit_type: 1(Coded slice of a non-IDR picture), nal_ref_idc: 1
[h264 @ 0x563df30d9140] nal_unit_type: 1(Coded slice of a non-IDR picture), nal_ref_idc: 1
[h264 @ 0x563df30d9140] ct_type:0 pic_struct:0
[h264 @ 0x563df3152e80] nal_unit_type: 9(AUD), nal_ref_idc: 0
[h264 @ 0x563df3152e80] nal_unit_type: 6(SEI), nal_ref_idc: 0
[h264 @ 0x563df3152e80] nal_unit_type: 1(Coded slice of a non-IDR picture), nal_ref_idc: 0
[h264 @ 0x563df3152e80] nal_unit_type: 1(Coded slice of a non-IDR picture), nal_ref_idc: 0
[h264 @ 0x563df3152e80] nal_unit_type: 1(Coded slice of a non-IDR picture), nal_ref_idc: 0
[h264 @ 0x563df3152e80] nal_unit_type: 1(Coded slice of a non-IDR picture), nal_ref_idc: 0
[graph 0 input from stream 0:0 @ 0x563df3118580] Setting 'video_size' to value '1280x720'
[graph 0 input from stream 0:0 @ 0x563df3118580] Setting 'pix_fmt' to value '0'
[graph 0 input from stream 0:0 @ 0x563df3118580] Setting 'time_base' to value '1/90000'
[graph 0 input from stream 0:0 @ 0x563df3118580] Setting 'pixel_aspect' to value '1/1'
[graph 0 input from stream 0:0 @ 0x563df3118580] Setting 'frame_rate' to value '25/1'
[graph 0 input from stream 0:0 @ 0x563df3118580] w:1280 h:720 pixfmt:yuv420p tb:1/90000 fr:25/1 sar:1/1
[AVFilterGraph @ 0x563df3117280] query_formats: 4 queried, 3 merged, 0 already done, 0 delayed
[h264 @ 0x563df3152e80] ct_type:0 pic_struct:0
Output #0, null, to 'pipe:':
  Metadata:
    encoder         : Lavf60.16.100
  Stream #0:0, 0, 1/25: Video: wrapped_avframe, yuv420p(tv, bt709, progressive), 1280x720 [SAR 1:1 DAR 16:9], q=2-31, 200 kb/s, 25 fps, 25 tbn
    Metadata:
      variant_bitrate : 1414170
      encoder         : Lavc60.31.102 wrapped_avframe
  Stream #0:1, 0, 1/48000: Audio: pcm_s16le, 48000 Hz, stereo, s16, 1536 kb/s
    Metadata:
      variant_bitrate : 1414170
      encoder         : Lavc60.31.102 pcm_s16le
frame=    0 fps=0.0 q=-0.0 size=N/A time=00:00:00.23 bitrate=N/A speed=15.9x    [h264 @ 0x563df325ee80] nal_unit_type: 9(AUD), nal_ref_idc: 0
[h264 @ 0x563df325ee80] nal_unit_type: 6(SEI), nal_ref_idc: 0
[h264 @ 0x563df325ee80] nal_unit_type: 1(Coded slice of a non-IDR picture), nal_ref_idc: 0
[h264 @ 0x563df325ee80] nal_unit_type: 1(Coded slice of a non-IDR picture), nal_ref_idc: 0
[h264 @ 0x563df325ee80] nal_unit_type: 1(Coded slice of a non-IDR picture), nal_ref_idc: 0
[h264 @ 0x563df325ee80] nal_unit_type: 1(Coded slice of a non-IDR picture), nal_ref_idc: 0
[h264 @ 0x563df325ee80] ct_type:0 pic_struct:0
[h264 @ 0x563df315c300] nal_unit_type: 9(AUD), nal_ref_idc: 0
[h264 @ 0x563df315c300] nal_unit_type: 6(SEI), nal_ref_idc: 0
[h264 @ 0x563df315c300] nal_unit_type: 1(Coded slice of a non-IDR picture), nal_ref_idc: 1
[h264 @ 0x563df315c300] nal_unit_type: 1(Coded slice of a non-IDR picture), nal_ref_idc: 1
[h264 @ 0x563df315c300] nal_unit_type: 1(Coded slice of a non-IDR picture), nal_ref_idc: 1
[h264 @ 0x563df315c300] nal_unit_type: 1(Coded slice of a non-IDR picture), nal_ref_idc: 1
[h264 @ 0x563df315c300] ct_type:0 pic_struct:0
[h264 @ 0x563df2dd2c80] nal_unit_type: 9(AUD), nal_ref_idc: 0
[h264 @ 0x563df2dd2c80] nal_unit_type: 6(SEI), nal_ref_idc: 0
[h264 @ 0x563df2dd2c80] nal_unit_type: 1(Coded slice of a non-IDR picture), nal_ref_idc: 0
[h264 @ 0x563df2dd2c80] nal_unit_type: 1(Coded slice of a non-IDR picture), nal_ref_idc: 0
[h264 @ 0x563df2dd2c80] nal_unit_type: 1(Coded slice of a non-IDR picture), nal_ref_idc: 0
[h264 @ 0x563df2dd2c80] nal_unit_type: 1(Coded slice of a non-IDR picture), nal_ref_idc: 0
[h264 @ 0x563df2dd2c80] ct_type:0 pic_struct:0
[h264 @ 0x563df30d9140] nal_unit_type: 9(AUD), nal_ref_idc: 0
[h264 @ 0x563df30d9140] nal_unit_type: 6(SEI), nal_ref_idc: 0
[h264 @ 0x563df30d9140] nal_unit_type: 1(Coded slice of a non-IDR picture), nal_ref_idc: 0
[h264 @ 0x563df30d9140] nal_unit_type: 1(Coded slice of a non-IDR picture), nal_ref_idc: 0
[h264 @ 0x563df30d9140] nal_unit_type: 1(Coded slice of a non-IDR picture), nal_ref_idc: 0
[h264 @ 0x563df30d9140] nal_unit_type: 1(Coded slice of a non-IDR picture), nal_ref_idc: 0
[h264 @ 0x563df30d9140] ct_type:0 pic_struct:0
[h264 @ 0x563df3152e80] nal_unit_type: 9(AUD), nal_ref_idc: 0
[h264 @ 0x563df3152e80] nal_unit_type: 6(SEI), nal_ref_idc: 0
[h264 @ 0x563df3152e80] nal_unit_type: 1(Coded slice of a non-IDR picture), nal_ref_idc: 1
[h264 @ 0x563df3152e80] nal_unit_type: 1(Coded slice of a non-IDR picture), nal_ref_idc: 1
[h264 @ 0x563df3152e80] nal_unit_type: 1(Coded slice of a non-IDR picture), nal_ref_idc: 1
[h264 @ 0x563df3152e80] nal_unit_type: 1(Coded slice of a non-IDR picture), nal_ref_idc: 1
[h264 @ 0x563df3152e80] ct_type:0 pic_struct:0
[h264 @ 0x563df325ee80] nal_unit_type: 9(AUD), nal_ref_idc: 0
[h264 @ 0x563df325ee80] nal_unit_type: 6(SEI), nal_ref_idc: 0
[h264 @ 0x563df325ee80] nal_unit_type: 1(Coded slice of a non-IDR picture), nal_ref_idc: 0
[h264 @ 0x563df325ee80] nal_unit_type: 1(Coded slice of a non-IDR picture), nal_ref_idc: 0
[h264 @ 0x563df325ee80] nal_unit_type: 1(Coded slice of a non-IDR picture), nal_ref_idc: 0
[h264 @ 0x563df325ee80] nal_unit_type: 1(Coded slice of a non-IDR picture), nal_ref_idc: 0
[h264 @ 0x563df325ee80] ct_type:0 pic_struct:0
[h264 @ 0x563df315c300] nal_unit_type: 9(AUD), nal_ref_idc: 0
[h264 @ 0x563df315c300] nal_unit_type: 6(SEI), nal_ref_idc: 0
[h264 @ 0x563df315c300] nal_unit_type: 1(Coded slice of a non-IDR picture), nal_ref_idc: 0
[h264 @ 0x563df315c300] nal_unit_type: 1(Coded slice of a non-IDR picture), nal_ref_idc: 0
[h264 @ 0x563df315c300] nal_unit_type: 1(Coded slice of a non-IDR picture), nal_ref_idc: 0
[h264 @ 0x563df315c300] nal_unit_type: 1(Coded slice of a non-IDR picture), nal_ref_idc: 0
[h264 @ 0x563df315c300] ct_type:0 pic_struct:0
[h264 @ 0x563df2dd2c80] nal_unit_type: 9(AUD), nal_ref_idc: 0
[h264 @ 0x563df2dd2c80] nal_unit_type: 6(SEI), nal_ref_idc: 0
[h264 @ 0x563df2dd2c80] nal_unit_type: 1(Coded slice of a non-IDR picture), nal_ref_idc: 1
[h264 @ 0x563df2dd2c80] nal_unit_type: 1(Coded slice of a non-IDR picture), nal_ref_idc: 1
[h264 @ 0x563df2dd2c80] nal_unit_type: 1(Coded slice of a non-IDR picture), nal_ref_idc: 1
[h264 @ 0x563df2dd2c80] nal_unit_type: 1(Coded slice of a non-IDR picture), nal_ref_idc: 1
[h264 @ 0x563df2dd2c80] ct_type:0 pic_struct:0
[h264 @ 0x563df30d9140] nal_unit_type: 9(AUD), nal_ref_idc: 0
[h264 @ 0x563df30d9140] nal_unit_type: 6(SEI), nal_ref_idc: 0
[h264 @ 0x563df30d9140] nal_unit_type: 1(Coded slice of a non-IDR picture), nal_ref_idc: 0
[h264 @ 0x563df30d9140] nal_unit_type: 1(Coded slice of a non-IDR picture), nal_ref_idc: 0
[h264 @ 0x563df30d9140] nal_unit_type: 1(Coded slice of a non-IDR picture), nal_ref_idc: 0
[h264 @ 0x563df30d9140] nal_unit_type: 1(Coded slice of a non-IDR picture), nal_ref_idc: 0
[h264 @ 0x563df30d9140] ct_type:0 pic_struct:0
[h264 @ 0x563df3152e80] nal_unit_type: 9(AUD), nal_ref_idc: 0
[h264 @ 0x563df3152e80] nal_unit_type: 6(SEI), nal_ref_idc: 0
[h264 @ 0x563df3152e80] nal_unit_type: 1(Coded slice of a non-IDR picture), nal_ref_idc: 0
[h264 @ 0x563df3152e80] nal_unit_type: 1(Coded slice of a non-IDR picture), nal_ref_idc: 0
[h264 @ 0x563df3152e80] nal_unit_type: 1(Coded slice of a non-IDR picture), nal_ref_idc: 0
[h264 @ 0x563df3152e80] nal_unit_type: 1(Coded slice of a non-IDR picture), nal_ref_idc: 0
[h264 @ 0x563df3152e80] ct_type:0 pic_struct:0
[h264 @ 0x563df325ee80] nal_unit_type: 9(AUD), nal_ref_idc: 0
[h264 @ 0x563df325ee80] nal_unit_type: 6(SEI), nal_ref_idc: 0
[h264 @ 0x563df325ee80] nal_unit_type: 1(Coded slice of a non-IDR picture), nal_ref_idc: 1
[h264 @ 0x563df325ee80] nal_unit_type: 1(Coded slice of a non-IDR picture), nal_ref_idc: 1
[h264 @ 0x563df325ee80] nal_unit_type: 1(Coded slice of a non-IDR picture), nal_ref_idc: 1
[h264 @ 0x563df325ee80] nal_unit_type: 1(Coded slice of a non-IDR picture), nal_ref_idc: 1
[h264 @ 0x563df325ee80] ct_type:0 pic_struct:0
[h264 @ 0x563df315c300] nal_unit_type: 9(AUD), nal_ref_idc: 0
[h264 @ 0x563df315c300] nal_unit_type: 6(SEI), nal_ref_idc: 0
[h264 @ 0x563df315c300] nal_unit_type: 1(Coded slice of a non-IDR picture), nal_ref_idc: 0
[h264 @ 0x563df315c300] nal_unit_type: 1(Coded slice of a non-IDR picture), nal_ref_idc: 0
[h264 @ 0x563df315c300] nal_unit_type: 1(Coded slice of a non-IDR picture), nal_ref_idc: 0
[h264 @ 0x563df315c300] nal_unit_type: 1(Coded slice of a non-IDR picture), nal_ref_idc: 0
[h264 @ 0x563df315c300] ct_type:0 pic_struct:0
[h264 @ 0x563df2dd2c80] nal_unit_type: 9(AUD), nal_ref_idc: 0
[h264 @ 0x563df2dd2c80] nal_unit_type: 6(SEI), nal_ref_idc: 0
[h264 @ 0x563df2dd2c80] nal_unit_type: 1(Coded slice of a non-IDR picture), nal_ref_idc: 0
[h264 @ 0x563df2dd2c80] nal_unit_type: 1(Coded slice of a non-IDR picture), nal_ref_idc: 0
[h264 @ 0x563df2dd2c80] nal_unit_type: 1(Coded slice of a non-IDR picture), nal_ref_idc: 0
[h264 @ 0x563df2dd2c80] nal_unit_type: 1(Coded slice of a non-IDR picture), nal_ref_idc: 0
[h264 @ 0x563df2dd2c80] ct_type:0 pic_struct:0
[h264 @ 0x563df30d9140] nal_unit_type: 9(AUD), nal_ref_idc: 0
[h264 @ 0x563df30d9140] nal_unit_type: 6(SEI), nal_ref_idc: 0
[h264 @ 0x563df30d9140] nal_unit_type: 1(Coded slice of a non-IDR picture), nal_ref_idc: 1
[h264 @ 0x563df30d9140] nal_unit_type: 1(Coded slice of a non-IDR picture), nal_ref_idc: 1
[h264 @ 0x563df30d9140] nal_unit_type: 1(Coded slice of a non-IDR picture), nal_ref_idc: 1
[h264 @ 0x563df30d9140] nal_unit_type: 1(Coded slice of a non-IDR picture), nal_ref_idc: 1
[h264 @ 0x563df30d9140] ct_type:0 pic_struct:0
[h264 @ 0x563df3152e80] nal_unit_type: 9(AUD), nal_ref_idc: 0
[h264 @ 0x563df3152e80] nal_unit_type: 6(SEI), nal_ref_idc: 0
[h264 @ 0x563df3152e80] nal_unit_type: 1(Coded slice of a non-IDR picture), nal_ref_idc: 0
[h264 @ 0x563df3152e80] nal_unit_type: 1(Coded slice of a non-IDR picture), nal_ref_idc: 0
[h264 @ 0x563df3152e80] nal_unit_type: 1(Coded slice of a non-IDR picture), nal_ref_idc: 0
[h264 @ 0x563df3152e80] nal_unit_type: 1(Coded slice of a non-IDR picture), nal_ref_idc: 0
[h264 @ 0x563df3152e80] ct_type:0 pic_struct:0
[NULL @ 0x563df2dc7240] ct_type:0 pic_struct:0
[h264 @ 0x563df325ee80] nal_unit_type: 9(AUD), nal_ref_idc: 0
[h264 @ 0x563df325ee80] nal_unit_type: 6(SEI), nal_ref_idc: 0
[h264 @ 0x563df325ee80] nal_unit_type: 1(Coded slice of a non-IDR picture), nal_ref_idc: 0
[h264 @ 0x563df325ee80] nal_unit_type: 1(Coded slice of a non-IDR picture), nal_ref_idc: 0
[h264 @ 0x563df325ee80] nal_unit_type: 1(Coded slice of a non-IDR picture), nal_ref_idc: 0
[h264 @ 0x563df325ee80] nal_unit_type: 1(Coded slice of a non-IDR picture), nal_ref_idc: 0
[h264 @ 0x563df325ee80] ct_type:0 pic_struct:0
[NULL @ 0x563df2dc7240] ct_type:0 pic_struct:0
[NULL @ 0x563df2dc7240] ct_type:0 pic_struct:0
[h264 @ 0x563df315c300] nal_unit_type: 9(AUD), nal_ref_idc: 0
[h264 @ 0x563df315c300] nal_unit_type: 6(SEI), nal_ref_idc: 0
[h264 @ 0x563df315c300] nal_unit_type: 1(Coded slice of a non-IDR picture), nal_ref_idc: 1
[h264 @ 0x563df315c300] nal_unit_type: 1(Coded slice of a non-IDR picture), nal_ref_idc: 1
[h264 @ 0x563df315c300] nal_unit_type: 1(Coded slice of a non-IDR picture), nal_ref_idc: 1
[h264 @ 0x563df315c300] nal_unit_type: 1(Coded slice of a non-IDR picture), nal_ref_idc: 1
[h264 @ 0x563df315c300] ct_type:0 pic_struct:0
[h264 @ 0x563df2dd2c80] nal_unit_type: 9(AUD), nal_ref_idc: 0
[h264 @ 0x563df2dd2c80] nal_unit_type: 6(SEI), nal_ref_idc: 0
[h264 @ 0x563df2dd2c80] nal_unit_type: 1(Coded slice of a non-IDR picture), nal_ref_idc: 0
[h264 @ 0x563df2dd2c80] nal_unit_type: 1(Coded slice of a non-IDR picture), nal_ref_idc: 0
[h264 @ 0x563df2dd2c80] nal_unit_type: 1(Coded slice of a non-IDR picture), nal_ref_idc: 0
[h264 @ 0x563df2dd2c80] nal_unit_type: 1(Coded slice of a non-IDR picture), nal_ref_idc: 0
[h264 @ 0x563df2dd2c80] ct_type:0 pic_struct:0
[NULL @ 0x563df2dc7240] ct_type:0 pic_struct:0
[NULL @ 0x563df2dc7240] ct_type:0 pic_struct:0
[h264 @ 0x563df30d9140] nal_unit_type: 9(AUD), nal_ref_idc: 0
[h264 @ 0x563df30d9140] nal_unit_type: 6(SEI), nal_ref_idc: 0
[h264 @ 0x563df30d9140] nal_unit_type: 1(Coded slice of a non-IDR picture), nal_ref_idc: 0
[h264 @ 0x563df30d9140] nal_unit_type: 1(Coded slice of a non-IDR picture), nal_ref_idc: 0
[h264 @ 0x563df30d9140] nal_unit_type: 1(Coded slice of a non-IDR picture), nal_ref_idc: 0
[h264 @ 0x563df30d9140] nal_unit_type: 1(Coded slice of a non-IDR picture), nal_ref_idc: 0
[h264 @ 0x563df30d9140] ct_type:0 pic_struct:0
[h264 @ 0x563df3152e80] nal_unit_type: 9(AUD), nal_ref_idc: 0
[h264 @ 0x563df3152e80] nal_unit_type: 6(SEI), nal_ref_idc: 0
[h264 @ 0x563df3152e80] nal_unit_type: 1(Coded slice of a non-IDR picture), nal_ref_idc: 1
[h264 @ 0x563df3152e80] nal_unit_type: 1(Coded slice of a non-IDR picture), nal_ref_idc: 1
[h264 @ 0x563df3152e80] nal_unit_type: 1(Coded slice of a non-IDR picture), nal_ref_idc: 1
[h264 @ 0x563df3152e80] nal_unit_type: 1(Coded slice of a non-IDR picture), nal_ref_idc: 1
[h264 @ 0x563df3152e80] ct_type:0 pic_struct:0
[NULL @ 0x563df2dc7240] ct_type:0 pic_struct:0
[h264 @ 0x563df325ee80] nal_unit_type: 9(AUD), nal_ref_idc: 0
[h264 @ 0x563df325ee80] nal_unit_type: 6(SEI), nal_ref_idc: 0
[h264 @ 0x563df325ee80] nal_unit_type: 1(Coded slice of a non-IDR picture), nal_ref_idc: 0
[h264 @ 0x563df325ee80] nal_unit_type: 1(Coded slice of a non-IDR picture), nal_ref_idc: 0
[h264 @ 0x563df325ee80] nal_unit_type: 1(Coded slice of a non-IDR picture), nal_ref_idc: 0
[h264 @ 0x563df325ee80] nal_unit_type: 1(Coded slice of a non-IDR picture), nal_ref_idc: 0
[h264 @ 0x563df325ee80] ct_type:0 pic_struct:0
[NULL @ 0x563df2dc7240] ct_type:0 pic_struct:0
[NULL @ 0x563df2dc7240] ct_type:0 pic_struct:0
[h264 @ 0x563df315c300] nal_unit_type: 9(AUD), nal_ref_idc: 0
[h264 @ 0x563df315c300] nal_unit_type: 6(SEI), nal_ref_idc: 0
[h264 @ 0x563df315c300] nal_unit_type: 1(Coded slice of a non-IDR picture), nal_ref_idc: 0
[h264 @ 0x563df315c300] nal_unit_type: 1(Coded slice of a non-IDR picture), nal_ref_idc: 0
[h264 @ 0x563df315c300] nal_unit_type: 1(Coded slice of a non-IDR picture), nal_ref_idc: 0
[h264 @ 0x563df315c300] nal_unit_type: 1(Coded slice of a non-IDR picture), nal_ref_idc: 0
[h264 @ 0x563df315c300] ct_type:0 pic_struct:0
[h264 @ 0x563df2dd2c80] nal_unit_type: 9(AUD), nal_ref_idc: 0
[h264 @ 0x563df2dd2c80] nal_unit_type: 6(SEI), nal_ref_idc: 0
[h264 @ 0x563df2dd2c80] nal_unit_type: 1(Coded slice of a non-IDR picture), nal_ref_idc: 1
[h264 @ 0x563df2dd2c80] nal_unit_type: 1(Coded slice of a non-IDR picture), nal_ref_idc: 1
[h264 @ 0x563df2dd2c80] nal_unit_type: 1(Coded slice of a non-IDR picture), nal_ref_idc: 1
[h264 @ 0x563df2dd2c80] nal_unit_type: 1(Coded slice of a non-IDR picture), nal_ref_idc: 1
[h264 @ 0x563df2dd2c80] ct_type:0 pic_struct:0
[NULL @ 0x563df2dc7240] ct_type:0 pic_struct:0
[h264 @ 0x563df30d9140] nal_unit_type: 9(AUD), nal_ref_idc: 0
[h264 @ 0x563df30d9140] nal_unit_type: 6(SEI), nal_ref_idc: 0
[h264 @ 0x563df30d9140] nal_unit_type: 1(Coded slice of a non-IDR picture), nal_ref_idc: 0
[h264 @ 0x563df30d9140] nal_unit_type: 1(Coded slice of a non-IDR picture), nal_ref_idc: 0
[h264 @ 0x563df30d9140] nal_unit_type: 1(Coded slice of a non-IDR picture), nal_ref_idc: 0
[h264 @ 0x563df30d9140] nal_unit_type: 1(Coded slice of a non-IDR picture), nal_ref_idc: 0
[h264 @ 0x563df30d9140] ct_type:0 pic_struct:0
[NULL @ 0x563df2dc7240] ct_type:0 pic_struct:0
[NULL @ 0x563df2dc7240] ct_type:0 pic_struct:0
[h264 @ 0x563df3152e80] nal_unit_type: 9(AUD), nal_ref_idc: 0
[h264 @ 0x563df3152e80] nal_unit_type: 6(SEI), nal_ref_idc: 0
[h264 @ 0x563df3152e80] nal_unit_type: 1(Coded slice of a non-IDR picture), nal_ref_idc: 0
[h264 @ 0x563df3152e80] nal_unit_type: 1(Coded slice of a non-IDR picture), nal_ref_idc: 0
[h264 @ 0x563df3152e80] nal_unit_type: 1(Coded slice of a non-IDR picture), nal_ref_idc: 0
[h264 @ 0x563df3152e80] nal_unit_type: 1(Coded slice of a non-IDR picture), nal_ref_idc: 0
[h264 @ 0x563df3152e80] ct_type:0 pic_struct:0
[h264 @ 0x563df325ee80] nal_unit_type: 9(AUD), nal_ref_idc: 0
[h264 @ 0x563df325ee80] nal_unit_type: 6(SEI), nal_ref_idc: 0
[h264 @ 0x563df325ee80] nal_unit_type: 1(Coded slice of a non-IDR picture), nal_ref_idc: 1
[h264 @ 0x563df325ee80] nal_unit_type: 1(Coded slice of a non-IDR picture), nal_ref_idc: 1
[h264 @ 0x563df325ee80] nal_unit_type: 1(Coded slice of a non-IDR picture), nal_ref_idc: 1
[h264 @ 0x563df325ee80] nal_unit_type: 1(Coded slice of a non-IDR picture), nal_ref_idc: 1
[h264 @ 0x563df325ee80] ct_type:0 pic_struct:0
[NULL @ 0x563df2dc7240] ct_type:0 pic_struct:0
[h264 @ 0x563df315c300] nal_unit_type: 9(AUD), nal_ref_idc: 0
[h264 @ 0x563df315c300] nal_unit_type: 6(SEI), nal_ref_idc: 0
[h264 @ 0x563df315c300] nal_unit_type: 1(Coded slice of a non-IDR picture), nal_ref_idc: 0
[h264 @ 0x563df315c300] nal_unit_type: 1(Coded slice of a non-IDR picture), nal_ref_idc: 0
[h264 @ 0x563df315c300] nal_unit_type: 1(Coded slice of a non-IDR picture), nal_ref_idc: 0
[h264 @ 0x563df315c300] nal_unit_type: 1(Coded slice of a non-IDR picture), nal_ref_idc: 0
[h264 @ 0x563df315c300] ct_type:0 pic_struct:0
[NULL @ 0x563df2dc7240] ct_type:0 pic_struct:0
[h264 @ 0x563df2dd2c80] nal_unit_type: 9(AUD), nal_ref_idc: 0
[h264 @ 0x563df2dd2c80] nal_unit_type: 6(SEI), nal_ref_idc: 0
[h264 @ 0x563df2dd2c80] nal_unit_type: 1(Coded slice of a non-IDR picture), nal_ref_idc: 0
[h264 @ 0x563df2dd2c80] nal_unit_type: 1(Coded slice of a non-IDR picture), nal_ref_idc: 0
[h264 @ 0x563df2dd2c80] nal_unit_type: 1(Coded slice of a non-IDR picture), nal_ref_idc: 0
[h264 @ 0x563df2dd2c80] nal_unit_type: 1(Coded slice of a non-IDR picture), nal_ref_idc: 0
[h264 @ 0x563df2dd2c80] ct_type:0 pic_struct:0
[NULL @ 0x563df2dc7240] ct_type:0 pic_struct:0
[h264 @ 0x563df30d9140] nal_unit_type: 9(AUD), nal_ref_idc: 0
[h264 @ 0x563df30d9140] nal_unit_type: 6(SEI), nal_ref_idc: 0
[h264 @ 0x563df30d9140] nal_unit_type: 1(Coded slice of a non-IDR picture), nal_ref_idc: 1
[h264 @ 0x563df30d9140] nal_unit_type: 1(Coded slice of a non-IDR picture), nal_ref_idc: 1
[h264 @ 0x563df30d9140] nal_unit_type: 1(Coded slice of a non-IDR picture), nal_ref_idc: 1
[h264 @ 0x563df30d9140] nal_unit_type: 1(Coded slice of a non-IDR picture), nal_ref_idc: 1
[h264 @ 0x563df30d9140] ct_type:0 pic_struct:0
[NULL @ 0x563df2dc7240] ct_type:0 pic_struct:0
[NULL @ 0x563df2dc7240] ct_type:0 pic_struct:0
[h264 @ 0x563df3152e80] nal_unit_type: 9(AUD), nal_ref_idc: 0
[h264 @ 0x563df3152e80] nal_unit_type: 6(SEI), nal_ref_idc: 0
[h264 @ 0x563df3152e80] nal_unit_type: 1(Coded slice of a non-IDR picture), nal_ref_idc: 0
[h264 @ 0x563df3152e80] nal_unit_type: 1(Coded slice of a non-IDR picture), nal_ref_idc: 0
[h264 @ 0x563df3152e80] nal_unit_type: 1(Coded slice of a non-IDR picture), nal_ref_idc: 0
[h264 @ 0x563df3152e80] nal_unit_type: 1(Coded slice of a non-IDR picture), nal_ref_idc: 0
[h264 @ 0x563df3152e80] ct_type:0 pic_struct:0
[h264 @ 0x563df325ee80] nal_unit_type: 9(AUD), nal_ref_idc: 0
[h264 @ 0x563df325ee80] nal_unit_type: 6(SEI), nal_ref_idc: 0
[h264 @ 0x563df325ee80] nal_unit_type: 1(Coded slice of a non-IDR picture), nal_ref_idc: 0
[h264 @ 0x563df325ee80] nal_unit_type: 1(Coded slice of a non-IDR picture), nal_ref_idc: 0
[h264 @ 0x563df325ee80] nal_unit_type: 1(Coded slice of a non-IDR picture), nal_ref_idc: 0
[h264 @ 0x563df325ee80] nal_unit_type: 1(Coded slice of a non-IDR picture), nal_ref_idc: 0
[h264 @ 0x563df325ee80] ct_type:0 pic_struct:0
[NULL @ 0x563df2dc7240] ct_type:0 pic_struct:0
[h264 @ 0x563df315c300] nal_unit_type: 9(AUD), nal_ref_idc: 0
[h264 @ 0x563df315c300] nal_unit_type: 6(SEI), nal_ref_idc: 0
[h264 @ 0x563df315c300] nal_unit_type: 1(Coded slice of a non-IDR picture), nal_ref_idc: 1
[h264 @ 0x563df315c300] nal_unit_type: 1(Coded slice of a non-IDR picture), nal_ref_idc: 1
[h264 @ 0x563df315c300] nal_unit_type: 1(Coded slice of a non-IDR picture), nal_ref_idc: 1
[h264 @ 0x563df315c300] nal_unit_type: 1(Coded slice of a non-IDR picture), nal_ref_idc: 1
[h264 @ 0x563df315c300] ct_type:0 pic_struct:0
[NULL @ 0x563df2dc7240] ct_type:0 pic_struct:0
[NULL @ 0x563df2dc7240] ct_type:0 pic_struct:0
[h264 @ 0x563df2dd2c80] nal_unit_type: 9(AUD), nal_ref_idc: 0
[h264 @ 0x563df2dd2c80] nal_unit_type: 6(SEI), nal_ref_idc: 0
[h264 @ 0x563df2dd2c80] nal_unit_type: 1(Coded slice of a non-IDR picture), nal_ref_idc: 0
[h264 @ 0x563df2dd2c80] nal_unit_type: 1(Coded slice of a non-IDR picture), nal_ref_idc: 0
[h264 @ 0x563df2dd2c80] nal_unit_type: 1(Coded slice of a non-IDR picture), nal_ref_idc: 0
[h264 @ 0x563df2dd2c80] nal_unit_type: 1(Coded slice of a non-IDR picture), nal_ref_idc: 0
[h264 @ 0x563df2dd2c80] ct_type:0 pic_struct:0
[h264 @ 0x563df30d9140] nal_unit_type: 9(AUD), nal_ref_idc: 0
[h264 @ 0x563df30d9140] nal_unit_type: 6(SEI), nal_ref_idc: 0
[h264 @ 0x563df30d9140] nal_unit_type: 1(Coded slice of a non-IDR picture), nal_ref_idc: 0
[h264 @ 0x563df30d9140] nal_unit_type: 1(Coded slice of a non-IDR picture), nal_ref_idc: 0
[h264 @ 0x563df30d9140] nal_unit_type: 1(Coded slice of a non-IDR picture), nal_ref_idc: 0
[h264 @ 0x563df30d9140] nal_unit_type: 1(Coded slice of a non-IDR picture), nal_ref_idc: 0
[h264 @ 0x563df30d9140] ct_type:0 pic_struct:0
[NULL @ 0x563df2dc7240] ct_type:0 pic_struct:0
[NULL @ 0x563df2dc7240] ct_type:0 pic_struct:0
[h264 @ 0x563df3152e80] nal_unit_type: 9(AUD), nal_ref_idc: 0
[h264 @ 0x563df3152e80] nal_unit_type: 6(SEI), nal_ref_idc: 0
[h264 @ 0x563df3152e80] nal_unit_type: 1(Coded slice of a non-IDR picture), nal_ref_idc: 1
[h264 @ 0x563df3152e80] nal_unit_type: 1(Coded slice of a non-IDR picture), nal_ref_idc: 1
[h264 @ 0x563df3152e80] nal_unit_type: 1(Coded slice of a non-IDR picture), nal_ref_idc: 1
[h264 @ 0x563df3152e80] nal_unit_type: 1(Coded slice of a non-IDR picture), nal_ref_idc: 1
[h264 @ 0x563df3152e80] ct_type:0 pic_struct:0
[h264 @ 0x563df325ee80] nal_unit_type: 9(AUD), nal_ref_idc: 0
[h264 @ 0x563df325ee80] nal_unit_type: 6(SEI), nal_ref_idc: 0
[h264 @ 0x563df325ee80] nal_unit_type: 1(Coded slice of a non-IDR picture), nal_ref_idc: 0
[h264 @ 0x563df325ee80] nal_unit_type: 1(Coded slice of a non-IDR picture), nal_ref_idc: 0
[h264 @ 0x563df325ee80] nal_unit_type: 1(Coded slice of a non-IDR picture), nal_ref_idc: 0
[h264 @ 0x563df325ee80] nal_unit_type: 1(Coded slice of a non-IDR picture), nal_ref_idc: 0
[h264 @ 0x563df325ee80] ct_type:0 pic_struct:0
[NULL @ 0x563df2dc7240] ct_type:0 pic_struct:0
[NULL @ 0x563df2dc7240] ct_type:0 pic_struct:0
[NULL @ 0x563df2dc7240] ct_type:0 pic_struct:0
[h264 @ 0x563df315c300] nal_unit_type: 9(AUD), nal_ref_idc: 0
[h264 @ 0x563df315c300] nal_unit_type: 6(SEI), nal_ref_idc: 0
[h264 @ 0x563df315c300] nal_unit_type: 1(Coded slice of a non-IDR picture), nal_ref_idc: 0
[h264 @ 0x563df315c300] nal_unit_type: 1(Coded slice of a non-IDR picture), nal_ref_idc: 0
[h264 @ 0x563df315c300] nal_unit_type: 1(Coded slice of a non-IDR picture), nal_ref_idc: 0
[h264 @ 0x563df315c300] nal_unit_type: 1(Coded slice of a non-IDR picture), nal_ref_idc: 0
[h264 @ 0x563df315c300] ct_type:0 pic_struct:0
[h264 @ 0x563df2dd2c80] nal_unit_type: 9(AUD), nal_ref_idc: 0
[h264 @ 0x563df2dd2c80] nal_unit_type: 6(SEI), nal_ref_idc: 0
[h264 @ 0x563df2dd2c80] nal_unit_type: 1(Coded slice of a non-IDR picture), nal_ref_idc: 1
[h264 @ 0x563df2dd2c80] nal_unit_type: 1(Coded slice of a non-IDR picture), nal_ref_idc: 1
[h264 @ 0x563df2dd2c80] nal_unit_type: 1(Coded slice of a non-IDR picture), nal_ref_idc: 1
[h264 @ 0x563df2dd2c80] nal_unit_type: 1(Coded slice of a non-IDR picture), nal_ref_idc: 1
[h264 @ 0x563df2dd2c80] ct_type:0 pic_struct:0
[h264 @ 0x563df30d9140] nal_unit_type: 9(AUD), nal_ref_idc: 0
[h264 @ 0x563df30d9140] nal_unit_type: 6(SEI), nal_ref_idc: 0
[h264 @ 0x563df30d9140] nal_unit_type: 1(Coded slice of a non-IDR picture), nal_ref_idc: 0
[h264 @ 0x563df30d9140] nal_unit_type: 1(Coded slice of a non-IDR picture), nal_ref_idc: 0
[h264 @ 0x563df30d9140] nal_unit_type: 1(Coded slice of a non-IDR picture), nal_ref_idc: 0
[h264 @ 0x563df30d9140] nal_unit_type: 1(Coded slice of a non-IDR picture), nal_ref_idc: 0
[h264 @ 0x563df30d9140] ct_type:0 pic_struct:0
[NULL @ 0x563df2dc7240] ct_type:0 pic_struct:0
[h264 @ 0x563df3152e80] nal_unit_type: 9(AUD), nal_ref_idc: 0
[h264 @ 0x563df3152e80] nal_unit_type: 6(SEI), nal_ref_idc: 0
[h264 @ 0x563df3152e80] nal_unit_type: 1(Coded slice of a non-IDR picture), nal_ref_idc: 0
[h264 @ 0x563df3152e80] nal_unit_type: 1(Coded slice of a non-IDR picture), nal_ref_idc: 0
[h264 @ 0x563df3152e80] nal_unit_type: 1(Coded slice of a non-IDR picture), nal_ref_idc: 0
[h264 @ 0x563df3152e80] nal_unit_type: 1(Coded slice of a non-IDR picture), nal_ref_idc: 0
[h264 @ 0x563df3152e80] ct_type:0 pic_struct:0
[NULL @ 0x563df2dc7240] ct_type:0 pic_struct:0
[NULL @ 0x563df2dc7240] ct_type:0 pic_struct:0
[h264 @ 0x563df325ee80] nal_unit_type: 9(AUD), nal_ref_idc: 0
[h264 @ 0x563df325ee80] nal_unit_type: 6(SEI), nal_ref_idc: 0
[h264 @ 0x563df325ee80] nal_unit_type: 1(Coded slice of a non-IDR picture), nal_ref_idc: 1
[h264 @ 0x563df325ee80] nal_unit_type: 1(Coded slice of a non-IDR picture), nal_ref_idc: 1
[h264 @ 0x563df325ee80] nal_unit_type: 1(Coded slice of a non-IDR picture), nal_ref_idc: 1
[h264 @ 0x563df325ee80] nal_unit_type: 1(Coded slice of a non-IDR picture), nal_ref_idc: 1
[h264 @ 0x563df325ee80] ct_type:0 pic_struct:0
[h264 @ 0x563df315c300] nal_unit_type: 9(AUD), nal_ref_idc: 0
[h264 @ 0x563df315c300] nal_unit_type: 6(SEI), nal_ref_idc: 0
[h264 @ 0x563df315c300] nal_unit_type: 1(Coded slice of a non-IDR picture), nal_ref_idc: 0
[h264 @ 0x563df315c300] nal_unit_type: 1(Coded slice of a non-IDR picture), nal_ref_idc: 0
[h264 @ 0x563df315c300] nal_unit_type: 1(Coded slice of a non-IDR picture), nal_ref_idc: 0
[h264 @ 0x563df315c300] nal_unit_type: 1(Coded slice of a non-IDR picture), nal_ref_idc: 0
[h264 @ 0x563df315c300] ct_type:0 pic_struct:0
[NULL @ 0x563df2dc7240] ct_type:0 pic_struct:0
[h264 @ 0x563df2dd2c80] nal_unit_type: 9(AUD), nal_ref_idc: 0
[h264 @ 0x563df2dd2c80] nal_unit_type: 6(SEI), nal_ref_idc: 0
[h264 @ 0x563df2dd2c80] nal_unit_type: 1(Coded slice of a non-IDR picture), nal_ref_idc: 0
[h264 @ 0x563df2dd2c80] nal_unit_type: 1(Coded slice of a non-IDR picture), nal_ref_idc: 0
[h264 @ 0x563df2dd2c80] nal_unit_type: 1(Coded slice of a non-IDR picture), nal_ref_idc: 0
[h264 @ 0x563df2dd2c80] nal_unit_type: 1(Coded slice of a non-IDR picture), nal_ref_idc: 0
[h264 @ 0x563df2dd2c80] ct_type:0 pic_struct:0
[NULL @ 0x563df2dc7240] ct_type:0 pic_struct:0
[h264 @ 0x563df30d9140] nal_unit_type: 9(AUD), nal_ref_idc: 0
[h264 @ 0x563df30d9140] nal_unit_type: 6(SEI), nal_ref_idc: 0
[h264 @ 0x563df30d9140] nal_unit_type: 1(Coded slice of a non-IDR picture), nal_ref_idc: 1
[h264 @ 0x563df30d9140] nal_unit_type: 1(Coded slice of a non-IDR picture), nal_ref_idc: 1
[h264 @ 0x563df30d9140] nal_unit_type: 1(Coded slice of a non-IDR picture), nal_ref_idc: 1
[h264 @ 0x563df30d9140] nal_unit_type: 1(Coded slice of a non-IDR picture), nal_ref_idc: 1
[h264 @ 0x563df30d9140] ct_type:0 pic_struct:0
[NULL @ 0x563df2dc7240] Decoding VUI
[NULL @ 0x563df2dc7240] Decoding VUI
[NULL @ 0x563df2dc7240] ct_type:0 pic_struct:0
[NULL @ 0x563df2dc7240] ct_type:0 pic_struct:0
[h264 @ 0x563df3152e80] nal_unit_type: 9(AUD), nal_ref_idc: 0
[h264 @ 0x563df3152e80] nal_unit_type: 7(SPS), nal_ref_idc: 1
[h264 @ 0x563df3152e80] nal_unit_type: 8(PPS), nal_ref_idc: 1
[NULL @ 0x563df2dc7240] ct_type:0 pic_struct:0
[h264 @ 0x563df3152e80] nal_unit_type: 7(SPS), nal_ref_idc: 1
[h264 @ 0x563df3152e80] nal_unit_type: 8(PPS), nal_ref_idc: 1
[h264 @ 0x563df3152e80] nal_unit_type: 6(SEI), nal_ref_idc: 0
[h264 @ 0x563df3152e80] nal_unit_type: 6(SEI), nal_ref_idc: 0
[h264 @ 0x563df3152e80] nal_unit_type: 5(IDR), nal_ref_idc: 1
[h264 @ 0x563df3152e80] nal_unit_type: 5(IDR), nal_ref_idc: 1
[h264 @ 0x563df3152e80] nal_unit_type: 5(IDR), nal_ref_idc: 1
[h264 @ 0x563df3152e80] nal_unit_type: 5(IDR), nal_ref_idc: 1
[h264 @ 0x563df3152e80] Decoding VUI
[h264 @ 0x563df3152e80] Decoding VUI
[h264 @ 0x563df3152e80] ct_type:0 pic_struct:0
[h264 @ 0x563df325ee80] nal_unit_type: 9(AUD), nal_ref_idc: 0
[h264 @ 0x563df325ee80] nal_unit_type: 6(SEI), nal_ref_idc: 0
[h264 @ 0x563df325ee80] nal_unit_type: 1(Coded slice of a non-IDR picture), nal_ref_idc: 1
[h264 @ 0x563df325ee80] nal_unit_type: 1(Coded slice of a non-IDR picture), nal_ref_idc: 1
[h264 @ 0x563df325ee80] nal_unit_type: 1(Coded slice of a non-IDR picture), nal_ref_idc: 1
[h264 @ 0x563df325ee80] nal_unit_type: 1(Coded slice of a non-IDR picture), nal_ref_idc: 1
[h264 @ 0x563df325ee80] ct_type:0 pic_struct:0
[h264 @ 0x563df315c300] nal_unit_type: 9(AUD), nal_ref_idc: 0
[h264 @ 0x563df315c300] nal_unit_type: 6(SEI), nal_ref_idc: 0
[h264 @ 0x563df315c300] nal_unit_type: 1(Coded slice of a non-IDR picture), nal_ref_idc: 0
[h264 @ 0x563df315c300] nal_unit_type: 1(Coded slice of a non-IDR picture), nal_ref_idc: 0
[h264 @ 0x563df315c300] nal_unit_type: 1(Coded slice of a non-IDR picture), nal_ref_idc: 0
[h264 @ 0x563df315c300] nal_unit_type: 1(Coded slice of a non-IDR picture), nal_ref_idc: 0
[h264 @ 0x563df315c300] ct_type:0 pic_struct:0
[NULL @ 0x563df2dc7240] ct_type:0 pic_struct:0
[h264 @ 0x563df2dd2c80] nal_unit_type: 9(AUD), nal_ref_idc: 0
[h264 @ 0x563df2dd2c80] nal_unit_type: 6(SEI), nal_ref_idc: 0
[h264 @ 0x563df2dd2c80] nal_unit_type: 1(Coded slice of a non-IDR picture), nal_ref_idc: 0
[h264 @ 0x563df2dd2c80] nal_unit_type: 1(Coded slice of a non-IDR picture), nal_ref_idc: 0
[h264 @ 0x563df2dd2c80] nal_unit_type: 1(Coded slice of a non-IDR picture), nal_ref_idc: 0
[h264 @ 0x563df2dd2c80] nal_unit_type: 1(Coded slice of a non-IDR picture), nal_ref_idc: 0
[h264 @ 0x563df2dd2c80] ct_type:0 pic_struct:0
[NULL @ 0x563df2dc7240] ct_type:0 pic_struct:0
[h264 @ 0x563df30d9140] nal_unit_type: 9(AUD), nal_ref_idc: 0
[h264 @ 0x563df30d9140] nal_unit_type: 6(SEI), nal_ref_idc: 0
[h264 @ 0x563df30d9140] nal_unit_type: 1(Coded slice of a non-IDR picture), nal_ref_idc: 1
[h264 @ 0x563df30d9140] nal_unit_type: 1(Coded slice of a non-IDR picture), nal_ref_idc: 1
[h264 @ 0x563df30d9140] nal_unit_type: 1(Coded slice of a non-IDR picture), nal_ref_idc: 1
[h264 @ 0x563df30d9140] nal_unit_type: 1(Coded slice of a non-IDR picture), nal_ref_idc: 1
[h264 @ 0x563df30d9140] ct_type:0 pic_struct:0
[NULL @ 0x563df2dc7240] ct_type:0 pic_struct:0
[h264 @ 0x563df3152e80] nal_unit_type: 9(AUD), nal_ref_idc: 0
[h264 @ 0x563df3152e80] nal_unit_type: 6(SEI), nal_ref_idc: 0
[h264 @ 0x563df3152e80] nal_unit_type: 1(Coded slice of a non-IDR picture), nal_ref_idc: 0
[h264 @ 0x563df3152e80] nal_unit_type: 1(Coded slice of a non-IDR picture), nal_ref_idc: 0
[h264 @ 0x563df3152e80] nal_unit_type: 1(Coded slice of a non-IDR picture), nal_ref_idc: 0
[h264 @ 0x563df3152e80] nal_unit_type: 1(Coded slice of a non-IDR picture), nal_ref_idc: 0
[h264 @ 0x563df3152e80] ct_type:0 pic_struct:0
[NULL @ 0x563df2dc7240] ct_type:0 pic_struct:0
[h264 @ 0x563df325ee80] nal_unit_type: 9(AUD), nal_ref_idc: 0
[h264 @ 0x563df325ee80] nal_unit_type: 6(SEI), nal_ref_idc: 0
[h264 @ 0x563df325ee80] nal_unit_type: 1(Coded slice of a non-IDR picture), nal_ref_idc: 0
[h264 @ 0x563df325ee80] nal_unit_type: 1(Coded slice of a non-IDR picture), nal_ref_idc: 0
[h264 @ 0x563df325ee80] nal_unit_type: 1(Coded slice of a non-IDR picture), nal_ref_idc: 0
[h264 @ 0x563df325ee80] nal_unit_type: 1(Coded slice of a non-IDR picture), nal_ref_idc: 0
[h264 @ 0x563df325ee80] ct_type:0 pic_struct:0
[NULL @ 0x563df2dc7240] ct_type:0 pic_struct:0
[NULL @ 0x563df2dc7240] ct_type:0 pic_struct:0
[h264 @ 0x563df315c300] nal_unit_type: 9(AUD), nal_ref_idc: 0
[h264 @ 0x563df315c300] nal_unit_type: 6(SEI), nal_ref_idc: 0
[h264 @ 0x563df315c300] nal_unit_type: 1(Coded slice of a non-IDR picture), nal_ref_idc: 1
[h264 @ 0x563df315c300] nal_unit_type: 1(Coded slice of a non-IDR picture), nal_ref_idc: 1
[h264 @ 0x563df315c300] nal_unit_type: 1(Coded slice of a non-IDR picture), nal_ref_idc: 1
[h264 @ 0x563df315c300] nal_unit_type: 1(Coded slice of a non-IDR picture), nal_ref_idc: 1
[h264 @ 0x563df315c300] ct_type:0 pic_struct:0
[h264 @ 0x563df2dd2c80] nal_unit_type: 9(AUD), nal_ref_idc: 0
[h264 @ 0x563df2dd2c80] nal_unit_type: 6(SEI), nal_ref_idc: 0
[h264 @ 0x563df2dd2c80] nal_unit_type: 1(Coded slice of a non-IDR picture), nal_ref_idc: 0
[h264 @ 0x563df2dd2c80] nal_unit_type: 1(Coded slice of a non-IDR picture), nal_ref_idc: 0
[h264 @ 0x563df2dd2c80] nal_unit_type: 1(Coded slice of a non-IDR picture), nal_ref_idc: 0
[h264 @ 0x563df2dd2c80] nal_unit_type: 1(Coded slice of a non-IDR picture), nal_ref_idc: 0
[h264 @ 0x563df2dd2c80] ct_type:0 pic_struct:0
[NULL @ 0x563df2dc7240] ct_type:0 pic_struct:0
[NULL @ 0x563df2dc7240] ct_type:0 pic_struct:0
[h264 @ 0x563df30d9140] nal_unit_type: 9(AUD), nal_ref_idc: 0
[h264 @ 0x563df30d9140] nal_unit_type: 6(SEI), nal_ref_idc: 0
[h264 @ 0x563df30d9140] nal_unit_type: 1(Coded slice of a non-IDR picture), nal_ref_idc: 0
[h264 @ 0x563df30d9140] nal_unit_type: 1(Coded slice of a non-IDR picture), nal_ref_idc: 0
[h264 @ 0x563df30d9140] nal_unit_type: 1(Coded slice of a non-IDR picture), nal_ref_idc: 0
[h264 @ 0x563df30d9140] nal_unit_type: 1(Coded slice of a non-IDR picture), nal_ref_idc: 0
[h264 @ 0x563df30d9140] ct_type:0 pic_struct:0
[h264 @ 0x563df3152e80] nal_unit_type: 9(AUD), nal_ref_idc: 0
[h264 @ 0x563df3152e80] nal_unit_type: 6(SEI), nal_ref_idc: 0
[h264 @ 0x563df3152e80] nal_unit_type: 1(Coded slice of a non-IDR picture), nal_ref_idc: 1
[h264 @ 0x563df3152e80] nal_unit_type: 1(Coded slice of a non-IDR picture), nal_ref_idc: 1
[h264 @ 0x563df3152e80] nal_unit_type: 1(Coded slice of a non-IDR picture), nal_ref_idc: 1
[h264 @ 0x563df3152e80] nal_unit_type: 1(Coded slice of a non-IDR picture), nal_ref_idc: 1
[h264 @ 0x563df3152e80] ct_type:0 pic_struct:0
[NULL @ 0x563df2dc7240] ct_type:0 pic_struct:0
[h264 @ 0x563df325ee80] nal_unit_type: 9(AUD), nal_ref_idc: 0
[h264 @ 0x563df325ee80] nal_unit_type: 6(SEI), nal_ref_idc: 0
[h264 @ 0x563df325ee80] nal_unit_type: 1(Coded slice of a non-IDR picture), nal_ref_idc: 0
[h264 @ 0x563df325ee80] nal_unit_type: 1(Coded slice of a non-IDR picture), nal_ref_idc: 0
[h264 @ 0x563df325ee80] nal_unit_type: 1(Coded slice of a non-IDR picture), nal_ref_idc: 0
[h264 @ 0x563df325ee80] nal_unit_type: 1(Coded slice of a non-IDR picture), nal_ref_idc: 0
[h264 @ 0x563df325ee80] ct_type:0 pic_struct:0
[NULL @ 0x563df2dc7240] ct_type:0 pic_struct:0
[NULL @ 0x563df2dc7240] ct_type:0 pic_struct:0
[h264 @ 0x563df315c300] nal_unit_type: 9(AUD), nal_ref_idc: 0
[h264 @ 0x563df315c300] nal_unit_type: 6(SEI), nal_ref_idc: 0
[h264 @ 0x563df315c300] nal_unit_type: 1(Coded slice of a non-IDR picture), nal_ref_idc: 0
[h264 @ 0x563df315c300] nal_unit_type: 1(Coded slice of a non-IDR picture), nal_ref_idc: 0
[h264 @ 0x563df315c300] nal_unit_type: 1(Coded slice of a non-IDR picture), nal_ref_idc: 0
[h264 @ 0x563df315c300] nal_unit_type: 1(Coded slice of a non-IDR picture), nal_ref_idc: 0
[h264 @ 0x563df315c300] ct_type:0 pic_struct:0
[h264 @ 0x563df2dd2c80] nal_unit_type: 9(AUD), nal_ref_idc: 0
[h264 @ 0x563df2dd2c80] nal_unit_type: 6(SEI), nal_ref_idc: 0
[h264 @ 0x563df2dd2c80] nal_unit_type: 1(Coded slice of a non-IDR picture), nal_ref_idc: 1
[h264 @ 0x563df2dd2c80] nal_unit_type: 1(Coded slice of a non-IDR picture), nal_ref_idc: 1
[h264 @ 0x563df2dd2c80] nal_unit_type: 1(Coded slice of a non-IDR picture), nal_ref_idc: 1
[h264 @ 0x563df2dd2c80] nal_unit_type: 1(Coded slice of a non-IDR picture), nal_ref_idc: 1
[h264 @ 0x563df2dd2c80] ct_type:0 pic_struct:0
[NULL @ 0x563df2dc7240] ct_type:0 pic_struct:0
[h264 @ 0x563df30d9140] nal_unit_type: 9(AUD), nal_ref_idc: 0
[h264 @ 0x563df30d9140] nal_unit_type: 6(SEI), nal_ref_idc: 0
[h264 @ 0x563df30d9140] nal_unit_type: 1(Coded slice of a non-IDR picture), nal_ref_idc: 0
[h264 @ 0x563df30d9140] nal_unit_type: 1(Coded slice of a non-IDR picture), nal_ref_idc: 0
[h264 @ 0x563df30d9140] nal_unit_type: 1(Coded slice of a non-IDR picture), nal_ref_idc: 0
[h264 @ 0x563df30d9140] nal_unit_type: 1(Coded slice of a non-IDR picture), nal_ref_idc: 0
[h264 @ 0x563df30d9140] ct_type:0 pic_struct:0
[NULL @ 0x563df2dc7240] ct_type:0 pic_struct:0
[NULL @ 0x563df2dc7240] ct_type:0 pic_struct:0
[h264 @ 0x563df3152e80] nal_unit_type: 9(AUD), nal_ref_idc: 0
[h264 @ 0x563df3152e80] nal_unit_type: 6(SEI), nal_ref_idc: 0
[h264 @ 0x563df3152e80] nal_unit_type: 1(Coded slice of a non-IDR picture), nal_ref_idc: 0
[h264 @ 0x563df3152e80] nal_unit_type: 1(Coded slice of a non-IDR picture), nal_ref_idc: 0
[h264 @ 0x563df3152e80] nal_unit_type: 1(Coded slice of a non-IDR picture), nal_ref_idc: 0
[h264 @ 0x563df3152e80] nal_unit_type: 1(Coded slice of a non-IDR picture), nal_ref_idc: 0
[h264 @ 0x563df3152e80] ct_type:0 pic_struct:0
[h264 @ 0x563df325ee80] nal_unit_type: 9(AUD), nal_ref_idc: 0
[h264 @ 0x563df325ee80] nal_unit_type: 6(SEI), nal_ref_idc: 0
[h264 @ 0x563df325ee80] nal_unit_type: 1(Coded slice of a non-IDR picture), nal_ref_idc: 1
[h264 @ 0x563df325ee80] nal_unit_type: 1(Coded slice of a non-IDR picture), nal_ref_idc: 1
[h264 @ 0x563df325ee80] nal_unit_type: 1(Coded slice of a non-IDR picture), nal_ref_idc: 1
[h264 @ 0x563df325ee80] nal_unit_type: 1(Coded slice of a non-IDR picture), nal_ref_idc: 1
[h264 @ 0x563df325ee80] ct_type:0 pic_struct:0
[NULL @ 0x563df2dc7240] ct_type:0 pic_struct:0
[h264 @ 0x563df315c300] nal_unit_type: 9(AUD), nal_ref_idc: 0
[h264 @ 0x563df315c300] nal_unit_type: 6(SEI), nal_ref_idc: 0
[h264 @ 0x563df315c300] nal_unit_type: 1(Coded slice of a non-IDR picture), nal_ref_idc: 0
[h264 @ 0x563df315c300] nal_unit_type: 1(Coded slice of a non-IDR picture), nal_ref_idc: 0
[h264 @ 0x563df315c300] nal_unit_type: 1(Coded slice of a non-IDR picture), nal_ref_idc: 0
[h264 @ 0x563df315c300] nal_unit_type: 1(Coded slice of a non-IDR picture), nal_ref_idc: 0
[h264 @ 0x563df315c300] ct_type:0 pic_struct:0
[NULL @ 0x563df2dc7240] ct_type:0 pic_struct:0
[NULL @ 0x563df2dc7240] ct_type:0 pic_struct:0
[h264 @ 0x563df2dd2c80] nal_unit_type: 9(AUD), nal_ref_idc: 0
[h264 @ 0x563df2dd2c80] nal_unit_type: 6(SEI), nal_ref_idc: 0
[h264 @ 0x563df2dd2c80] nal_unit_type: 1(Coded slice of a non-IDR picture), nal_ref_idc: 0
[h264 @ 0x563df2dd2c80] nal_unit_type: 1(Coded slice of a non-IDR picture), nal_ref_idc: 0
[h264 @ 0x563df2dd2c80] nal_unit_type: 1(Coded slice of a non-IDR picture), nal_ref_idc: 0
[h264 @ 0x563df2dd2c80] nal_unit_type: 1(Coded slice of a non-IDR picture), nal_ref_idc: 0
[h264 @ 0x563df2dd2c80] ct_type:0 pic_struct:0
[h264 @ 0x563df30d9140] nal_unit_type: 9(AUD), nal_ref_idc: 0
[h264 @ 0x563df30d9140] nal_unit_type: 6(SEI), nal_ref_idc: 0
[h264 @ 0x563df30d9140] nal_unit_type: 1(Coded slice of a non-IDR picture), nal_ref_idc: 1
[h264 @ 0x563df30d9140] nal_unit_type: 1(Coded slice of a non-IDR picture), nal_ref_idc: 1
[h264 @ 0x563df30d9140] nal_unit_type: 1(Coded slice of a non-IDR picture), nal_ref_idc: 1
[h264 @ 0x563df30d9140] nal_unit_type: 1(Coded slice of a non-IDR picture), nal_ref_idc: 1
[h264 @ 0x563df30d9140] ct_type:0 pic_struct:0
[NULL @ 0x563df2dc7240] ct_type:0 pic_struct:0
[h264 @ 0x563df3152e80] nal_unit_type: 9(AUD), nal_ref_idc: 0
[h264 @ 0x563df3152e80] nal_unit_type: 6(SEI), nal_ref_idc: 0
[h264 @ 0x563df3152e80] nal_unit_type: 1(Coded slice of a non-IDR picture), nal_ref_idc: 0
[h264 @ 0x563df3152e80] nal_unit_type: 1(Coded slice of a non-IDR picture), nal_ref_idc: 0
[h264 @ 0x563df3152e80] nal_unit_type: 1(Coded slice of a non-IDR picture), nal_ref_idc: 0
[h264 @ 0x563df3152e80] nal_unit_type: 1(Coded slice of a non-IDR picture), nal_ref_idc: 0
[h264 @ 0x563df3152e80] ct_type:0 pic_struct:0
[NULL @ 0x563df2dc7240] ct_type:0 pic_struct:0
[NULL @ 0x563df2dc7240] ct_type:0 pic_struct:0
[NULL @ 0x563df2dc7240] ct_type:0 pic_struct:0
[h264 @ 0x563df325ee80] nal_unit_type: 9(AUD), nal_ref_idc: 0
[h264 @ 0x563df325ee80] nal_unit_type: 6(SEI), nal_ref_idc: 0
[h264 @ 0x563df325ee80] nal_unit_type: 1(Coded slice of a non-IDR picture), nal_ref_idc: 0
[h264 @ 0x563df325ee80] nal_unit_type: 1(Coded slice of a non-IDR picture), nal_ref_idc: 0
[h264 @ 0x563df325ee80] nal_unit_type: 1(Coded slice of a non-IDR picture), nal_ref_idc: 0
[h264 @ 0x563df325ee80] nal_unit_type: 1(Coded slice of a non-IDR picture), nal_ref_idc: 0
[h264 @ 0x563df325ee80] ct_type:0 pic_struct:0
[h264 @ 0x563df315c300] nal_unit_type: 9(AUD), nal_ref_idc: 0
[h264 @ 0x563df315c300] nal_unit_type: 6(SEI), nal_ref_idc: 0
[h264 @ 0x563df315c300] nal_unit_type: 1(Coded slice of a non-IDR picture), nal_ref_idc: 1
[h264 @ 0x563df315c300] nal_unit_type: 1(Coded slice of a non-IDR picture), nal_ref_idc: 1
[h264 @ 0x563df315c300] nal_unit_type: 1(Coded slice of a non-IDR picture), nal_ref_idc: 1
[h264 @ 0x563df315c300] nal_unit_type: 1(Coded slice of a non-IDR picture), nal_ref_idc: 1
[h264 @ 0x563df315c300] ct_type:0 pic_struct:0
[h264 @ 0x563df2dd2c80] nal_unit_type: 9(AUD), nal_ref_idc: 0
[h264 @ 0x563df2dd2c80] nal_unit_type: 6(SEI), nal_ref_idc: 0
[h264 @ 0x563df2dd2c80] nal_unit_type: 1(Coded slice of a non-IDR picture), nal_ref_idc: 0
[h264 @ 0x563df2dd2c80] nal_unit_type: 1(Coded slice of a non-IDR picture), nal_ref_idc: 0
[h264 @ 0x563df2dd2c80] nal_unit_type: 1(Coded slice of a non-IDR picture), nal_ref_idc: 0
[h264 @ 0x563df2dd2c80] nal_unit_type: 1(Coded slice of a non-IDR picture), nal_ref_idc: 0
[h264 @ 0x563df2dd2c80] ct_type:0 pic_struct:0
[NULL @ 0x563df2dc7240] ct_type:0 pic_struct:0
[h264 @ 0x563df30d9140] nal_unit_type: 9(AUD), nal_ref_idc: 0
[h264 @ 0x563df30d9140] nal_unit_type: 6(SEI), nal_ref_idc: 0
[h264 @ 0x563df30d9140] nal_unit_type: 1(Coded slice of a non-IDR picture), nal_ref_idc: 0
[h264 @ 0x563df30d9140] nal_unit_type: 1(Coded slice of a non-IDR picture), nal_ref_idc: 0
[h264 @ 0x563df30d9140] nal_unit_type: 1(Coded slice of a non-IDR picture), nal_ref_idc: 0
[h264 @ 0x563df30d9140] nal_unit_type: 1(Coded slice of a non-IDR picture), nal_ref_idc: 0
[h264 @ 0x563df30d9140] ct_type:0 pic_struct:0
[NULL @ 0x563df2dc7240] ct_type:0 pic_struct:0
[NULL @ 0x563df2dc7240] ct_type:0 pic_struct:0
[h264 @ 0x563df3152e80] nal_unit_type: 9(AUD), nal_ref_idc: 0
[h264 @ 0x563df3152e80] nal_unit_type: 6(SEI), nal_ref_idc: 0
[h264 @ 0x563df3152e80] nal_unit_type: 1(Coded slice of a non-IDR picture), nal_ref_idc: 1
[h264 @ 0x563df3152e80] nal_unit_type: 1(Coded slice of a non-IDR picture), nal_ref_idc: 1
[h264 @ 0x563df3152e80] nal_unit_type: 1(Coded slice of a non-IDR picture), nal_ref_idc: 1
[h264 @ 0x563df3152e80] nal_unit_type: 1(Coded slice of a non-IDR picture), nal_ref_idc: 1
[h264 @ 0x563df3152e80] ct_type:0 pic_struct:0
[h264 @ 0x563df325ee80] nal_unit_type: 9(AUD), nal_ref_idc: 0
[h264 @ 0x563df325ee80] nal_unit_type: 6(SEI), nal_ref_idc: 0
[h264 @ 0x563df325ee80] nal_unit_type: 1(Coded slice of a non-IDR picture), nal_ref_idc: 0
[h264 @ 0x563df325ee80] nal_unit_type: 1(Coded slice of a non-IDR picture), nal_ref_idc: 0
[h264 @ 0x563df325ee80] nal_unit_type: 1(Coded slice of a non-IDR picture), nal_ref_idc: 0
[h264 @ 0x563df325ee80] nal_unit_type: 1(Coded slice of a non-IDR picture), nal_ref_idc: 0
[h264 @ 0x563df325ee80] ct_type:0 pic_struct:0
[NULL @ 0x563df2dc7240] ct_type:0 pic_struct:0
[h264 @ 0x563df315c300] nal_unit_type: 9(AUD), nal_ref_idc: 0
[h264 @ 0x563df315c300] nal_unit_type: 6(SEI), nal_ref_idc: 0
[h264 @ 0x563df315c300] nal_unit_type: 1(Coded slice of a non-IDR picture), nal_ref_idc: 0
[h264 @ 0x563df315c300] nal_unit_type: 1(Coded slice of a non-IDR picture), nal_ref_idc: 0
[h264 @ 0x563df315c300] nal_unit_type: 1(Coded slice of a non-IDR picture), nal_ref_idc: 0
[h264 @ 0x563df315c300] nal_unit_type: 1(Coded slice of a non-IDR picture), nal_ref_idc: 0
[h264 @ 0x563df315c300] ct_type:0 pic_struct:0
[NULL @ 0x563df2dc7240] ct_type:0 pic_struct:0
[NULL @ 0x563df2dc7240] ct_type:0 pic_struct:0
[h264 @ 0x563df2dd2c80] nal_unit_type: 9(AUD), nal_ref_idc: 0
[h264 @ 0x563df2dd2c80] nal_unit_type: 6(SEI), nal_ref_idc: 0
[h264 @ 0x563df2dd2c80] nal_unit_type: 1(Coded slice of a non-IDR picture), nal_ref_idc: 1
[h264 @ 0x563df2dd2c80] nal_unit_type: 1(Coded slice of a non-IDR picture), nal_ref_idc: 1
[h264 @ 0x563df2dd2c80] nal_unit_type: 1(Coded slice of a non-IDR picture), nal_ref_idc: 1
[h264 @ 0x563df2dd2c80] nal_unit_type: 1(Coded slice of a non-IDR picture), nal_ref_idc: 1
[h264 @ 0x563df2dd2c80] ct_type:0 pic_struct:0
[h264 @ 0x563df30d9140] nal_unit_type: 9(AUD), nal_ref_idc: 0
[h264 @ 0x563df30d9140] nal_unit_type: 6(SEI), nal_ref_idc: 0
[h264 @ 0x563df30d9140] nal_unit_type: 1(Coded slice of a non-IDR picture), nal_ref_idc: 0
[h264 @ 0x563df30d9140] nal_unit_type: 1(Coded slice of a non-IDR picture), nal_ref_idc: 0
[h264 @ 0x563df30d9140] nal_unit_type: 1(Coded slice of a non-IDR picture), nal_ref_idc: 0
[h264 @ 0x563df30d9140] nal_unit_type: 1(Coded slice of a non-IDR picture), nal_ref_idc: 0
[h264 @ 0x563df30d9140] ct_type:0 pic_struct:0
[NULL @ 0x563df2dc7240] ct_type:0 pic_struct:0
[h264 @ 0x563df3152e80] nal_unit_type: 9(AUD), nal_ref_idc: 0
[h264 @ 0x563df3152e80] nal_unit_type: 6(SEI), nal_ref_idc: 0
[h264 @ 0x563df3152e80] nal_unit_type: 1(Coded slice of a non-IDR picture), nal_ref_idc: 0
[h264 @ 0x563df3152e80] nal_unit_type: 1(Coded slice of a non-IDR picture), nal_ref_idc: 0
[h264 @ 0x563df3152e80] nal_unit_type: 1(Coded slice of a non-IDR picture), nal_ref_idc: 0
[h264 @ 0x563df3152e80] nal_unit_type: 1(Coded slice of a non-IDR picture), nal_ref_idc: 0
[h264 @ 0x563df3152e80] ct_type:0 pic_struct:0
[NULL @ 0x563df2dc7240] ct_type:0 pic_struct:0
[NULL @ 0x563df2dc7240] ct_type:0 pic_struct:0
[h264 @ 0x563df325ee80] nal_unit_type: 9(AUD), nal_ref_idc: 0
[h264 @ 0x563df325ee80] nal_unit_type: 6(SEI), nal_ref_idc: 0
[h264 @ 0x563df325ee80] nal_unit_type: 1(Coded slice of a non-IDR picture), nal_ref_idc: 1
[h264 @ 0x563df325ee80] nal_unit_type: 1(Coded slice of a non-IDR picture), nal_ref_idc: 1
[h264 @ 0x563df325ee80] nal_unit_type: 1(Coded slice of a non-IDR picture), nal_ref_idc: 1
[h264 @ 0x563df325ee80] nal_unit_type: 1(Coded slice of a non-IDR picture), nal_ref_idc: 1
[h264 @ 0x563df325ee80] ct_type:0 pic_struct:0
[h264 @ 0x563df315c300] nal_unit_type: 9(AUD), nal_ref_idc: 0
[h264 @ 0x563df315c300] nal_unit_type: 6(SEI), nal_ref_idc: 0
[h264 @ 0x563df315c300] nal_unit_type: 1(Coded slice of a non-IDR picture), nal_ref_idc: 0
[h264 @ 0x563df315c300] nal_unit_type: 1(Coded slice of a non-IDR picture), nal_ref_idc: 0
[h264 @ 0x563df315c300] nal_unit_type: 1(Coded slice of a non-IDR picture), nal_ref_idc: 0
[h264 @ 0x563df315c300] nal_unit_type: 1(Coded slice of a non-IDR picture), nal_ref_idc: 0
[h264 @ 0x563df315c300] ct_type:0 pic_struct:0
[NULL @ 0x563df2dc7240] ct_type:0 pic_struct:0
[NULL @ 0x563df2dc7240] ct_type:0 pic_struct:0
[h264 @ 0x563df2dd2c80] nal_unit_type: 9(AUD), nal_ref_idc: 0
[h264 @ 0x563df2dd2c80] nal_unit_type: 6(SEI), nal_ref_idc: 0
[h264 @ 0x563df2dd2c80] nal_unit_type: 1(Coded slice of a non-IDR picture), nal_ref_idc: 0
[h264 @ 0x563df2dd2c80] nal_unit_type: 1(Coded slice of a non-IDR picture), nal_ref_idc: 0
[h264 @ 0x563df2dd2c80] nal_unit_type: 1(Coded slice of a non-IDR picture), nal_ref_idc: 0
[h264 @ 0x563df2dd2c80] nal_unit_type: 1(Coded slice of a non-IDR picture), nal_ref_idc: 0
[h264 @ 0x563df2dd2c80] ct_type:0 pic_struct:0
[h264 @ 0x563df30d9140] nal_unit_type: 9(AUD), nal_ref_idc: 0
[h264 @ 0x563df30d9140] nal_unit_type: 6(SEI), nal_ref_idc: 0
[h264 @ 0x563df30d9140] nal_unit_type: 1(Coded slice of a non-IDR picture), nal_ref_idc: 1
[h264 @ 0x563df30d9140] nal_unit_type: 1(Coded slice of a non-IDR picture), nal_ref_idc: 1
[h264 @ 0x563df30d9140] nal_unit_type: 1(Coded slice of a non-IDR picture), nal_ref_idc: 1
[h264 @ 0x563df30d9140] nal_unit_type: 1(Coded slice of a non-IDR picture), nal_ref_idc: 1
[h264 @ 0x563df30d9140] ct_type:0 pic_struct:0
[NULL @ 0x563df2dc7240] ct_type:0 pic_struct:0
[h264 @ 0x563df3152e80] nal_unit_type: 9(AUD), nal_ref_idc: 0
[h264 @ 0x563df3152e80] nal_unit_type: 6(SEI), nal_ref_idc: 0
[h264 @ 0x563df3152e80] nal_unit_type: 1(Coded slice of a non-IDR picture), nal_ref_idc: 0
[h264 @ 0x563df3152e80] nal_unit_type: 1(Coded slice of a non-IDR picture), nal_ref_idc: 0
[h264 @ 0x563df3152e80] nal_unit_type: 1(Coded slice of a non-IDR picture), nal_ref_idc: 0
[h264 @ 0x563df3152e80] nal_unit_type: 1(Coded slice of a non-IDR picture), nal_ref_idc: 0
[h264 @ 0x563df3152e80] ct_type:0 pic_struct:0
[NULL @ 0x563df2dc7240] ct_type:0 pic_struct:0
[NULL @ 0x563df2dc7240] ct_type:0 pic_struct:0
[h264 @ 0x563df325ee80] nal_unit_type: 9(AUD), nal_ref_idc: 0
[h264 @ 0x563df325ee80] nal_unit_type: 6(SEI), nal_ref_idc: 0
[h264 @ 0x563df325ee80] nal_unit_type: 1(Coded slice of a non-IDR picture), nal_ref_idc: 0
[h264 @ 0x563df325ee80] nal_unit_type: 1(Coded slice of a non-IDR picture), nal_ref_idc: 0
[h264 @ 0x563df325ee80] nal_unit_type: 1(Coded slice of a non-IDR picture), nal_ref_idc: 0
[h264 @ 0x563df325ee80] nal_unit_type: 1(Coded slice of a non-IDR picture), nal_ref_idc: 0
[h264 @ 0x563df325ee80] ct_type:0 pic_struct:0
[h264 @ 0x563df315c300] nal_unit_type: 9(AUD), nal_ref_idc: 0
[h264 @ 0x563df315c300] nal_unit_type: 6(SEI), nal_ref_idc: 0
[h264 @ 0x563df315c300] nal_unit_type: 1(Coded slice of a non-IDR picture), nal_ref_idc: 1
[h264 @ 0x563df315c300] nal_unit_type: 1(Coded slice of a non-IDR picture), nal_ref_idc: 1
[h264 @ 0x563df315c300] nal_unit_type: 1(Coded slice of a non-IDR picture), nal_ref_idc: 1
[h264 @ 0x563df315c300] nal_unit_type: 1(Coded slice of a non-IDR picture), nal_ref_idc: 1
[h264 @ 0x563df315c300] ct_type:0 pic_struct:0
[NULL @ 0x563df2dc7240] ct_type:0 pic_struct:0
[NULL @ 0x563df2dc7240] ct_type:0 pic_struct:0
[h264 @ 0x563df2dd2c80] nal_unit_type: 9(AUD), nal_ref_idc: 0
[h264 @ 0x563df2dd2c80] nal_unit_type: 6(SEI), nal_ref_idc: 0
[h264 @ 0x563df2dd2c80] nal_unit_type: 1(Coded slice of a non-IDR picture), nal_ref_idc: 0
[h264 @ 0x563df2dd2c80] nal_unit_type: 1(Coded slice of a non-IDR picture), nal_ref_idc: 0
[h264 @ 0x563df2dd2c80] nal_unit_type: 1(Coded slice of a non-IDR picture), nal_ref_idc: 0
[h264 @ 0x563df2dd2c80] nal_unit_type: 1(Coded slice of a non-IDR picture), nal_ref_idc: 0
[h264 @ 0x563df2dd2c80] ct_type:0 pic_struct:0
[h264 @ 0x563df30d9140] nal_unit_type: 9(AUD), nal_ref_idc: 0
[h264 @ 0x563df30d9140] nal_unit_type: 6(SEI), nal_ref_idc: 0
[h264 @ 0x563df30d9140] nal_unit_type: 1(Coded slice of a non-IDR picture), nal_ref_idc: 0
[h264 @ 0x563df30d9140] nal_unit_type: 1(Coded slice of a non-IDR picture), nal_ref_idc: 0
[h264 @ 0x563df30d9140] nal_unit_type: 1(Coded slice of a non-IDR picture), nal_ref_idc: 0
[h264 @ 0x563df30d9140] nal_unit_type: 1(Coded slice of a non-IDR picture), nal_ref_idc: 0
[h264 @ 0x563df30d9140] ct_type:0 pic_struct:0
[NULL @ 0x563df2dc7240] ct_type:0 pic_struct:0
[h264 @ 0x563df3152e80] nal_unit_type: 9(AUD), nal_ref_idc: 0
[h264 @ 0x563df3152e80] nal_unit_type: 6(SEI), nal_ref_idc: 0
[h264 @ 0x563df3152e80] nal_unit_type: 1(Coded slice of a non-IDR picture), nal_ref_idc: 1
[h264 @ 0x563df3152e80] nal_unit_type: 1(Coded slice of a non-IDR picture), nal_ref_idc: 1
[h264 @ 0x563df3152e80] nal_unit_type: 1(Coded slice of a non-IDR picture), nal_ref_idc: 1
[h264 @ 0x563df3152e80] nal_unit_type: 1(Coded slice of a non-IDR picture), nal_ref_idc: 1
[h264 @ 0x563df3152e80] ct_type:0 pic_struct:0
[NULL @ 0x563df2dc7240] ct_type:0 pic_struct:0
[NULL @ 0x563df2dc7240] ct_type:0 pic_struct:0
[h264 @ 0x563df325ee80] nal_unit_type: 9(AUD), nal_ref_idc: 0
[h264 @ 0x563df325ee80] nal_unit_type: 6(SEI), nal_ref_idc: 0
[h264 @ 0x563df325ee80] nal_unit_type: 1(Coded slice of a non-IDR picture), nal_ref_idc: 0
[h264 @ 0x563df325ee80] nal_unit_type: 1(Coded slice of a non-IDR picture), nal_ref_idc: 0
[h264 @ 0x563df325ee80] nal_unit_type: 1(Coded slice of a non-IDR picture), nal_ref_idc: 0
[h264 @ 0x563df325ee80] nal_unit_type: 1(Coded slice of a non-IDR picture), nal_ref_idc: 0
[h264 @ 0x563df325ee80] ct_type:0 pic_struct:0
[h264 @ 0x563df315c300] nal_unit_type: 9(AUD), nal_ref_idc: 0
[h264 @ 0x563df315c300] nal_unit_type: 6(SEI), nal_ref_idc: 0
[h264 @ 0x563df315c300] nal_unit_type: 1(Coded slice of a non-IDR picture), nal_ref_idc: 0
[h264 @ 0x563df315c300] nal_unit_type: 1(Coded slice of a non-IDR picture), nal_ref_idc: 0
[h264 @ 0x563df315c300] nal_unit_type: 1(Coded slice of a non-IDR picture), nal_ref_idc: 0
[h264 @ 0x563df315c300] nal_unit_type: 1(Coded slice of a non-IDR picture), nal_ref_idc: 0
[h264 @ 0x563df315c300] ct_type:0 pic_struct:0
[NULL @ 0x563df2dc7240] ct_type:0 pic_struct:0
[h264 @ 0x563df2dd2c80] nal_unit_type: 9(AUD), nal_ref_idc: 0
[h264 @ 0x563df2dd2c80] nal_unit_type: 6(SEI), nal_ref_idc: 0
[h264 @ 0x563df2dd2c80] nal_unit_type: 1(Coded slice of a non-IDR picture), nal_ref_idc: 1
[h264 @ 0x563df2dd2c80] nal_unit_type: 1(Coded slice of a non-IDR picture), nal_ref_idc: 1
[h264 @ 0x563df2dd2c80] nal_unit_type: 1(Coded slice of a non-IDR picture), nal_ref_idc: 1
[h264 @ 0x563df2dd2c80] nal_unit_type: 1(Coded slice of a non-IDR picture), nal_ref_idc: 1
[h264 @ 0x563df2dd2c80] ct_type:0 pic_struct:0
[NULL @ 0x563df2dc7240] ct_type:0 pic_struct:0
[h264 @ 0x563df30d9140] nal_unit_type: 9(AUD), nal_ref_idc: 0
[h264 @ 0x563df30d9140] nal_unit_type: 6(SEI), nal_ref_idc: 0
[h264 @ 0x563df30d9140] nal_unit_type: 1(Coded slice of a non-IDR picture), nal_ref_idc: 0
[h264 @ 0x563df30d9140] nal_unit_type: 1(Coded slice of a non-IDR picture), nal_ref_idc: 0
[h264 @ 0x563df30d9140] nal_unit_type: 1(Coded slice of a non-IDR picture), nal_ref_idc: 0
[h264 @ 0x563df30d9140] nal_unit_type: 1(Coded slice of a non-IDR picture), nal_ref_idc: 0
[h264 @ 0x563df30d9140] ct_type:0 pic_struct:0
[NULL @ 0x563df2dc7240] ct_type:0 pic_struct:0
[h264 @ 0x563df3152e80] nal_unit_type: 9(AUD), nal_ref_idc: 0
[h264 @ 0x563df3152e80] nal_unit_type: 6(SEI), nal_ref_idc: 0
[h264 @ 0x563df3152e80] nal_unit_type: 1(Coded slice of a non-IDR picture), nal_ref_idc: 0
[h264 @ 0x563df3152e80] nal_unit_type: 1(Coded slice of a non-IDR picture), nal_ref_idc: 0
[h264 @ 0x563df3152e80] nal_unit_type: 1(Coded slice of a non-IDR picture), nal_ref_idc: 0
[h264 @ 0x563df3152e80] nal_unit_type: 1(Coded slice of a non-IDR picture), nal_ref_idc: 0
[h264 @ 0x563df3152e80] ct_type:0 pic_struct:0
[NULL @ 0x563df2dc7240] ct_type:0 pic_struct:0
[h264 @ 0x563df325ee80] nal_unit_type: 9(AUD), nal_ref_idc: 0
[h264 @ 0x563df325ee80] nal_unit_type: 6(SEI), nal_ref_idc: 0
[h264 @ 0x563df325ee80] nal_unit_type: 1(Coded slice of a non-IDR picture), nal_ref_idc: 1
[h264 @ 0x563df325ee80] nal_unit_type: 1(Coded slice of a non-IDR picture), nal_ref_idc: 1
[h264 @ 0x563df325ee80] nal_unit_type: 1(Coded slice of a non-IDR picture), nal_ref_idc: 1
[h264 @ 0x563df325ee80] nal_unit_type: 1(Coded slice of a non-IDR picture), nal_ref_idc: 1
[h264 @ 0x563df325ee80] ct_type:0 pic_struct:0
[NULL @ 0x563df2dc7240] ct_type:0 pic_struct:0
[NULL @ 0x563df2dc7240] ct_type:0 pic_struct:0
[h264 @ 0x563df315c300] nal_unit_type: 9(AUD), nal_ref_idc: 0
[h264 @ 0x563df315c300] nal_unit_type: 6(SEI), nal_ref_idc: 0
[h264 @ 0x563df315c300] nal_unit_type: 1(Coded slice of a non-IDR picture), nal_ref_idc: 0
[h264 @ 0x563df315c300] nal_unit_type: 1(Coded slice of a non-IDR picture), nal_ref_idc: 0
[h264 @ 0x563df315c300] nal_unit_type: 1(Coded slice of a non-IDR picture), nal_ref_idc: 0
[h264 @ 0x563df315c300] nal_unit_type: 1(Coded slice of a non-IDR picture), nal_ref_idc: 0
[h264 @ 0x563df315c300] ct_type:0 pic_struct:0
[h264 @ 0x563df2dd2c80] nal_unit_type: 9(AUD), nal_ref_idc: 0
[h264 @ 0x563df2dd2c80] nal_unit_type: 6(SEI), nal_ref_idc: 0
[h264 @ 0x563df2dd2c80] nal_unit_type: 1(Coded slice of a non-IDR picture), nal_ref_idc: 0
[h264 @ 0x563df2dd2c80] nal_unit_type: 1(Coded slice of a non-IDR picture), nal_ref_idc: 0
[h264 @ 0x563df2dd2c80] nal_unit_type: 1(Coded slice of a non-IDR picture), nal_ref_idc: 0
[h264 @ 0x563df2dd2c80] nal_unit_type: 1(Coded slice of a non-IDR picture), nal_ref_idc: 0
[h264 @ 0x563df2dd2c80] ct_type:0 pic_struct:0
[NULL @ 0x563df2dc7240] ct_type:0 pic_struct:0
[NULL @ 0x563df2dc7240] Decoding VUI
[h264 @ 0x563df30d9140] nal_unit_type: 9(AUD), nal_ref_idc: 0
[h264 @ 0x563df30d9140] nal_unit_type: 6(SEI), nal_ref_idc: 0
[h264 @ 0x563df30d9140] nal_unit_type: 1(Coded slice of a non-IDR picture), nal_ref_idc: 1
[h264 @ 0x563df30d9140] nal_unit_type: 1(Coded slice of a non-IDR picture), nal_ref_idc: 1
[h264 @ 0x563df30d9140] nal_unit_type: 1(Coded slice of a non-IDR picture), nal_ref_idc: 1
[h264 @ 0x563df30d9140] nal_unit_type: 1(Coded slice of a non-IDR picture), nal_ref_idc: 1
[h264 @ 0x563df30d9140] ct_type:0 pic_struct:0
[NULL @ 0x563df2dc7240] Decoding VUI
[NULL @ 0x563df2dc7240] ct_type:0 pic_struct:0
[NULL @ 0x563df2dc7240] ct_type:0 pic_struct:0
[h264 @ 0x563df3152e80] nal_unit_type: 9(AUD), nal_ref_idc: 0
[h264 @ 0x563df3152e80] nal_unit_type: 7(SPS), nal_ref_idc: 1
[h264 @ 0x563df3152e80] nal_unit_type: 8(PPS), nal_ref_idc: 1
[h264 @ 0x563df3152e80] nal_unit_type: 7(SPS), nal_ref_idc: 1
[h264 @ 0x563df3152e80] nal_unit_type: 8(PPS), nal_ref_idc: 1
[h264 @ 0x563df3152e80] nal_unit_type: 6(SEI), nal_ref_idc: 0
[h264 @ 0x563df3152e80] nal_unit_type: 6(SEI), nal_ref_idc: 0
[h264 @ 0x563df3152e80] nal_unit_type: 5(IDR), nal_ref_idc: 1
[h264 @ 0x563df3152e80] nal_unit_type: 5(IDR), nal_ref_idc: 1
[h264 @ 0x563df3152e80] nal_unit_type: 5(IDR), nal_ref_idc: 1
[h264 @ 0x563df3152e80] nal_unit_type: 5(IDR), nal_ref_idc: 1
[h264 @ 0x563df3152e80] Decoding VUI
[h264 @ 0x563df3152e80] Decoding VUI
[h264 @ 0x563df3152e80] ct_type:0 pic_struct:0
[h264 @ 0x563df325ee80] nal_unit_type: 9(AUD), nal_ref_idc: 0
[h264 @ 0x563df325ee80] nal_unit_type: 6(SEI), nal_ref_idc: 0
[h264 @ 0x563df325ee80] nal_unit_type: 1(Coded slice of a non-IDR picture), nal_ref_idc: 1
[h264 @ 0x563df325ee80] nal_unit_type: 1(Coded slice of a non-IDR picture), nal_ref_idc: 1
[h264 @ 0x563df325ee80] nal_unit_type: 1(Coded slice of a non-IDR picture), nal_ref_idc: 1
[h264 @ 0x563df325ee80] nal_unit_type: 1(Coded slice of a non-IDR picture), nal_ref_idc: 1
[h264 @ 0x563df325ee80] ct_type:0 pic_struct:0
[NULL @ 0x563df2dc7240] ct_type:0 pic_struct:0
[h264 @ 0x563df315c300] nal_unit_type: 9(AUD), nal_ref_idc: 0
[h264 @ 0x563df315c300] nal_unit_type: 6(SEI), nal_ref_idc: 0
[h264 @ 0x563df315c300] nal_unit_type: 1(Coded slice of a non-IDR picture), nal_ref_idc: 0
[h264 @ 0x563df315c300] nal_unit_type: 1(Coded slice of a non-IDR picture), nal_ref_idc: 0
[h264 @ 0x563df315c300] nal_unit_type: 1(Coded slice of a non-IDR picture), nal_ref_idc: 0
[h264 @ 0x563df315c300] nal_unit_type: 1(Coded slice of a non-IDR picture), nal_ref_idc: 0
[h264 @ 0x563df315c300] ct_type:0 pic_struct:0
[NULL @ 0x563df2dc7240] ct_type:0 pic_struct:0
[NULL @ 0x563df2dc7240] ct_type:0 pic_struct:0
[NULL @ 0x563df2dc7240] ct_type:0 pic_struct:0
[h264 @ 0x563df2dd2c80] nal_unit_type: 9(AUD), nal_ref_idc: 0
[h264 @ 0x563df2dd2c80] nal_unit_type: 6(SEI), nal_ref_idc: 0
[h264 @ 0x563df2dd2c80] nal_unit_type: 1(Coded slice of a non-IDR picture), nal_ref_idc: 0
[h264 @ 0x563df2dd2c80] nal_unit_type: 1(Coded slice of a non-IDR picture), nal_ref_idc: 0
[h264 @ 0x563df2dd2c80] nal_unit_type: 1(Coded slice of a non-IDR picture), nal_ref_idc: 0
[h264 @ 0x563df2dd2c80] nal_unit_type: 1(Coded slice of a non-IDR picture), nal_ref_idc: 0
[h264 @ 0x563df2dd2c80] ct_type:0 pic_struct:0
[h264 @ 0x563df30d9140] nal_unit_type: 9(AUD), nal_ref_idc: 0
[h264 @ 0x563df30d9140] nal_unit_type: 6(SEI), nal_ref_idc: 0
[h264 @ 0x563df30d9140] nal_unit_type: 1(Coded slice of a non-IDR picture), nal_ref_idc: 1
[h264 @ 0x563df30d9140] nal_unit_type: 1(Coded slice of a non-IDR picture), nal_ref_idc: 1
[h264 @ 0x563df30d9140] nal_unit_type: 1(Coded slice of a non-IDR picture), nal_ref_idc: 1
[h264 @ 0x563df30d9140] nal_unit_type: 1(Coded slice of a non-IDR picture), nal_ref_idc: 1
[h264 @ 0x563df30d9140] ct_type:0 pic_struct:0
[h264 @ 0x563df3152e80] nal_unit_type: 9(AUD), nal_ref_idc: 0
[h264 @ 0x563df3152e80] nal_unit_type: 6(SEI), nal_ref_idc: 0
[h264 @ 0x563df3152e80] nal_unit_type: 1(Coded slice of a non-IDR picture), nal_ref_idc: 0
[h264 @ 0x563df3152e80] nal_unit_type: 1(Coded slice of a non-IDR picture), nal_ref_idc: 0
[h264 @ 0x563df3152e80] nal_unit_type: 1(Coded slice of a non-IDR picture), nal_ref_idc: 0
[h264 @ 0x563df3152e80] nal_unit_type: 1(Coded slice of a non-IDR picture), nal_ref_idc: 0
[h264 @ 0x563df3152e80] ct_type:0 pic_struct:0
frame=  100 fps=0.0 q=-0.0 size=N/A time=00:00:04.20 bitrate=N/A speed=7.98x    [NULL @ 0x563df2dc7240] ct_type:0 pic_struct:0
[NULL @ 0x563df2dc7240] ct_type:0 pic_struct:0
[NULL @ 0x563df2dc7240] ct_type:0 pic_struct:0
[h264 @ 0x563df325ee80] nal_unit_type: 9(AUD), nal_ref_idc: 0
[h264 @ 0x563df325ee80] nal_unit_type: 6(SEI), nal_ref_idc: 0
[h264 @ 0x563df325ee80] nal_unit_type: 1(Coded slice of a non-IDR picture), nal_ref_idc: 0
[h264 @ 0x563df325ee80] nal_unit_type: 1(Coded slice of a non-IDR picture), nal_ref_idc: 0
[h264 @ 0x563df325ee80] nal_unit_type: 1(Coded slice of a non-IDR picture), nal_ref_idc: 0
[h264 @ 0x563df325ee80] nal_unit_type: 1(Coded slice of a non-IDR picture), nal_ref_idc: 0
[h264 @ 0x563df325ee80] ct_type:0 pic_struct:0
[h264 @ 0x563df315c300] nal_unit_type: 9(AUD), nal_ref_idc: 0
[h264 @ 0x563df315c300] nal_unit_type: 6(SEI), nal_ref_idc: 0
[h264 @ 0x563df315c300] nal_unit_type: 1(Coded slice of a non-IDR picture), nal_ref_idc: 1
[h264 @ 0x563df315c300] nal_unit_type: 1(Coded slice of a non-IDR picture), nal_ref_idc: 1
[h264 @ 0x563df315c300] nal_unit_type: 1(Coded slice of a non-IDR picture), nal_ref_idc: 1
[h264 @ 0x563df315c300] nal_unit_type: 1(Coded slice of a non-IDR picture), nal_ref_idc: 1
[h264 @ 0x563df315c300] ct_type:0 pic_struct:0
[h264 @ 0x563df2dd2c80] nal_unit_type: 9(AUD), nal_ref_idc: 0
[h264 @ 0x563df2dd2c80] nal_unit_type: 6(SEI), nal_ref_idc: 0
[h264 @ 0x563df2dd2c80] nal_unit_type: 1(Coded slice of a non-IDR picture), nal_ref_idc: 0
[h264 @ 0x563df2dd2c80] nal_unit_type: 1(Coded slice of a non-IDR picture), nal_ref_idc: 0
[h264 @ 0x563df2dd2c80] nal_unit_type: 1(Coded slice of a non-IDR picture), nal_ref_idc: 0
[h264 @ 0x563df2dd2c80] nal_unit_type: 1(Coded slice of a non-IDR picture), nal_ref_idc: 0
[h264 @ 0x563df2dd2c80] ct_type:0 pic_struct:0
[NULL @ 0x563df2dc7240] ct_type:0 pic_struct:0
[NULL @ 0x563df2dc7240] ct_type:0 pic_struct:0
[NULL @ 0x563df2dc7240] ct_type:0 pic_struct:0
[h264 @ 0x563df30d9140] nal_unit_type: 9(AUD), nal_ref_idc: 0
[h264 @ 0x563df30d9140] nal_unit_type: 6(SEI), nal_ref_idc: 0
[h264 @ 0x563df30d9140] nal_unit_type: 1(Coded slice of a non-IDR picture), nal_ref_idc: 0
[h264 @ 0x563df30d9140] nal_unit_type: 1(Coded slice of a non-IDR picture), nal_ref_idc: 0
[h264 @ 0x563df30d9140] nal_unit_type: 1(Coded slice of a non-IDR picture), nal_ref_idc: 0
[h264 @ 0x563df30d9140] nal_unit_type: 1(Coded slice of a non-IDR picture), nal_ref_idc: 0
[h264 @ 0x563df30d9140] ct_type:0 pic_struct:0
[h264 @ 0x563df3152e80] nal_unit_type: 9(AUD), nal_ref_idc: 0
[h264 @ 0x563df3152e80] nal_unit_type: 6(SEI), nal_ref_idc: 0
[h264 @ 0x563df3152e80] nal_unit_type: 1(Coded slice of a non-IDR picture), nal_ref_idc: 1
[h264 @ 0x563df3152e80] nal_unit_type: 1(Coded slice of a non-IDR picture), nal_ref_idc: 1
[h264 @ 0x563df3152e80] nal_unit_type: 1(Coded slice of a non-IDR picture), nal_ref_idc: 1
[h264 @ 0x563df3152e80] nal_unit_type: 1(Coded slice of a non-IDR picture), nal_ref_idc: 1
[h264 @ 0x563df3152e80] ct_type:0 pic_struct:0
[NULL @ 0x563df2dc7240] ct_type:0 pic_struct:0
[h264 @ 0x563df325ee80] nal_unit_type: 9(AUD), nal_ref_idc: 0
[h264 @ 0x563df325ee80] nal_unit_type: 6(SEI), nal_ref_idc: 0
[h264 @ 0x563df325ee80] nal_unit_type: 1(Coded slice of a non-IDR picture), nal_ref_idc: 0
[h264 @ 0x563df325ee80] nal_unit_type: 1(Coded slice of a non-IDR picture), nal_ref_idc: 0
[h264 @ 0x563df325ee80] nal_unit_type: 1(Coded slice of a non-IDR picture), nal_ref_idc: 0
[h264 @ 0x563df325ee80] nal_unit_type: 1(Coded slice of a non-IDR picture), nal_ref_idc: 0
[h264 @ 0x563df325ee80] ct_type:0 pic_struct:0
[NULL @ 0x563df2dc7240] ct_type:0 pic_struct:0
[h264 @ 0x563df315c300] nal_unit_type: 9(AUD), nal_ref_idc: 0
[h264 @ 0x563df315c300] nal_unit_type: 6(SEI), nal_ref_idc: 0
[h264 @ 0x563df315c300] nal_unit_type: 1(Coded slice of a non-IDR picture), nal_ref_idc: 0
[h264 @ 0x563df315c300] nal_unit_type: 1(Coded slice of a non-IDR picture), nal_ref_idc: 0
[h264 @ 0x563df315c300] nal_unit_type: 1(Coded slice of a non-IDR picture), nal_ref_idc: 0
[h264 @ 0x563df315c300] nal_unit_type: 1(Coded slice of a non-IDR picture), nal_ref_idc: 0
[h264 @ 0x563df315c300] ct_type:0 pic_struct:0
[h264 @ 0x563df2dd2c80] nal_unit_type: 9(AUD), nal_ref_idc: 0
[h264 @ 0x563df2dd2c80] nal_unit_type: 6(SEI), nal_ref_idc: 0
[h264 @ 0x563df2dd2c80] nal_unit_type: 1(Coded slice of a non-IDR picture), nal_ref_idc: 1
[h264 @ 0x563df2dd2c80] nal_unit_type: 1(Coded slice of a non-IDR picture), nal_ref_idc: 1
[h264 @ 0x563df2dd2c80] nal_unit_type: 1(Coded slice of a non-IDR picture), nal_ref_idc: 1
[h264 @ 0x563df2dd2c80] nal_unit_type: 1(Coded slice of a non-IDR picture), nal_ref_idc: 1
[h264 @ 0x563df2dd2c80] ct_type:0 pic_struct:0
[NULL @ 0x563df2dc7240] ct_type:0 pic_struct:0
[h264 @ 0x563df30d9140] nal_unit_type: 9(AUD), nal_ref_idc: 0
[h264 @ 0x563df30d9140] nal_unit_type: 6(SEI), nal_ref_idc: 0
[h264 @ 0x563df30d9140] nal_unit_type: 1(Coded slice of a non-IDR picture), nal_ref_idc: 0
[h264 @ 0x563df30d9140] nal_unit_type: 1(Coded slice of a non-IDR picture), nal_ref_idc: 0
[h264 @ 0x563df30d9140] nal_unit_type: 1(Coded slice of a non-IDR picture), nal_ref_idc: 0
[h264 @ 0x563df30d9140] nal_unit_type: 1(Coded slice of a non-IDR picture), nal_ref_idc: 0
[h264 @ 0x563df30d9140] ct_type:0 pic_struct:0
[NULL @ 0x563df2dc7240] ct_type:0 pic_struct:0
[NULL @ 0x563df2dc7240] ct_type:0 pic_struct:0
[h264 @ 0x563df3152e80] nal_unit_type: 9(AUD), nal_ref_idc: 0
[h264 @ 0x563df3152e80] nal_unit_type: 6(SEI), nal_ref_idc: 0
[h264 @ 0x563df3152e80] nal_unit_type: 1(Coded slice of a non-IDR picture), nal_ref_idc: 0
[h264 @ 0x563df3152e80] nal_unit_type: 1(Coded slice of a non-IDR picture), nal_ref_idc: 0
[h264 @ 0x563df3152e80] nal_unit_type: 1(Coded slice of a non-IDR picture), nal_ref_idc: 0
[h264 @ 0x563df3152e80] nal_unit_type: 1(Coded slice of a non-IDR picture), nal_ref_idc: 0
[h264 @ 0x563df3152e80] ct_type:0 pic_struct:0
[h264 @ 0x563df325ee80] nal_unit_type: 9(AUD), nal_ref_idc: 0
[h264 @ 0x563df325ee80] nal_unit_type: 6(SEI), nal_ref_idc: 0
[h264 @ 0x563df325ee80] nal_unit_type: 1(Coded slice of a non-IDR picture), nal_ref_idc: 1
[h264 @ 0x563df325ee80] nal_unit_type: 1(Coded slice of a non-IDR picture), nal_ref_idc: 1
[h264 @ 0x563df325ee80] nal_unit_type: 1(Coded slice of a non-IDR picture), nal_ref_idc: 1
[h264 @ 0x563df325ee80] nal_unit_type: 1(Coded slice of a non-IDR picture), nal_ref_idc: 1
[h264 @ 0x563df325ee80] ct_type:0 pic_struct:0
[NULL @ 0x563df2dc7240] ct_type:0 pic_struct:0
[h264 @ 0x563df315c300] nal_unit_type: 9(AUD), nal_ref_idc: 0
[h264 @ 0x563df315c300] nal_unit_type: 6(SEI), nal_ref_idc: 0
[h264 @ 0x563df315c300] nal_unit_type: 1(Coded slice of a non-IDR picture), nal_ref_idc: 0
[h264 @ 0x563df315c300] nal_unit_type: 1(Coded slice of a non-IDR picture), nal_ref_idc: 0
[h264 @ 0x563df315c300] nal_unit_type: 1(Coded slice of a non-IDR picture), nal_ref_idc: 0
[h264 @ 0x563df315c300] nal_unit_type: 1(Coded slice of a non-IDR picture), nal_ref_idc: 0
[h264 @ 0x563df315c300] ct_type:0 pic_struct:0
[NULL @ 0x563df2dc7240] ct_type:0 pic_struct:0
[NULL @ 0x563df2dc7240] ct_type:0 pic_struct:0
[h264 @ 0x563df2dd2c80] nal_unit_type: 9(AUD), nal_ref_idc: 0
[h264 @ 0x563df2dd2c80] nal_unit_type: 6(SEI), nal_ref_idc: 0
[h264 @ 0x563df2dd2c80] nal_unit_type: 1(Coded slice of a non-IDR picture), nal_ref_idc: 0
[h264 @ 0x563df2dd2c80] nal_unit_type: 1(Coded slice of a non-IDR picture), nal_ref_idc: 0
[h264 @ 0x563df2dd2c80] nal_unit_type: 1(Coded slice of a non-IDR picture), nal_ref_idc: 0
[h264 @ 0x563df2dd2c80] nal_unit_type: 1(Coded slice of a non-IDR picture), nal_ref_idc: 0
[h264 @ 0x563df2dd2c80] ct_type:0 pic_struct:0
[h264 @ 0x563df30d9140] nal_unit_type: 9(AUD), nal_ref_idc: 0
[h264 @ 0x563df30d9140] nal_unit_type: 6(SEI), nal_ref_idc: 0
[h264 @ 0x563df30d9140] nal_unit_type: 1(Coded slice of a non-IDR picture), nal_ref_idc: 1
[h264 @ 0x563df30d9140] nal_unit_type: 1(Coded slice of a non-IDR picture), nal_ref_idc: 1
[h264 @ 0x563df30d9140] nal_unit_type: 1(Coded slice of a non-IDR picture), nal_ref_idc: 1
[h264 @ 0x563df30d9140] nal_unit_type: 1(Coded slice of a non-IDR picture), nal_ref_idc: 1
[h264 @ 0x563df30d9140] ct_type:0 pic_struct:0
[NULL @ 0x563df2dc7240] ct_type:0 pic_struct:0
[h264 @ 0x563df3152e80] nal_unit_type: 9(AUD), nal_ref_idc: 0
[h264 @ 0x563df3152e80] nal_unit_type: 6(SEI), nal_ref_idc: 0
[h264 @ 0x563df3152e80] nal_unit_type: 1(Coded slice of a non-IDR picture), nal_ref_idc: 0
[h264 @ 0x563df3152e80] nal_unit_type: 1(Coded slice of a non-IDR picture), nal_ref_idc: 0
[h264 @ 0x563df3152e80] nal_unit_type: 1(Coded slice of a non-IDR picture), nal_ref_idc: 0
[h264 @ 0x563df3152e80] nal_unit_type: 1(Coded slice of a non-IDR picture), nal_ref_idc: 0
[h264 @ 0x563df3152e80] ct_type:0 pic_struct:0
[NULL @ 0x563df2dc7240] ct_type:0 pic_struct:0
[NULL @ 0x563df2dc7240] ct_type:0 pic_struct:0
[h264 @ 0x563df325ee80] nal_unit_type: 9(AUD), nal_ref_idc: 0
[h264 @ 0x563df325ee80] nal_unit_type: 6(SEI), nal_ref_idc: 0
[h264 @ 0x563df325ee80] nal_unit_type: 1(Coded slice of a non-IDR picture), nal_ref_idc: 0
[h264 @ 0x563df325ee80] nal_unit_type: 1(Coded slice of a non-IDR picture), nal_ref_idc: 0
[h264 @ 0x563df325ee80] nal_unit_type: 1(Coded slice of a non-IDR picture), nal_ref_idc: 0
[h264 @ 0x563df325ee80] nal_unit_type: 1(Coded slice of a non-IDR picture), nal_ref_idc: 0
[h264 @ 0x563df325ee80] ct_type:0 pic_struct:0
[h264 @ 0x563df315c300] nal_unit_type: 9(AUD), nal_ref_idc: 0
[h264 @ 0x563df315c300] nal_unit_type: 6(SEI), nal_ref_idc: 0
[h264 @ 0x563df315c300] nal_unit_type: 1(Coded slice of a non-IDR picture), nal_ref_idc: 1
[h264 @ 0x563df315c300] nal_unit_type: 1(Coded slice of a non-IDR picture), nal_ref_idc: 1
[h264 @ 0x563df315c300] nal_unit_type: 1(Coded slice of a non-IDR picture), nal_ref_idc: 1
[h264 @ 0x563df315c300] nal_unit_type: 1(Coded slice of a non-IDR picture), nal_ref_idc: 1
[h264 @ 0x563df315c300] ct_type:0 pic_struct:0
[NULL @ 0x563df2dc7240] ct_type:0 pic_struct:0
[h264 @ 0x563df2dd2c80] nal_unit_type: 9(AUD), nal_ref_idc: 0
[h264 @ 0x563df2dd2c80] nal_unit_type: 6(SEI), nal_ref_idc: 0
[h264 @ 0x563df2dd2c80] nal_unit_type: 1(Coded slice of a non-IDR picture), nal_ref_idc: 0
[h264 @ 0x563df2dd2c80] nal_unit_type: 1(Coded slice of a non-IDR picture), nal_ref_idc: 0
[h264 @ 0x563df2dd2c80] nal_unit_type: 1(Coded slice of a non-IDR picture), nal_ref_idc: 0
[h264 @ 0x563df2dd2c80] nal_unit_type: 1(Coded slice of a non-IDR picture), nal_ref_idc: 0
[h264 @ 0x563df2dd2c80] ct_type:0 pic_struct:0
[NULL @ 0x563df2dc7240] ct_type:0 pic_struct:0
[NULL @ 0x563df2dc7240] ct_type:0 pic_struct:0
[h264 @ 0x563df30d9140] nal_unit_type: 9(AUD), nal_ref_idc: 0
[h264 @ 0x563df30d9140] nal_unit_type: 6(SEI), nal_ref_idc: 0
[h264 @ 0x563df30d9140] nal_unit_type: 1(Coded slice of a non-IDR picture), nal_ref_idc: 0
[h264 @ 0x563df30d9140] nal_unit_type: 1(Coded slice of a non-IDR picture), nal_ref_idc: 0
[h264 @ 0x563df30d9140] nal_unit_type: 1(Coded slice of a non-IDR picture), nal_ref_idc: 0
[h264 @ 0x563df30d9140] nal_unit_type: 1(Coded slice of a non-IDR picture), nal_ref_idc: 0
[h264 @ 0x563df30d9140] ct_type:0 pic_struct:0
[h264 @ 0x563df3152e80] nal_unit_type: 9(AUD), nal_ref_idc: 0
[h264 @ 0x563df3152e80] nal_unit_type: 6(SEI), nal_ref_idc: 0
[h264 @ 0x563df3152e80] nal_unit_type: 1(Coded slice of a non-IDR picture), nal_ref_idc: 1
[h264 @ 0x563df3152e80] nal_unit_type: 1(Coded slice of a non-IDR picture), nal_ref_idc: 1
[h264 @ 0x563df3152e80] nal_unit_type: 1(Coded slice of a non-IDR picture), nal_ref_idc: 1
[h264 @ 0x563df3152e80] nal_unit_type: 1(Coded slice of a non-IDR picture), nal_ref_idc: 1
[h264 @ 0x563df3152e80] ct_type:0 pic_struct:0
[NULL @ 0x563df2dc7240] ct_type:0 pic_struct:0
[h264 @ 0x563df325ee80] nal_unit_type: 9(AUD), nal_ref_idc: 0
[h264 @ 0x563df325ee80] nal_unit_type: 6(SEI), nal_ref_idc: 0
[h264 @ 0x563df325ee80] nal_unit_type: 1(Coded slice of a non-IDR picture), nal_ref_idc: 0
[h264 @ 0x563df325ee80] nal_unit_type: 1(Coded slice of a non-IDR picture), nal_ref_idc: 0
[h264 @ 0x563df325ee80] nal_unit_type: 1(Coded slice of a non-IDR picture), nal_ref_idc: 0
[h264 @ 0x563df325ee80] nal_unit_type: 1(Coded slice of a non-IDR picture), nal_ref_idc: 0
[h264 @ 0x563df325ee80] ct_type:0 pic_struct:0
[NULL @ 0x563df2dc7240] ct_type:0 pic_struct:0
[NULL @ 0x563df2dc7240] ct_type:0 pic_struct:0
[NULL @ 0x563df2dc7240] ct_type:0 pic_struct:0
[h264 @ 0x563df315c300] nal_unit_type: 9(AUD), nal_ref_idc: 0
[h264 @ 0x563df315c300] nal_unit_type: 6(SEI), nal_ref_idc: 0
[h264 @ 0x563df315c300] nal_unit_type: 1(Coded slice of a non-IDR picture), nal_ref_idc: 0
[h264 @ 0x563df315c300] nal_unit_type: 1(Coded slice of a non-IDR picture), nal_ref_idc: 0
[h264 @ 0x563df315c300] nal_unit_type: 1(Coded slice of a non-IDR picture), nal_ref_idc: 0
[h264 @ 0x563df315c300] nal_unit_type: 1(Coded slice of a non-IDR picture), nal_ref_idc: 0
[h264 @ 0x563df315c300] ct_type:0 pic_struct:0
[h264 @ 0x563df2dd2c80] nal_unit_type: 9(AUD), nal_ref_idc: 0
[h264 @ 0x563df2dd2c80] nal_unit_type: 6(SEI), nal_ref_idc: 0
[h264 @ 0x563df2dd2c80] nal_unit_type: 1(Coded slice of a non-IDR picture), nal_ref_idc: 1
[h264 @ 0x563df2dd2c80] nal_unit_type: 1(Coded slice of a non-IDR picture), nal_ref_idc: 1
[h264 @ 0x563df2dd2c80] nal_unit_type: 1(Coded slice of a non-IDR picture), nal_ref_idc: 1
[h264 @ 0x563df2dd2c80] nal_unit_type: 1(Coded slice of a non-IDR picture), nal_ref_idc: 1
[h264 @ 0x563df2dd2c80] ct_type:0 pic_struct:0
[h264 @ 0x563df30d9140] nal_unit_type: 9(AUD), nal_ref_idc: 0
[h264 @ 0x563df30d9140] nal_unit_type: 6(SEI), nal_ref_idc: 0
[h264 @ 0x563df30d9140] nal_unit_type: 1(Coded slice of a non-IDR picture), nal_ref_idc: 0
[h264 @ 0x563df30d9140] nal_unit_type: 1(Coded slice of a non-IDR picture), nal_ref_idc: 0
[h264 @ 0x563df30d9140] nal_unit_type: 1(Coded slice of a non-IDR picture), nal_ref_idc: 0
[h264 @ 0x563df30d9140] nal_unit_type: 1(Coded slice of a non-IDR picture), nal_ref_idc: 0
[h264 @ 0x563df30d9140] ct_type:0 pic_struct:0
[NULL @ 0x563df2dc7240] ct_type:0 pic_struct:0
[NULL @ 0x563df2dc7240] ct_type:0 pic_struct:0
[NULL @ 0x563df2dc7240] ct_type:0 pic_struct:0
[h264 @ 0x563df3152e80] nal_unit_type: 9(AUD), nal_ref_idc: 0
[h264 @ 0x563df3152e80] nal_unit_type: 6(SEI), nal_ref_idc: 0
[h264 @ 0x563df3152e80] nal_unit_type: 1(Coded slice of a non-IDR picture), nal_ref_idc: 0
[h264 @ 0x563df3152e80] nal_unit_type: 1(Coded slice of a non-IDR picture), nal_ref_idc: 0
[h264 @ 0x563df3152e80] nal_unit_type: 1(Coded slice of a non-IDR picture), nal_ref_idc: 0
[h264 @ 0x563df3152e80] nal_unit_type: 1(Coded slice of a non-IDR picture), nal_ref_idc: 0
[h264 @ 0x563df3152e80] ct_type:0 pic_struct:0
[h264 @ 0x563df325ee80] nal_unit_type: 9(AUD), nal_ref_idc: 0
[h264 @ 0x563df325ee80] nal_unit_type: 6(SEI), nal_ref_idc: 0
[h264 @ 0x563df325ee80] nal_unit_type: 1(Coded slice of a non-IDR picture), nal_ref_idc: 1
[h264 @ 0x563df325ee80] nal_unit_type: 1(Coded slice of a non-IDR picture), nal_ref_idc: 1
[h264 @ 0x563df325ee80] nal_unit_type: 1(Coded slice of a non-IDR picture), nal_ref_idc: 1
[h264 @ 0x563df325ee80] nal_unit_type: 1(Coded slice of a non-IDR picture), nal_ref_idc: 1
[h264 @ 0x563df325ee80] ct_type:0 pic_struct:0
[h264 @ 0x563df315c300] nal_unit_type: 9(AUD), nal_ref_idc: 0
[h264 @ 0x563df315c300] nal_unit_type: 6(SEI), nal_ref_idc: 0
[h264 @ 0x563df315c300] nal_unit_type: 1(Coded slice of a non-IDR picture), nal_ref_idc: 0
[h264 @ 0x563df315c300] nal_unit_type: 1(Coded slice of a non-IDR picture), nal_ref_idc: 0
[h264 @ 0x563df315c300] nal_unit_type: 1(Coded slice of a non-IDR picture), nal_ref_idc: 0
[h264 @ 0x563df315c300] nal_unit_type: 1(Coded slice of a non-IDR picture), nal_ref_idc: 0
[h264 @ 0x563df315c300] ct_type:0 pic_struct:0
[NULL @ 0x563df2dc7240] ct_type:0 pic_struct:0
[h264 @ 0x563df2dd2c80] nal_unit_type: 9(AUD), nal_ref_idc: 0
[h264 @ 0x563df2dd2c80] nal_unit_type: 6(SEI), nal_ref_idc: 0
[h264 @ 0x563df2dd2c80] nal_unit_type: 1(Coded slice of a non-IDR picture), nal_ref_idc: 0
[h264 @ 0x563df2dd2c80] nal_unit_type: 1(Coded slice of a non-IDR picture), nal_ref_idc: 0
[h264 @ 0x563df2dd2c80] nal_unit_type: 1(Coded slice of a non-IDR picture), nal_ref_idc: 0
[h264 @ 0x563df2dd2c80] nal_unit_type: 1(Coded slice of a non-IDR picture), nal_ref_idc: 0
[NULL @ 0x563df2dc7240] ct_type:0 pic_struct:0
[h264 @ 0x563df2dd2c80] ct_type:0 pic_struct:0
[NULL @ 0x563df2dc7240] ct_type:0 pic_struct:0
[h264 @ 0x563df30d9140] nal_unit_type: 9(AUD), nal_ref_idc: 0
[h264 @ 0x563df30d9140] nal_unit_type: 6(SEI), nal_ref_idc: 0
[h264 @ 0x563df30d9140] nal_unit_type: 1(Coded slice of a non-IDR picture), nal_ref_idc: 1
[h264 @ 0x563df30d9140] nal_unit_type: 1(Coded slice of a non-IDR picture), nal_ref_idc: 1
[h264 @ 0x563df30d9140] nal_unit_type: 1(Coded slice of a non-IDR picture), nal_ref_idc: 1
[h264 @ 0x563df30d9140] nal_unit_type: 1(Coded slice of a non-IDR picture), nal_ref_idc: 1
[h264 @ 0x563df30d9140] ct_type:0 pic_struct:0
[h264 @ 0x563df3152e80] nal_unit_type: 9(AUD), nal_ref_idc: 0
[h264 @ 0x563df3152e80] nal_unit_type: 6(SEI), nal_ref_idc: 0
[h264 @ 0x563df3152e80] nal_unit_type: 1(Coded slice of a non-IDR picture), nal_ref_idc: 0
[h264 @ 0x563df3152e80] nal_unit_type: 1(Coded slice of a non-IDR picture), nal_ref_idc: 0
[h264 @ 0x563df3152e80] nal_unit_type: 1(Coded slice of a non-IDR picture), nal_ref_idc: 0
[h264 @ 0x563df3152e80] nal_unit_type: 1(Coded slice of a non-IDR picture), nal_ref_idc: 0
[h264 @ 0x563df3152e80] ct_type:0 pic_struct:0
[NULL @ 0x563df2dc7240] ct_type:0 pic_struct:0
[NULL @ 0x563df2dc7240] ct_type:0 pic_struct:0
[h264 @ 0x563df325ee80] nal_unit_type: 9(AUD), nal_ref_idc: 0
[h264 @ 0x563df325ee80] nal_unit_type: 6(SEI), nal_ref_idc: 0
[h264 @ 0x563df325ee80] nal_unit_type: 1(Coded slice of a non-IDR picture), nal_ref_idc: 0
[h264 @ 0x563df325ee80] nal_unit_type: 1(Coded slice of a non-IDR picture), nal_ref_idc: 0
[h264 @ 0x563df325ee80] nal_unit_type: 1(Coded slice of a non-IDR picture), nal_ref_idc: 0
[h264 @ 0x563df325ee80] nal_unit_type: 1(Coded slice of a non-IDR picture), nal_ref_idc: 0
[h264 @ 0x563df325ee80] ct_type:0 pic_struct:0
[h264 @ 0x563df315c300] nal_unit_type: 9(AUD), nal_ref_idc: 0
[h264 @ 0x563df315c300] nal_unit_type: 6(SEI), nal_ref_idc: 0
[h264 @ 0x563df315c300] nal_unit_type: 1(Coded slice of a non-IDR picture), nal_ref_idc: 1
[h264 @ 0x563df315c300] nal_unit_type: 1(Coded slice of a non-IDR picture), nal_ref_idc: 1
[h264 @ 0x563df315c300] nal_unit_type: 1(Coded slice of a non-IDR picture), nal_ref_idc: 1
[h264 @ 0x563df315c300] nal_unit_type: 1(Coded slice of a non-IDR picture), nal_ref_idc: 1
[h264 @ 0x563df315c300] ct_type:0 pic_struct:0
[NULL @ 0x563df2dc7240] ct_type:0 pic_struct:0
[h264 @ 0x563df2dd2c80] nal_unit_type: 9(AUD), nal_ref_idc: 0
[h264 @ 0x563df2dd2c80] nal_unit_type: 6(SEI), nal_ref_idc: 0
[h264 @ 0x563df2dd2c80] nal_unit_type: 1(Coded slice of a non-IDR picture), nal_ref_idc: 0
[h264 @ 0x563df2dd2c80] nal_unit_type: 1(Coded slice of a non-IDR picture), nal_ref_idc: 0
[h264 @ 0x563df2dd2c80] nal_unit_type: 1(Coded slice of a non-IDR picture), nal_ref_idc: 0
[h264 @ 0x563df2dd2c80] nal_unit_type: 1(Coded slice of a non-IDR picture), nal_ref_idc: 0
[h264 @ 0x563df2dd2c80] ct_type:0 pic_struct:0
[NULL @ 0x563df2dc7240] ct_type:0 pic_struct:0
[NULL @ 0x563df2dc7240] ct_type:0 pic_struct:0
[h264 @ 0x563df30d9140] nal_unit_type: 9(AUD), nal_ref_idc: 0
[h264 @ 0x563df30d9140] nal_unit_type: 6(SEI), nal_ref_idc: 0
[h264 @ 0x563df30d9140] nal_unit_type: 1(Coded slice of a non-IDR picture), nal_ref_idc: 0
[h264 @ 0x563df30d9140] nal_unit_type: 1(Coded slice of a non-IDR picture), nal_ref_idc: 0
[h264 @ 0x563df30d9140] nal_unit_type: 1(Coded slice of a non-IDR picture), nal_ref_idc: 0
[h264 @ 0x563df30d9140] nal_unit_type: 1(Coded slice of a non-IDR picture), nal_ref_idc: 0
[h264 @ 0x563df30d9140] ct_type:0 pic_struct:0
[h264 @ 0x563df3152e80] nal_unit_type: 9(AUD), nal_ref_idc: 0
[h264 @ 0x563df3152e80] nal_unit_type: 6(SEI), nal_ref_idc: 0
[h264 @ 0x563df3152e80] nal_unit_type: 1(Coded slice of a non-IDR picture), nal_ref_idc: 1
[h264 @ 0x563df3152e80] nal_unit_type: 1(Coded slice of a non-IDR picture), nal_ref_idc: 1
[h264 @ 0x563df3152e80] nal_unit_type: 1(Coded slice of a non-IDR picture), nal_ref_idc: 1
[h264 @ 0x563df3152e80] nal_unit_type: 1(Coded slice of a non-IDR picture), nal_ref_idc: 1
[h264 @ 0x563df3152e80] ct_type:0 pic_struct:0
[NULL @ 0x563df2dc7240] ct_type:0 pic_struct:0
[h264 @ 0x563df325ee80] nal_unit_type: 9(AUD), nal_ref_idc: 0
[h264 @ 0x563df325ee80] nal_unit_type: 6(SEI), nal_ref_idc: 0
[h264 @ 0x563df325ee80] nal_unit_type: 1(Coded slice of a non-IDR picture), nal_ref_idc: 0
[h264 @ 0x563df325ee80] nal_unit_type: 1(Coded slice of a non-IDR picture), nal_ref_idc: 0
[h264 @ 0x563df325ee80] nal_unit_type: 1(Coded slice of a non-IDR picture), nal_ref_idc: 0
[h264 @ 0x563df325ee80] nal_unit_type: 1(Coded slice of a non-IDR picture), nal_ref_idc: 0
[h264 @ 0x563df325ee80] ct_type:0 pic_struct:0
[NULL @ 0x563df2dc7240] ct_type:0 pic_struct:0
[NULL @ 0x563df2dc7240] ct_type:0 pic_struct:0
[h264 @ 0x563df315c300] nal_unit_type: 9(AUD), nal_ref_idc: 0
[h264 @ 0x563df315c300] nal_unit_type: 6(SEI), nal_ref_idc: 0
[h264 @ 0x563df315c300] nal_unit_type: 1(Coded slice of a non-IDR picture), nal_ref_idc: 0
[h264 @ 0x563df315c300] nal_unit_type: 1(Coded slice of a non-IDR picture), nal_ref_idc: 0
[h264 @ 0x563df315c300] nal_unit_type: 1(Coded slice of a non-IDR picture), nal_ref_idc: 0
[h264 @ 0x563df315c300] nal_unit_type: 1(Coded slice of a non-IDR picture), nal_ref_idc: 0
[h264 @ 0x563df315c300] ct_type:0 pic_struct:0
[NULL @ 0x563df2dc7240] ct_type:0 pic_struct:0
[NULL @ 0x563df2dc7240] ct_type:0 pic_struct:0
[h264 @ 0x563df2dd2c80] nal_unit_type: 9(AUD), nal_ref_idc: 0
[h264 @ 0x563df2dd2c80] nal_unit_type: 6(SEI), nal_ref_idc: 0
[h264 @ 0x563df2dd2c80] nal_unit_type: 1(Coded slice of a non-IDR picture), nal_ref_idc: 1
[h264 @ 0x563df2dd2c80] nal_unit_type: 1(Coded slice of a non-IDR picture), nal_ref_idc: 1
[h264 @ 0x563df2dd2c80] nal_unit_type: 1(Coded slice of a non-IDR picture), nal_ref_idc: 1
[h264 @ 0x563df2dd2c80] nal_unit_type: 1(Coded slice of a non-IDR picture), nal_ref_idc: 1
[h264 @ 0x563df2dd2c80] ct_type:0 pic_struct:0
[h264 @ 0x563df30d9140] nal_unit_type: 9(AUD), nal_ref_idc: 0
[h264 @ 0x563df30d9140] nal_unit_type: 6(SEI), nal_ref_idc: 0
[h264 @ 0x563df30d9140] nal_unit_type: 1(Coded slice of a non-IDR picture), nal_ref_idc: 0
[h264 @ 0x563df30d9140] nal_unit_type: 1(Coded slice of a non-IDR picture), nal_ref_idc: 0
[h264 @ 0x563df30d9140] nal_unit_type: 1(Coded slice of a non-IDR picture), nal_ref_idc: 0
[h264 @ 0x563df30d9140] nal_unit_type: 1(Coded slice of a non-IDR picture), nal_ref_idc: 0
[h264 @ 0x563df30d9140] ct_type:0 pic_struct:0
[h264 @ 0x563df3152e80] nal_unit_type: 9(AUD), nal_ref_idc: 0
[h264 @ 0x563df3152e80] nal_unit_type: 6(SEI), nal_ref_idc: 0
[h264 @ 0x563df3152e80] nal_unit_type: 1(Coded slice of a non-IDR picture), nal_ref_idc: 0
[h264 @ 0x563df3152e80] nal_unit_type: 1(Coded slice of a non-IDR picture), nal_ref_idc: 0
[h264 @ 0x563df3152e80] nal_unit_type: 1(Coded slice of a non-IDR picture), nal_ref_idc: 0
[h264 @ 0x563df3152e80] nal_unit_type: 1(Coded slice of a non-IDR picture), nal_ref_idc: 0
[h264 @ 0x563df3152e80] ct_type:0 pic_struct:0
[NULL @ 0x563df2dc7240] ct_type:0 pic_struct:0
[h264 @ 0x563df325ee80] nal_unit_type: 9(AUD), nal_ref_idc: 0
[h264 @ 0x563df325ee80] nal_unit_type: 6(SEI), nal_ref_idc: 0
[h264 @ 0x563df325ee80] nal_unit_type: 1(Coded slice of a non-IDR picture), nal_ref_idc: 1
[h264 @ 0x563df325ee80] nal_unit_type: 1(Coded slice of a non-IDR picture), nal_ref_idc: 1
[h264 @ 0x563df325ee80] nal_unit_type: 1(Coded slice of a non-IDR picture), nal_ref_idc: 1
[h264 @ 0x563df325ee80] nal_unit_type: 1(Coded slice of a non-IDR picture), nal_ref_idc: 1
[h264 @ 0x563df325ee80] ct_type:0 pic_struct:0
[NULL @ 0x563df2dc7240] ct_type:0 pic_struct:0
[NULL @ 0x563df2dc7240] ct_type:0 pic_struct:0
[h264 @ 0x563df315c300] nal_unit_type: 9(AUD), nal_ref_idc: 0
[h264 @ 0x563df315c300] nal_unit_type: 6(SEI), nal_ref_idc: 0
[h264 @ 0x563df315c300] nal_unit_type: 1(Coded slice of a non-IDR picture), nal_ref_idc: 0
[h264 @ 0x563df315c300] nal_unit_type: 1(Coded slice of a non-IDR picture), nal_ref_idc: 0
[h264 @ 0x563df315c300] nal_unit_type: 1(Coded slice of a non-IDR picture), nal_ref_idc: 0
[h264 @ 0x563df315c300] nal_unit_type: 1(Coded slice of a non-IDR picture), nal_ref_idc: 0
[h264 @ 0x563df315c300] ct_type:0 pic_struct:0
[h264 @ 0x563df2dd2c80] nal_unit_type: 9(AUD), nal_ref_idc: 0
[h264 @ 0x563df2dd2c80] nal_unit_type: 6(SEI), nal_ref_idc: 0
[h264 @ 0x563df2dd2c80] nal_unit_type: 1(Coded slice of a non-IDR picture), nal_ref_idc: 0
[h264 @ 0x563df2dd2c80] nal_unit_type: 1(Coded slice of a non-IDR picture), nal_ref_idc: 0
[h264 @ 0x563df2dd2c80] nal_unit_type: 1(Coded slice of a non-IDR picture), nal_ref_idc: 0
[h264 @ 0x563df2dd2c80] nal_unit_type: 1(Coded slice of a non-IDR picture), nal_ref_idc: 0
[h264 @ 0x563df2dd2c80] ct_type:0 pic_struct:0
[NULL @ 0x563df2dc7240] ct_type:0 pic_struct:0
[NULL @ 0x563df2dc7240] Decoding VUI
[NULL @ 0x563df2dc7240] Decoding VUI
[NULL @ 0x563df2dc7240] ct_type:0 pic_struct:0
[NULL @ 0x563df2dc7240] ct_type:0 pic_struct:0
[h264 @ 0x563df30d9140] nal_unit_type: 9(AUD), nal_ref_idc: 0
[h264 @ 0x563df30d9140] nal_unit_type: 6(SEI), nal_ref_idc: 0
[h264 @ 0x563df30d9140] nal_unit_type: 1(Coded slice of a non-IDR picture), nal_ref_idc: 1
[h264 @ 0x563df30d9140] nal_unit_type: 1(Coded slice of a non-IDR picture), nal_ref_idc: 1
[h264 @ 0x563df30d9140] nal_unit_type: 1(Coded slice of a non-IDR picture), nal_ref_idc: 1
[h264 @ 0x563df30d9140] nal_unit_type: 1(Coded slice of a non-IDR picture), nal_ref_idc: 1
[h264 @ 0x563df30d9140] ct_type:0 pic_struct:0
[h264 @ 0x563df3152e80] nal_unit_type: 9(AUD), nal_ref_idc: 0
[h264 @ 0x563df3152e80] nal_unit_type: 7(SPS), nal_ref_idc: 1
[h264 @ 0x563df3152e80] nal_unit_type: 8(PPS), nal_ref_idc: 1
[h264 @ 0x563df3152e80] nal_unit_type: 7(SPS), nal_ref_idc: 1
[h264 @ 0x563df3152e80] nal_unit_type: 8(PPS), nal_ref_idc: 1
[h264 @ 0x563df3152e80] nal_unit_type: 6(SEI), nal_ref_idc: 0
[h264 @ 0x563df3152e80] nal_unit_type: 6(SEI), nal_ref_idc: 0
[h264 @ 0x563df3152e80] nal_unit_type: 5(IDR), nal_ref_idc: 1
[h264 @ 0x563df3152e80] nal_unit_type: 5(IDR), nal_ref_idc: 1
[h264 @ 0x563df3152e80] nal_unit_type: 5(IDR), nal_ref_idc: 1
[h264 @ 0x563df3152e80] nal_unit_type: 5(IDR), nal_ref_idc: 1
[h264 @ 0x563df3152e80] Decoding VUI
[h264 @ 0x563df3152e80] Decoding VUI
[h264 @ 0x563df3152e80] ct_type:0 pic_struct:0
[h264 @ 0x563df325ee80] nal_unit_type: 9(AUD), nal_ref_idc: 0
[h264 @ 0x563df325ee80] nal_unit_type: 6(SEI), nal_ref_idc: 0
[h264 @ 0x563df325ee80] nal_unit_type: 1(Coded slice of a non-IDR picture), nal_ref_idc: 1
[h264 @ 0x563df325ee80] nal_unit_type: 1(Coded slice of a non-IDR picture), nal_ref_idc: 1
[h264 @ 0x563df325ee80] nal_unit_type: 1(Coded slice of a non-IDR picture), nal_ref_idc: 1
[h264 @ 0x563df325ee80] nal_unit_type: 1(Coded slice of a non-IDR picture), nal_ref_idc: 1
[h264 @ 0x563df325ee80] ct_type:0 pic_struct:0
[NULL @ 0x563df2dc7240] ct_type:0 pic_struct:0
[h264 @ 0x563df315c300] nal_unit_type: 9(AUD), nal_ref_idc: 0
[h264 @ 0x563df315c300] nal_unit_type: 6(SEI), nal_ref_idc: 0
[h264 @ 0x563df315c300] nal_unit_type: 1(Coded slice of a non-IDR picture), nal_ref_idc: 0
[h264 @ 0x563df315c300] nal_unit_type: 1(Coded slice of a non-IDR picture), nal_ref_idc: 0
[h264 @ 0x563df315c300] nal_unit_type: 1(Coded slice of a non-IDR picture), nal_ref_idc: 0
[h264 @ 0x563df315c300] nal_unit_type: 1(Coded slice of a non-IDR picture), nal_ref_idc: 0
[h264 @ 0x563df315c300] ct_type:0 pic_struct:0
[NULL @ 0x563df2dc7240] ct_type:0 pic_struct:0
[NULL @ 0x563df2dc7240] ct_type:0 pic_struct:0
[h264 @ 0x563df2dd2c80] nal_unit_type: 9(AUD), nal_ref_idc: 0
[h264 @ 0x563df2dd2c80] nal_unit_type: 6(SEI), nal_ref_idc: 0
[h264 @ 0x563df2dd2c80] nal_unit_type: 1(Coded slice of a non-IDR picture), nal_ref_idc: 0
[h264 @ 0x563df2dd2c80] nal_unit_type: 1(Coded slice of a non-IDR picture), nal_ref_idc: 0
[h264 @ 0x563df2dd2c80] nal_unit_type: 1(Coded slice of a non-IDR picture), nal_ref_idc: 0
[h264 @ 0x563df2dd2c80] nal_unit_type: 1(Coded slice of a non-IDR picture), nal_ref_idc: 0
[h264 @ 0x563df2dd2c80] ct_type:0 pic_struct:0
[h264 @ 0x563df30d9140] nal_unit_type: 9(AUD), nal_ref_idc: 0
[h264 @ 0x563df30d9140] nal_unit_type: 6(SEI), nal_ref_idc: 0
[h264 @ 0x563df30d9140] nal_unit_type: 1(Coded slice of a non-IDR picture), nal_ref_idc: 1
[h264 @ 0x563df30d9140] nal_unit_type: 1(Coded slice of a non-IDR picture), nal_ref_idc: 1
[h264 @ 0x563df30d9140] nal_unit_type: 1(Coded slice of a non-IDR picture), nal_ref_idc: 1
[h264 @ 0x563df30d9140] nal_unit_type: 1(Coded slice of a non-IDR picture), nal_ref_idc: 1
[h264 @ 0x563df30d9140] ct_type:0 pic_struct:0
[NULL @ 0x563df2dc7240] ct_type:0 pic_struct:0
[h264 @ 0x563df3152e80] nal_unit_type: 9(AUD), nal_ref_idc: 0
[h264 @ 0x563df3152e80] nal_unit_type: 6(SEI), nal_ref_idc: 0
[h264 @ 0x563df3152e80] nal_unit_type: 1(Coded slice of a non-IDR picture), nal_ref_idc: 0
[h264 @ 0x563df3152e80] nal_unit_type: 1(Coded slice of a non-IDR picture), nal_ref_idc: 0
[h264 @ 0x563df3152e80] nal_unit_type: 1(Coded slice of a non-IDR picture), nal_ref_idc: 0
[h264 @ 0x563df3152e80] nal_unit_type: 1(Coded slice of a non-IDR picture), nal_ref_idc: 0
[h264 @ 0x563df3152e80] ct_type:0 pic_struct:0
[NULL @ 0x563df2dc7240] ct_type:0 pic_struct:0
[NULL @ 0x563df2dc7240] ct_type:0 pic_struct:0
[h264 @ 0x563df325ee80] nal_unit_type: 9(AUD), nal_ref_idc: 0
[h264 @ 0x563df325ee80] nal_unit_type: 6(SEI), nal_ref_idc: 0
[h264 @ 0x563df325ee80] nal_unit_type: 1(Coded slice of a non-IDR picture), nal_ref_idc: 0
[h264 @ 0x563df325ee80] nal_unit_type: 1(Coded slice of a non-IDR picture), nal_ref_idc: 0
[h264 @ 0x563df325ee80] nal_unit_type: 1(Coded slice of a non-IDR picture), nal_ref_idc: 0
[h264 @ 0x563df325ee80] nal_unit_type: 1(Coded slice of a non-IDR picture), nal_ref_idc: 0
[h264 @ 0x563df325ee80] ct_type:0 pic_struct:0
[h264 @ 0x563df315c300] nal_unit_type: 9(AUD), nal_ref_idc: 0
[h264 @ 0x563df315c300] nal_unit_type: 6(SEI), nal_ref_idc: 0
[h264 @ 0x563df315c300] nal_unit_type: 1(Coded slice of a non-IDR picture), nal_ref_idc: 1
[h264 @ 0x563df315c300] nal_unit_type: 1(Coded slice of a non-IDR picture), nal_ref_idc: 1
[h264 @ 0x563df315c300] nal_unit_type: 1(Coded slice of a non-IDR picture), nal_ref_idc: 1
[h264 @ 0x563df315c300] nal_unit_type: 1(Coded slice of a non-IDR picture), nal_ref_idc: 1
[h264 @ 0x563df315c300] ct_type:0 pic_struct:0
[NULL @ 0x563df2dc7240] ct_type:0 pic_struct:0
[h264 @ 0x563df2dd2c80] nal_unit_type: 9(AUD), nal_ref_idc: 0
[h264 @ 0x563df2dd2c80] nal_unit_type: 6(SEI), nal_ref_idc: 0
[h264 @ 0x563df2dd2c80] nal_unit_type: 1(Coded slice of a non-IDR picture), nal_ref_idc: 0
[h264 @ 0x563df2dd2c80] nal_unit_type: 1(Coded slice of a non-IDR picture), nal_ref_idc: 0
[h264 @ 0x563df2dd2c80] nal_unit_type: 1(Coded slice of a non-IDR picture), nal_ref_idc: 0
[h264 @ 0x563df2dd2c80] nal_unit_type: 1(Coded slice of a non-IDR picture), nal_ref_idc: 0
[h264 @ 0x563df2dd2c80] ct_type:0 pic_struct:0
[NULL @ 0x563df2dc7240] ct_type:0 pic_struct:0
[NULL @ 0x563df2dc7240] ct_type:0 pic_struct:0
[NULL @ 0x563df2dc7240] ct_type:0 pic_struct:0
[h264 @ 0x563df30d9140] nal_unit_type: 9(AUD), nal_ref_idc: 0
[h264 @ 0x563df30d9140] nal_unit_type: 6(SEI), nal_ref_idc: 0
[h264 @ 0x563df30d9140] nal_unit_type: 1(Coded slice of a non-IDR picture), nal_ref_idc: 0
[h264 @ 0x563df30d9140] nal_unit_type: 1(Coded slice of a non-IDR picture), nal_ref_idc: 0
[h264 @ 0x563df30d9140] nal_unit_type: 1(Coded slice of a non-IDR picture), nal_ref_idc: 0
[h264 @ 0x563df30d9140] nal_unit_type: 1(Coded slice of a non-IDR picture), nal_ref_idc: 0
[h264 @ 0x563df30d9140] ct_type:0 pic_struct:0
[h264 @ 0x563df3152e80] nal_unit_type: 9(AUD), nal_ref_idc: 0
[h264 @ 0x563df3152e80] nal_unit_type: 6(SEI), nal_ref_idc: 0
[h264 @ 0x563df3152e80] nal_unit_type: 1(Coded slice of a non-IDR picture), nal_ref_idc: 1
[h264 @ 0x563df3152e80] nal_unit_type: 1(Coded slice of a non-IDR picture), nal_ref_idc: 1
[h264 @ 0x563df3152e80] nal_unit_type: 1(Coded slice of a non-IDR picture), nal_ref_idc: 1
[h264 @ 0x563df3152e80] nal_unit_type: 1(Coded slice of a non-IDR picture), nal_ref_idc: 1
[h264 @ 0x563df3152e80] ct_type:0 pic_struct:0
[h264 @ 0x563df325ee80] nal_unit_type: 9(AUD), nal_ref_idc: 0
[h264 @ 0x563df325ee80] nal_unit_type: 6(SEI), nal_ref_idc: 0
[h264 @ 0x563df325ee80] nal_unit_type: 1(Coded slice of a non-IDR picture), nal_ref_idc: 0
[h264 @ 0x563df325ee80] nal_unit_type: 1(Coded slice of a non-IDR picture), nal_ref_idc: 0
[h264 @ 0x563df325ee80] nal_unit_type: 1(Coded slice of a non-IDR picture), nal_ref_idc: 0
[h264 @ 0x563df325ee80] nal_unit_type: 1(Coded slice of a non-IDR picture), nal_ref_idc: 0
[h264 @ 0x563df325ee80] ct_type:0 pic_struct:0
[NULL @ 0x563df2dc7240] ct_type:0 pic_struct:0
[h264 @ 0x563df315c300] nal_unit_type: 9(AUD), nal_ref_idc: 0
[h264 @ 0x563df315c300] nal_unit_type: 6(SEI), nal_ref_idc: 0
[h264 @ 0x563df315c300] nal_unit_type: 1(Coded slice of a non-IDR picture), nal_ref_idc: 0
[h264 @ 0x563df315c300] nal_unit_type: 1(Coded slice of a non-IDR picture), nal_ref_idc: 0
[h264 @ 0x563df315c300] nal_unit_type: 1(Coded slice of a non-IDR picture), nal_ref_idc: 0
[h264 @ 0x563df315c300] nal_unit_type: 1(Coded slice of a non-IDR picture), nal_ref_idc: 0
[h264 @ 0x563df315c300] ct_type:0 pic_struct:0
[NULL @ 0x563df2dc7240] ct_type:0 pic_struct:0
[NULL @ 0x563df2dc7240] ct_type:0 pic_struct:0
[h264 @ 0x563df2dd2c80] nal_unit_type: 9(AUD), nal_ref_idc: 0
[h264 @ 0x563df2dd2c80] nal_unit_type: 6(SEI), nal_ref_idc: 0
[h264 @ 0x563df2dd2c80] nal_unit_type: 1(Coded slice of a non-IDR picture), nal_ref_idc: 1
[h264 @ 0x563df2dd2c80] nal_unit_type: 1(Coded slice of a non-IDR picture), nal_ref_idc: 1
[h264 @ 0x563df2dd2c80] nal_unit_type: 1(Coded slice of a non-IDR picture), nal_ref_idc: 1
[h264 @ 0x563df2dd2c80] nal_unit_type: 1(Coded slice of a non-IDR picture), nal_ref_idc: 1
[h264 @ 0x563df2dd2c80] ct_type:0 pic_struct:0
[h264 @ 0x563df30d9140] nal_unit_type: 9(AUD), nal_ref_idc: 0
[h264 @ 0x563df30d9140] nal_unit_type: 6(SEI), nal_ref_idc: 0
[h264 @ 0x563df30d9140] nal_unit_type: 1(Coded slice of a non-IDR picture), nal_ref_idc: 0
[h264 @ 0x563df30d9140] nal_unit_type: 1(Coded slice of a non-IDR picture), nal_ref_idc: 0
[h264 @ 0x563df30d9140] nal_unit_type: 1(Coded slice of a non-IDR picture), nal_ref_idc: 0
[h264 @ 0x563df30d9140] nal_unit_type: 1(Coded slice of a non-IDR picture), nal_ref_idc: 0
[h264 @ 0x563df30d9140] ct_type:0 pic_struct:0
[NULL @ 0x563df2dc7240] ct_type:0 pic_struct:0
[h264 @ 0x563df3152e80] nal_unit_type: 9(AUD), nal_ref_idc: 0
[h264 @ 0x563df3152e80] nal_unit_type: 6(SEI), nal_ref_idc: 0
[h264 @ 0x563df3152e80] nal_unit_type: 1(Coded slice of a non-IDR picture), nal_ref_idc: 0
[h264 @ 0x563df3152e80] nal_unit_type: 1(Coded slice of a non-IDR picture), nal_ref_idc: 0
[h264 @ 0x563df3152e80] nal_unit_type: 1(Coded slice of a non-IDR picture), nal_ref_idc: 0
[h264 @ 0x563df3152e80] nal_unit_type: 1(Coded slice of a non-IDR picture), nal_ref_idc: 0
[h264 @ 0x563df3152e80] ct_type:0 pic_struct:0
[NULL @ 0x563df2dc7240] ct_type:0 pic_struct:0
[NULL @ 0x563df2dc7240] ct_type:0 pic_struct:0
[h264 @ 0x563df325ee80] nal_unit_type: 9(AUD), nal_ref_idc: 0
[h264 @ 0x563df325ee80] nal_unit_type: 6(SEI), nal_ref_idc: 0
[h264 @ 0x563df325ee80] nal_unit_type: 1(Coded slice of a non-IDR picture), nal_ref_idc: 1
[h264 @ 0x563df325ee80] nal_unit_type: 1(Coded slice of a non-IDR picture), nal_ref_idc: 1
[h264 @ 0x563df325ee80] nal_unit_type: 1(Coded slice of a non-IDR picture), nal_ref_idc: 1
[h264 @ 0x563df325ee80] nal_unit_type: 1(Coded slice of a non-IDR picture), nal_ref_idc: 1
[h264 @ 0x563df325ee80] ct_type:0 pic_struct:0
[h264 @ 0x563df315c300] nal_unit_type: 9(AUD), nal_ref_idc: 0
[h264 @ 0x563df315c300] nal_unit_type: 6(SEI), nal_ref_idc: 0
[h264 @ 0x563df315c300] nal_unit_type: 1(Coded slice of a non-IDR picture), nal_ref_idc: 0
[h264 @ 0x563df315c300] nal_unit_type: 1(Coded slice of a non-IDR picture), nal_ref_idc: 0
[h264 @ 0x563df315c300] nal_unit_type: 1(Coded slice of a non-IDR picture), nal_ref_idc: 0
[h264 @ 0x563df315c300] nal_unit_type: 1(Coded slice of a non-IDR picture), nal_ref_idc: 0
[h264 @ 0x563df315c300] ct_type:0 pic_struct:0
[NULL @ 0x563df2dc7240] ct_type:0 pic_struct:0
[NULL @ 0x563df2dc7240] ct_type:0 pic_struct:0
[h264 @ 0x563df2dd2c80] nal_unit_type: 9(AUD), nal_ref_idc: 0
[h264 @ 0x563df2dd2c80] nal_unit_type: 6(SEI), nal_ref_idc: 0
[h264 @ 0x563df2dd2c80] nal_unit_type: 1(Coded slice of a non-IDR picture), nal_ref_idc: 0
[h264 @ 0x563df2dd2c80] nal_unit_type: 1(Coded slice of a non-IDR picture), nal_ref_idc: 0
[h264 @ 0x563df2dd2c80] nal_unit_type: 1(Coded slice of a non-IDR picture), nal_ref_idc: 0
[h264 @ 0x563df2dd2c80] nal_unit_type: 1(Coded slice of a non-IDR picture), nal_ref_idc: 0
[h264 @ 0x563df2dd2c80] ct_type:0 pic_struct:0
[h264 @ 0x563df30d9140] nal_unit_type: 9(AUD), nal_ref_idc: 0
[h264 @ 0x563df30d9140] nal_unit_type: 6(SEI), nal_ref_idc: 0
[h264 @ 0x563df30d9140] nal_unit_type: 1(Coded slice of a non-IDR picture), nal_ref_idc: 1
[h264 @ 0x563df30d9140] nal_unit_type: 1(Coded slice of a non-IDR picture), nal_ref_idc: 1
[h264 @ 0x563df30d9140] nal_unit_type: 1(Coded slice of a non-IDR picture), nal_ref_idc: 1
[h264 @ 0x563df30d9140] nal_unit_type: 1(Coded slice of a non-IDR picture), nal_ref_idc: 1
[h264 @ 0x563df30d9140] ct_type:0 pic_struct:0
[NULL @ 0x563df2dc7240] ct_type:0 pic_struct:0
[h264 @ 0x563df3152e80] nal_unit_type: 9(AUD), nal_ref_idc: 0
[h264 @ 0x563df3152e80] nal_unit_type: 6(SEI), nal_ref_idc: 0
[h264 @ 0x563df3152e80] nal_unit_type: 1(Coded slice of a non-IDR picture), nal_ref_idc: 0
[h264 @ 0x563df3152e80] nal_unit_type: 1(Coded slice of a non-IDR picture), nal_ref_idc: 0
[h264 @ 0x563df3152e80] nal_unit_type: 1(Coded slice of a non-IDR picture), nal_ref_idc: 0
[h264 @ 0x563df3152e80] nal_unit_type: 1(Coded slice of a non-IDR picture), nal_ref_idc: 0
[h264 @ 0x563df3152e80] ct_type:0 pic_struct:0
[NULL @ 0x563df2dc7240] ct_type:0 pic_struct:0
[NULL @ 0x563df2dc7240] ct_type:0 pic_struct:0
[h264 @ 0x563df325ee80] nal_unit_type: 9(AUD), nal_ref_idc: 0
[h264 @ 0x563df325ee80] nal_unit_type: 6(SEI), nal_ref_idc: 0
[h264 @ 0x563df325ee80] nal_unit_type: 1(Coded slice of a non-IDR picture), nal_ref_idc: 0
[h264 @ 0x563df325ee80] nal_unit_type: 1(Coded slice of a non-IDR picture), nal_ref_idc: 0
[h264 @ 0x563df325ee80] nal_unit_type: 1(Coded slice of a non-IDR picture), nal_ref_idc: 0
[h264 @ 0x563df325ee80] nal_unit_type: 1(Coded slice of a non-IDR picture), nal_ref_idc: 0
[h264 @ 0x563df325ee80] ct_type:0 pic_struct:0
[h264 @ 0x563df315c300] nal_unit_type: 9(AUD), nal_ref_idc: 0
[h264 @ 0x563df315c300] nal_unit_type: 6(SEI), nal_ref_idc: 0
[h264 @ 0x563df315c300] nal_unit_type: 1(Coded slice of a non-IDR picture), nal_ref_idc: 1
[h264 @ 0x563df315c300] nal_unit_type: 1(Coded slice of a non-IDR picture), nal_ref_idc: 1
[h264 @ 0x563df315c300] nal_unit_type: 1(Coded slice of a non-IDR picture), nal_ref_idc: 1
[h264 @ 0x563df315c300] nal_unit_type: 1(Coded slice of a non-IDR picture), nal_ref_idc: 1
[h264 @ 0x563df315c300] ct_type:0 pic_struct:0
[NULL @ 0x563df2dc7240] ct_type:0 pic_struct:0
[h264 @ 0x563df2dd2c80] nal_unit_type: 9(AUD), nal_ref_idc: 0
[h264 @ 0x563df2dd2c80] nal_unit_type: 6(SEI), nal_ref_idc: 0
[h264 @ 0x563df2dd2c80] nal_unit_type: 1(Coded slice of a non-IDR picture), nal_ref_idc: 0
[h264 @ 0x563df2dd2c80] nal_unit_type: 1(Coded slice of a non-IDR picture), nal_ref_idc: 0
[h264 @ 0x563df2dd2c80] nal_unit_type: 1(Coded slice of a non-IDR picture), nal_ref_idc: 0
[h264 @ 0x563df2dd2c80] nal_unit_type: 1(Coded slice of a non-IDR picture), nal_ref_idc: 0
[h264 @ 0x563df2dd2c80] ct_type:0 pic_struct:0
[NULL @ 0x563df2dc7240] ct_type:0 pic_struct:0
[NULL @ 0x563df2dc7240] ct_type:0 pic_struct:0
[h264 @ 0x563df30d9140] nal_unit_type: 9(AUD), nal_ref_idc: 0
[h264 @ 0x563df30d9140] nal_unit_type: 6(SEI), nal_ref_idc: 0
[h264 @ 0x563df30d9140] nal_unit_type: 1(Coded slice of a non-IDR picture), nal_ref_idc: 0
[h264 @ 0x563df30d9140] nal_unit_type: 1(Coded slice of a non-IDR picture), nal_ref_idc: 0
[h264 @ 0x563df30d9140] nal_unit_type: 1(Coded slice of a non-IDR picture), nal_ref_idc: 0
[h264 @ 0x563df30d9140] nal_unit_type: 1(Coded slice of a non-IDR picture), nal_ref_idc: 0
[h264 @ 0x563df30d9140] ct_type:0 pic_struct:0
[NULL @ 0x563df2dc7240] ct_type:0 pic_struct:0
[h264 @ 0x563df3152e80] nal_unit_type: 9(AUD), nal_ref_idc: 0
[h264 @ 0x563df3152e80] nal_unit_type: 6(SEI), nal_ref_idc: 0
[h264 @ 0x563df3152e80] nal_unit_type: 1(Coded slice of a non-IDR picture), nal_ref_idc: 1
[h264 @ 0x563df3152e80] nal_unit_type: 1(Coded slice of a non-IDR picture), nal_ref_idc: 1
[h264 @ 0x563df3152e80] nal_unit_type: 1(Coded slice of a non-IDR picture), nal_ref_idc: 1
[h264 @ 0x563df3152e80] nal_unit_type: 1(Coded slice of a non-IDR picture), nal_ref_idc: 1
[h264 @ 0x563df3152e80] ct_type:0 pic_struct:0
[h264 @ 0x563df325ee80] nal_unit_type: 9(AUD), nal_ref_idc: 0
[h264 @ 0x563df325ee80] nal_unit_type: 6(SEI), nal_ref_idc: 0
[h264 @ 0x563df325ee80] nal_unit_type: 1(Coded slice of a non-IDR picture), nal_ref_idc: 0
[h264 @ 0x563df325ee80] nal_unit_type: 1(Coded slice of a non-IDR picture), nal_ref_idc: 0
[h264 @ 0x563df325ee80] nal_unit_type: 1(Coded slice of a non-IDR picture), nal_ref_idc: 0
[h264 @ 0x563df325ee80] nal_unit_type: 1(Coded slice of a non-IDR picture), nal_ref_idc: 0
[h264 @ 0x563df325ee80] ct_type:0 pic_struct:0
[NULL @ 0x563df2dc7240] ct_type:0 pic_struct:0
[h264 @ 0x563df315c300] nal_unit_type: 9(AUD), nal_ref_idc: 0
[h264 @ 0x563df315c300] nal_unit_type: 6(SEI), nal_ref_idc: 0
[h264 @ 0x563df315c300] nal_unit_type: 1(Coded slice of a non-IDR picture), nal_ref_idc: 0
[h264 @ 0x563df315c300] nal_unit_type: 1(Coded slice of a non-IDR picture), nal_ref_idc: 0
[h264 @ 0x563df315c300] nal_unit_type: 1(Coded slice of a non-IDR picture), nal_ref_idc: 0
[h264 @ 0x563df315c300] nal_unit_type: 1(Coded slice of a non-IDR picture), nal_ref_idc: 0
[h264 @ 0x563df315c300] ct_type:0 pic_struct:0
[NULL @ 0x563df2dc7240] ct_type:0 pic_struct:0
[out_0_1 @ 0x563df31aec40] EOF on sink link out_0_1:default.
No more output streams to write to, finishing.
[vist#0:0/h264 @ 0x563df30d0880] Decoder thread received EOF packet
[h264 @ 0x563df2dd2c80] nal_unit_type: 9(AUD), nal_ref_idc: 0
[h264 @ 0x563df2dd2c80] nal_unit_type: 6(SEI), nal_ref_idc: 0
[h264 @ 0x563df2dd2c80] nal_unit_type: 1(Coded slice of a non-IDR picture), nal_ref_idc: 1
[h264 @ 0x563df2dd2c80] nal_unit_type: 1(Coded slice of a non-IDR picture), nal_ref_idc: 1
[h264 @ 0x563df2dd2c80] nal_unit_type: 1(Coded slice of a non-IDR picture), nal_ref_idc: 1
[h264 @ 0x563df2dd2c80] nal_unit_type: 1(Coded slice of a non-IDR picture), nal_ref_idc: 1
[h264 @ 0x563df2dd2c80] ct_type:0 pic_struct:0
[vist#0:0/h264 @ 0x563df30d0880] Decoder returned EOF, finishing
[vist#0:0/h264 @ 0x563df30d0880] Terminating decoder thread
[aist#0:1/aac @ 0x563df30cfd40] Decoder thread received EOF packet
[aist#0:1/aac @ 0x563df30cfd40] Decoder returned EOF, finishing
[aist#0:1/aac @ 0x563df30cfd40] Terminating decoder thread
[out#0/null @ 0x563df3130580] All streams finished
[out#0/null @ 0x563df3130580] Terminating muxer thread
[out#0/null @ 0x563df3130580] Output file #0 (pipe:):
[out#0/null @ 0x563df3130580]   Output stream #0:0 (video): 173 frames encoded; 173 packets muxed (83040 bytes); 
[out#0/null @ 0x563df3130580]   Output stream #0:1 (audio): 329 frames encoded (336000 samples); 329 packets muxed (1344000 bytes); 
[out#0/null @ 0x563df3130580]   Total: 502 packets (1427040 bytes) muxed
[out#0/null @ 0x563df3130580] video:81kB audio:1312kB subtitle:0kB other streams:0kB global headers:0kB muxing overhead: unknown
frame=  173 fps=0.0 q=-0.0 Lsize=N/A time=00:00:06.99 bitrate=N/A speed=9.08x    
[in#0/hls @ 0x563df2441d80] Terminating demuxer thread
[in#0/hls @ 0x563df2441d80] Input file #0 (https://raw.githubusercontent.com/thomraider12/canaistvpt/main/m3u8s/tvireality.m3u8):
[in#0/hls @ 0x563df2441d80]   Input stream #0:0 (video): 179 packets read (1886499 bytes); 179 frames decoded; 0 decode errors; 
[in#0/hls @ 0x563df2441d80]   Input stream #0:1 (audio): 338 packets read (115375 bytes); 336 frames decoded; 0 decode errors (344064 samples); 
[in#0/hls @ 0x563df2441d80]   Total: 517 packets (2001874 bytes) demuxed
[AVIOContext @ 0x563df2dbaec0] Statistics: 2097152 bytes read, 0 seeks
[AVIOContext @ 0x563df30d0500] Statistics: 0 bytes read, 0 seeks
[AVIOContext @ 0x563df2a93d40] Statistics: 1836 bytes read, 0 seeks
[AVIOContext @ 0x563df24575c0] Statistics: 406 bytes read, 0 seeks
